order_id,customer_id,city,order_datetime,payment_method,order_status,order_date
ORD00661,CUST0913,Lucknow,12:21.0,Credit Card,Delivered,14-10-2025
ORD01779,CUST0044,Delhi,02:17.6,Cash on Delivery,Cancelled,14-07-2025
ORD00015,CUST0739,Ahmedabad,04:31.8,Nykaa Wallet,Delivered,16-05-2025
ORD02213,CUST0195,Hyderabad,05:09.3,UPI,Delivered,30-08-2025
ORD02989,CUST0833,Ahmedabad,16:26.2,Nykaa Wallet,Delivered,19-03-2026
ORD04634,CUST0758,Mumbai,28:24.8,Nykaa Wallet,Delivered,22-12-2025
ORD04603,CUST0997,Kolkata,28:55.7,Credit Card,Delivered,22-09-2025
ORD00124,CUST0055,Hyderabad,23:48.2,Nykaa Wallet,Delivered,27-11-2025
ORD00836,CUST0518,Pune,25:42.2,Credit Card,Delivered,10-01-2026
ORD03109,CUST0516,Jaipur,01:53.2,Cash on Delivery,Delivered,29-08-2025
ORD01834,CUST0103,Delhi,20:31.9,Cash on Delivery,Returned,07-02-2026
ORD02153,CUST0674,Chennai,23:50.4,Credit Card,Delivered,07-08-2025
ORD01570,CUST0349,Ahmedabad,49:25.4,Debit Card,Delivered,11-11-2025
ORD04346,CUST0784,Hyderabad,56:03.6,Debit Card,Delivered,01-01-2026
ORD00894,CUST0723,Mumbai,10:53.3,Nykaa Wallet,Returned,02-12-2025
ORD01029,CUST0462,Bangalore,55:27.9,Credit Card,Delivered,26-07-2025
ORD01050,CUST0880,Bangalore,04:21.1,Cash on Delivery,Returned,11-01-2026
ORD03004,CUST0731,Delhi,03:39.4,Cash on Delivery,Delivered,05-04-2025
ORD04944,CUST0946,Mumbai,15:40.5,Cash on Delivery,Returned,05-12-2025
ORD03678,CUST0551,Jaipur,01:23.8,Nykaa Wallet,Delivered,19-05-2025
ORD01538,CUST0104,Pune,48:12.6,Cash on Delivery,Delivered,17-03-2026
ORD00006,CUST0052,Jaipur,02:29.8,Debit Card,Delivered,21-06-2025
ORD04832,CUST0021,Mumbai,08:53.1,UPI,Delivered,30-05-2025
ORD03420,CUST0669,Ahmedabad,04:25.9,Nykaa Wallet,Delivered,26-11-2025
ORD01658,CUST0610,Bangalore,56:29.1,Debit Card,Cancelled,10-04-2025
ORD01254,CUST0946,Mumbai,09:11.7,EMI,Delivered,27-09-2025
ORD03592,CUST0917,Delhi,43:57.2,Nykaa Wallet,Delivered,30-06-2025
ORD02316,CUST0198,Hyderabad,11:01.9,UPI,Delivered,07-05-2025
ORD02262,CUST0381,Hyderabad,34:57.6,Cash on Delivery,Delivered,05-02-2026
ORD04333,CUST0572,Delhi,33:51.5,Debit Card,Returned,25-02-2026
ORD02275,CUST0742,Ahmedabad,41:29.6,Credit Card,Delivered,27-11-2025
ORD04552,CUST0732,Kolkata,47:32.1,UPI,Returned,20-11-2025
ORD03339,CUST0029,Ahmedabad,43:50.6,Cash on Delivery,Cancelled,28-06-2025
ORD02699,CUST0436,Chennai,20:58.8,Debit Card,Delivered,28-05-2025
ORD04594,CUST0064,Bangalore,14:01.7,EMI,Delivered,19-04-2025
ORD00242,CUST0034,Pune,43:42.0,Cash on Delivery,Delivered,08-07-2025
ORD02756,CUST0814,Chennai,52:44.8,Cash on Delivery,Delivered,28-11-2025
ORD03326,CUST0166,Hyderabad,17:59.5,EMI,Cancelled,26-12-2025
ORD04553,CUST0623,Delhi,03:52.3,Debit Card,Delivered,08-01-2026
ORD01822,CUST0602,Bangalore,34:02.2,EMI,Delivered,01-01-2026
ORD03025,CUST0298,Pune,23:00.9,Cash on Delivery,Delivered,30-10-2025
ORD04972,CUST0708,Lucknow,47:30.4,Cash on Delivery,Delivered,05-04-2025
ORD02115,CUST0461,Bangalore,18:58.9,UPI,Delivered,18-06-2025
ORD03610,CUST0536,Kolkata,34:25.0,Nykaa Wallet,Returned,28-03-2026
ORD02436,CUST0839,Kolkata,34:45.2,Cash on Delivery,Delivered,19-12-2025
ORD04805,CUST0732,Kolkata,46:18.1,UPI,Delivered,16-08-2025
ORD04251,CUST0612,Chennai,51:49.6,EMI,Cancelled,12-01-2026
ORD04410,CUST0584,Kolkata,44:21.3,Nykaa Wallet,Delivered,28-03-2026
ORD00782,CUST0708,Lucknow,04:13.8,UPI,Cancelled,10-03-2026
ORD04280,CUST0010,Lucknow,06:27.8,EMI,Returned,03-07-2025
ORD03890,CUST0734,Ahmedabad,15:53.2,Debit Card,Delivered,11-01-2026
ORD04781,CUST0350,Pune,07:37.6,EMI,Delivered,02-06-2025
ORD00746,CUST0233,Ahmedabad,46:34.6,Credit Card,Delivered,02-03-2026
ORD04806,CUST0149,Ahmedabad,18:27.3,Credit Card,Delivered,06-12-2025
ORD00930,CUST0781,Bangalore,18:28.5,Credit Card,Delivered,08-05-2025
ORD03720,CUST0405,Mumbai,34:00.9,Cash on Delivery,Delivered,20-04-2025
ORD00678,CUST0320,Chennai,06:57.3,Credit Card,Delivered,08-07-2025
ORD00530,CUST0043,Chennai,26:18.8,Nykaa Wallet,Delivered,20-01-2026
ORD00118,CUST0023,Jaipur,35:43.2,Nykaa Wallet,Delivered,11-12-2025
ORD04222,CUST0457,Ahmedabad,24:19.0,Credit Card,Delivered,12-03-2026
ORD01517,CUST0147,Lucknow,35:17.0,Cash on Delivery,Delivered,26-06-2025
ORD03270,CUST0454,Ahmedabad,13:40.2,Credit Card,Delivered,18-03-2026
ORD00994,CUST0159,Pune,02:31.0,UPI,Cancelled,10-10-2025
ORD03944,CUST0994,Ahmedabad,09:40.1,EMI,Delivered,25-05-2025
ORD03063,CUST0221,Bangalore,19:16.1,UPI,Delivered,25-10-2025
ORD01961,CUST0291,Mumbai,45:59.7,Debit Card,Delivered,18-02-2026
ORD01502,CUST0916,Hyderabad,53:20.3,Credit Card,Delivered,03-02-2026
ORD04169,CUST0378,Jaipur,11:40.6,Debit Card,Delivered,06-11-2025
ORD00312,CUST0912,Ahmedabad,21:38.9,Nykaa Wallet,Delivered,18-07-2025
ORD02340,CUST0643,Chennai,02:41.0,Credit Card,Returned,13-02-2026
ORD03129,CUST0243,Lucknow,40:54.0,Credit Card,Delivered,02-02-2026
ORD04484,CUST0417,Kolkata,37:29.9,Nykaa Wallet,Delivered,20-09-2025
ORD03280,CUST0017,Mumbai,02:13.0,Debit Card,Delivered,08-01-2026
ORD00516,CUST0406,Delhi,09:04.7,Nykaa Wallet,Delivered,04-07-2025
ORD01887,CUST0216,Pune,35:15.4,Credit Card,Delivered,29-05-2025
ORD00925,CUST0735,Chennai,52:10.5,EMI,Delivered,13-07-2025
ORD01427,CUST0858,Mumbai,53:30.1,Debit Card,Delivered,24-02-2026
ORD00789,CUST0184,Lucknow,15:10.2,UPI,Delivered,28-05-2025
ORD03764,CUST0555,Mumbai,22:22.9,Nykaa Wallet,Delivered,13-04-2025
ORD03469,CUST0691,Jaipur,52:25.7,EMI,Delivered,10-06-2025
ORD03786,CUST0220,Mumbai,55:38.1,Debit Card,Delivered,14-02-2026
ORD03295,CUST0829,Bangalore,38:32.4,Credit Card,Delivered,16-11-2025
ORD02939,CUST0383,Kolkata,03:55.1,Debit Card,Returned,29-04-2025
ORD02774,CUST0937,Kolkata,22:18.3,Debit Card,Delivered,20-02-2026
ORD03773,CUST0379,Chennai,22:40.9,Nykaa Wallet,Cancelled,23-09-2025
ORD00915,CUST0012,Ahmedabad,14:41.9,EMI,Delivered,22-07-2025
ORD02574,CUST0744,Lucknow,07:50.6,Nykaa Wallet,Cancelled,19-07-2025
ORD02349,CUST0162,Jaipur,50:40.5,Cash on Delivery,Delivered,30-12-2025
ORD04605,CUST0720,Bangalore,22:12.3,UPI,Cancelled,04-08-2025
ORD02258,CUST0218,Mumbai,58:19.6,Debit Card,Delivered,10-07-2025
ORD04061,CUST0582,Ahmedabad,28:27.7,UPI,Delivered,11-07-2025
ORD04270,CUST0983,Delhi,02:25.9,UPI,Delivered,07-04-2025
ORD04366,CUST0712,Ahmedabad,53:30.2,UPI,Returned,13-12-2025
ORD01932,CUST0122,Jaipur,43:41.6,UPI,Returned,09-01-2026
ORD00092,CUST0366,Kolkata,04:52.3,Nykaa Wallet,Delivered,22-04-2025
ORD01227,CUST0063,Delhi,45:06.1,Debit Card,Delivered,18-09-2025
ORD01394,CUST0723,Mumbai,46:17.8,Debit Card,Cancelled,28-12-2025
ORD02483,CUST0719,Ahmedabad,30:54.7,Debit Card,Delivered,16-06-2025
ORD01645,CUST0196,Kolkata,54:59.0,UPI,Delivered,21-03-2026
ORD03907,CUST0556,Hyderabad,04:16.5,Debit Card,Delivered,27-04-2025
ORD01567,CUST0984,Hyderabad,30:00.8,UPI,Delivered,30-01-2026
ORD02846,CUST0785,Mumbai,55:01.1,EMI,Delivered,06-11-2025
ORD00996,CUST0780,Kolkata,04:49.0,UPI,Delivered,05-11-2025
ORD01791,CUST0716,Mumbai,51:03.2,Credit Card,Delivered,09-05-2025
ORD03101,CUST0732,Kolkata,39:47.6,EMI,Delivered,07-04-2025
ORD01631,CUST0166,Hyderabad,43:11.1,EMI,Delivered,20-01-2026
ORD00541,CUST0051,Delhi,33:50.9,UPI,Delivered,28-01-2026
ORD00758,CUST0204,Delhi,14:28.0,Debit Card,Delivered,15-05-2025
ORD00487,CUST0386,Ahmedabad,16:54.6,Nykaa Wallet,Delivered,18-12-2025
ORD04655,CUST0913,Lucknow,50:01.6,Nykaa Wallet,Delivered,16-10-2025
ORD04949,CUST0048,Jaipur,01:58.1,Cash on Delivery,Delivered,29-03-2026
ORD04312,CUST0351,Kolkata,02:58.9,UPI,Delivered,29-01-2026
ORD00980,CUST0148,Ahmedabad,12:59.4,UPI,Delivered,02-01-2026
ORD03127,CUST0548,Pune,52:11.5,Debit Card,Delivered,31-10-2025
ORD03273,CUST0821,Delhi,07:04.6,UPI,Delivered,04-09-2025
ORD04931,CUST0245,Delhi,17:54.8,Nykaa Wallet,Delivered,02-07-2025
ORD04767,CUST0354,Lucknow,47:34.8,Credit Card,Delivered,30-08-2025
ORD02143,CUST0457,Ahmedabad,40:56.0,Credit Card,Delivered,30-11-2025
ORD00324,CUST0297,Bangalore,31:41.9,Nykaa Wallet,Delivered,22-05-2025
ORD01340,CUST0035,Mumbai,08:57.2,Nykaa Wallet,Delivered,24-10-2025
ORD01095,CUST0551,Jaipur,38:22.3,Cash on Delivery,Delivered,28-01-2026
ORD00722,CUST0973,Hyderabad,43:23.1,Cash on Delivery,Delivered,09-07-2025
ORD02902,CUST0265,Jaipur,57:46.0,EMI,Delivered,07-12-2025
ORD04191,CUST0904,Ahmedabad,05:43.4,EMI,Delivered,28-02-2026
ORD03744,CUST0443,Delhi,24:54.6,Credit Card,Delivered,14-01-2026
ORD02121,CUST0475,Chennai,14:43.1,UPI,Cancelled,06-05-2025
ORD04761,CUST0875,Kolkata,31:39.5,Cash on Delivery,Delivered,26-01-2026
ORD01218,CUST0375,Delhi,59:54.7,Debit Card,Delivered,24-02-2026
ORD01904,CUST0942,Lucknow,43:06.3,UPI,Delivered,05-08-2025
ORD01228,CUST0511,Lucknow,45:46.4,Nykaa Wallet,Delivered,14-12-2025
ORD03180,CUST0695,Lucknow,21:44.2,Credit Card,Delivered,26-09-2025
ORD03030,CUST0853,Delhi,07:21.7,Nykaa Wallet,Delivered,19-06-2025
ORD03081,CUST0612,Chennai,26:38.1,Cash on Delivery,Delivered,28-08-2025
ORD00649,CUST0457,Ahmedabad,07:05.1,Cash on Delivery,Delivered,25-11-2025
ORD04481,CUST0847,Chennai,37:18.3,Credit Card,Delivered,28-04-2025
ORD02629,CUST0792,Pune,12:56.4,Nykaa Wallet,Delivered,01-12-2025
ORD00106,CUST0458,Delhi,15:16.9,Cash on Delivery,Delivered,29-09-2025
ORD04800,CUST0079,Chennai,45:02.5,Nykaa Wallet,Cancelled,30-12-2025
ORD00477,CUST0246,Bangalore,31:20.9,Credit Card,Delivered,21-05-2025
ORD03731,CUST0267,Hyderabad,11:10.2,Nykaa Wallet,Delivered,09-03-2026
ORD04675,CUST0165,Pune,56:04.4,Nykaa Wallet,Delivered,17-01-2026
ORD00041,CUST0951,Bangalore,06:36.9,UPI,Cancelled,24-09-2025
ORD00234,CUST0067,Mumbai,04:29.6,Nykaa Wallet,Cancelled,15-11-2025
ORD00570,CUST0655,Hyderabad,52:46.5,Nykaa Wallet,Delivered,14-05-2025
ORD04692,CUST0544,Mumbai,45:21.5,Nykaa Wallet,Cancelled,13-09-2025
ORD00807,CUST0199,Pune,23:09.4,Nykaa Wallet,Delivered,16-11-2025
ORD02890,CUST0711,Pune,48:50.0,Nykaa Wallet,Delivered,15-07-2025
ORD02101,CUST0986,Pune,29:05.3,EMI,Delivered,27-01-2026
ORD04369,CUST0480,Hyderabad,38:33.5,Nykaa Wallet,Delivered,28-02-2026
ORD03766,CUST0816,Hyderabad,45:26.3,Nykaa Wallet,Returned,03-06-2025
ORD00342,CUST0940,Bangalore,07:15.4,Nykaa Wallet,Delivered,05-11-2025
ORD01410,CUST0057,Pune,05:42.6,UPI,Delivered,06-07-2025
ORD02044,CUST0506,Bangalore,17:08.2,Credit Card,Delivered,27-11-2025
ORD00614,CUST0021,Mumbai,41:56.2,Nykaa Wallet,Delivered,24-06-2025
ORD03359,CUST0980,Ahmedabad,57:35.3,Credit Card,Delivered,20-05-2025
ORD00298,CUST0167,Delhi,02:43.3,Debit Card,Delivered,12-10-2025
ORD03707,CUST0311,Hyderabad,25:32.3,Credit Card,Delivered,24-04-2025
ORD03011,CUST0503,Jaipur,25:50.6,Cash on Delivery,Cancelled,15-05-2025
ORD01479,CUST0793,Bangalore,27:43.9,Credit Card,Cancelled,12-07-2025
ORD00604,CUST0276,Ahmedabad,14:24.6,Nykaa Wallet,Returned,22-10-2025
ORD00130,CUST0478,Ahmedabad,38:06.0,Cash on Delivery,Delivered,06-02-2026
ORD01062,CUST0784,Hyderabad,36:51.7,Cash on Delivery,Cancelled,26-01-2026
ORD04854,CUST0536,Kolkata,52:51.9,UPI,Delivered,01-09-2025
ORD01993,CUST0429,Jaipur,02:12.9,EMI,Cancelled,28-01-2026
ORD01459,CUST0386,Ahmedabad,57:09.3,EMI,Cancelled,22-12-2025
ORD03360,CUST0821,Delhi,33:05.7,Nykaa Wallet,Delivered,24-11-2025
ORD03697,CUST0640,Jaipur,57:23.7,Debit Card,Delivered,17-04-2025
ORD04184,CUST0060,Bangalore,09:55.0,Cash on Delivery,Delivered,27-08-2025
ORD02719,CUST0732,Kolkata,37:37.8,Credit Card,Delivered,26-06-2025
ORD02382,CUST0052,Jaipur,06:15.0,UPI,Delivered,22-12-2025
ORD02116,CUST0099,Pune,46:49.0,Nykaa Wallet,Delivered,08-10-2025
ORD04112,CUST0269,Kolkata,17:31.3,UPI,Delivered,01-12-2025
ORD00667,CUST0870,Kolkata,45:14.6,EMI,Delivered,17-06-2025
ORD01268,CUST0267,Hyderabad,57:08.9,Nykaa Wallet,Delivered,16-04-2025
ORD04638,CUST0746,Bangalore,22:48.1,UPI,Delivered,03-10-2025
ORD04265,CUST0708,Lucknow,43:53.5,UPI,Delivered,14-03-2026
ORD01317,CUST0317,Jaipur,43:57.7,Credit Card,Delivered,09-04-2025
ORD04624,CUST0803,Pune,02:34.7,Debit Card,Delivered,11-06-2025
ORD02070,CUST0817,Hyderabad,56:45.1,Debit Card,Delivered,18-04-2025
ORD00964,CUST0027,Chennai,19:39.8,Nykaa Wallet,Delivered,18-10-2025
ORD00666,CUST0432,Jaipur,53:37.0,Nykaa Wallet,Returned,25-02-2026
ORD01295,CUST0124,Ahmedabad,23:12.6,Debit Card,Delivered,02-01-2026
ORD00953,CUST0623,Delhi,32:35.4,UPI,Delivered,27-10-2025
ORD02975,CUST0635,Chennai,29:03.3,UPI,Delivered,21-12-2025
ORD02222,CUST0493,Bangalore,54:20.1,Credit Card,Delivered,29-01-2026
ORD03545,CUST0737,Pune,38:57.3,Nykaa Wallet,Delivered,23-09-2025
ORD04752,CUST0043,Chennai,47:53.1,Cash on Delivery,Delivered,17-02-2026
ORD03346,CUST0112,Hyderabad,11:53.9,Nykaa Wallet,Delivered,29-01-2026
ORD00025,CUST0815,Ahmedabad,41:53.1,Debit Card,Delivered,11-10-2025
ORD01262,CUST0360,Lucknow,57:04.6,Debit Card,Delivered,09-07-2025
ORD04424,CUST0564,Chennai,17:59.0,Credit Card,Returned,24-06-2025
ORD00883,CUST0414,Mumbai,53:12.8,Cash on Delivery,Delivered,04-09-2025
ORD04088,CUST0026,Lucknow,26:25.7,EMI,Delivered,02-02-2026
ORD00307,CUST0544,Mumbai,20:06.8,Nykaa Wallet,Delivered,09-11-2025
ORD01586,CUST0235,Delhi,55:03.3,UPI,Delivered,30-04-2025
ORD02682,CUST0055,Hyderabad,19:58.5,EMI,Delivered,07-12-2025
ORD02529,CUST0862,Ahmedabad,03:59.3,Credit Card,Returned,02-12-2025
ORD04150,CUST0014,Delhi,12:45.5,Cash on Delivery,Delivered,27-01-2026
ORD01843,CUST0646,Kolkata,30:41.7,EMI,Delivered,05-09-2025
ORD03510,CUST0712,Ahmedabad,36:29.1,Nykaa Wallet,Returned,29-10-2025
ORD03989,CUST0294,Mumbai,57:32.6,Debit Card,Delivered,22-01-2026
ORD01445,CUST0720,Bangalore,43:27.4,UPI,Delivered,29-03-2026
ORD03783,CUST0434,Bangalore,43:27.8,Nykaa Wallet,Delivered,05-07-2025
ORD04554,CUST0280,Mumbai,13:49.7,UPI,Delivered,12-12-2025
ORD00080,CUST0446,Pune,57:49.0,Nykaa Wallet,Delivered,04-09-2025
ORD01397,CUST0340,Mumbai,43:26.1,EMI,Delivered,06-10-2025
ORD02955,CUST0216,Pune,02:42.0,Credit Card,Delivered,19-07-2025
ORD04158,CUST0793,Bangalore,24:17.4,Debit Card,Cancelled,08-03-2026
ORD02613,CUST0975,Pune,44:44.0,Cash on Delivery,Delivered,05-07-2025
ORD00021,CUST0476,Mumbai,51:31.1,Cash on Delivery,Delivered,30-11-2025
ORD03490,CUST0435,Chennai,47:32.6,Nykaa Wallet,Cancelled,02-10-2025
ORD04118,CUST0134,Pune,03:56.1,EMI,Delivered,01-07-2025
ORD02177,CUST0443,Delhi,42:13.4,Debit Card,Delivered,08-06-2025
ORD02554,CUST0486,Pune,46:51.1,UPI,Cancelled,10-11-2025
ORD01679,CUST0846,Delhi,57:39.6,EMI,Delivered,26-12-2025
ORD00472,CUST0921,Ahmedabad,18:37.6,EMI,Delivered,21-02-2026
ORD00209,CUST0036,Chennai,38:13.8,Credit Card,Delivered,26-06-2025
ORD01081,CUST0123,Bangalore,29:57.4,Cash on Delivery,Delivered,28-08-2025
ORD01043,CUST0720,Bangalore,47:47.2,Debit Card,Delivered,15-09-2025
ORD02095,CUST0498,Pune,06:35.9,Nykaa Wallet,Returned,02-12-2025
ORD03667,CUST0745,Delhi,07:24.4,Nykaa Wallet,Cancelled,03-01-2026
ORD02667,CUST0686,Chennai,17:31.0,Nykaa Wallet,Returned,09-07-2025
ORD02067,CUST0968,Pune,39:49.1,Cash on Delivery,Delivered,16-06-2025
ORD02697,CUST0543,Ahmedabad,05:18.5,EMI,Delivered,07-10-2025
ORD01296,CUST0308,Lucknow,26:43.6,Credit Card,Cancelled,10-04-2025
ORD01001,CUST0642,Mumbai,59:25.4,Debit Card,Delivered,26-06-2025
ORD02807,CUST0595,Mumbai,57:40.8,EMI,Delivered,25-09-2025
ORD01841,CUST0242,Pune,27:54.6,Credit Card,Delivered,16-10-2025
ORD04101,CUST0612,Chennai,57:50.7,Credit Card,Delivered,10-07-2025
ORD01265,CUST0087,Mumbai,55:32.7,Cash on Delivery,Delivered,08-10-2025
ORD01812,CUST0659,Lucknow,55:57.9,EMI,Returned,04-05-2025
ORD03130,CUST0539,Bangalore,02:55.6,EMI,Delivered,14-04-2025
ORD03700,CUST0118,Mumbai,39:15.9,EMI,Delivered,14-12-2025
ORD02108,CUST0977,Lucknow,41:50.5,Credit Card,Delivered,27-12-2025
ORD04941,CUST0263,Delhi,24:59.6,Debit Card,Cancelled,11-03-2026
ORD01647,CUST0544,Mumbai,34:03.2,Nykaa Wallet,Delivered,09-03-2026
ORD00594,CUST0115,Bangalore,33:51.3,Cash on Delivery,Delivered,14-10-2025
ORD02722,CUST0324,Bangalore,38:06.3,Debit Card,Delivered,11-12-2025
ORD03616,CUST0015,Hyderabad,13:35.8,Nykaa Wallet,Delivered,17-07-2025
ORD00686,CUST0247,Delhi,51:23.8,EMI,Delivered,28-08-2025
ORD04446,CUST0284,Hyderabad,02:35.5,Cash on Delivery,Delivered,09-05-2025
ORD00502,CUST0857,Hyderabad,19:08.4,UPI,Delivered,25-08-2025
ORD03717,CUST0662,Jaipur,23:05.8,Debit Card,Delivered,26-09-2025
ORD02210,CUST0933,Lucknow,28:32.3,UPI,Delivered,14-10-2025
ORD02161,CUST0719,Ahmedabad,44:47.3,Credit Card,Delivered,06-12-2025
ORD00726,CUST0320,Chennai,06:17.3,Debit Card,Delivered,30-10-2025
ORD03969,CUST0088,Chennai,29:11.9,EMI,Cancelled,18-07-2025
ORD02280,CUST0441,Hyderabad,12:24.3,Credit Card,Delivered,12-07-2025
ORD03899,CUST0955,Chennai,23:24.6,Cash on Delivery,Delivered,19-01-2026
ORD00138,CUST0024,Jaipur,26:48.2,Cash on Delivery,Delivered,15-06-2025
ORD00794,CUST0430,Mumbai,37:50.6,Cash on Delivery,Delivered,15-02-2026
ORD03767,CUST0579,Kolkata,20:17.5,Credit Card,Delivered,02-07-2025
ORD02702,CUST0386,Ahmedabad,05:23.9,Debit Card,Delivered,21-10-2025
ORD01461,CUST0303,Lucknow,57:18.9,UPI,Cancelled,21-10-2025
ORD04124,CUST0976,Hyderabad,07:17.7,Credit Card,Delivered,29-05-2025
ORD00814,CUST0818,Delhi,23:20.3,UPI,Delivered,16-04-2025
ORD02234,CUST0405,Mumbai,30:07.2,EMI,Delivered,02-04-2025
ORD02841,CUST0315,Hyderabad,48:29.1,Nykaa Wallet,Delivered,20-04-2025
ORD01229,CUST0437,Pune,11:04.9,Credit Card,Cancelled,17-07-2025
ORD00099,CUST0832,Ahmedabad,00:14.1,UPI,Delivered,25-07-2025
ORD00698,CUST0038,Lucknow,27:40.5,Credit Card,Delivered,30-08-2025
ORD02946,CUST0169,Kolkata,40:27.0,Credit Card,Delivered,18-02-2026
ORD00795,CUST0897,Kolkata,00:31.1,Nykaa Wallet,Delivered,23-09-2025
ORD04715,CUST0601,Delhi,07:21.9,UPI,Delivered,11-01-2026
ORD02960,CUST0514,Hyderabad,20:59.0,Debit Card,Delivered,07-10-2025
ORD04772,CUST0399,Ahmedabad,32:44.8,Nykaa Wallet,Returned,25-11-2025
ORD00273,CUST0200,Mumbai,10:32.1,EMI,Delivered,09-06-2025
ORD02387,CUST0626,Pune,37:53.8,Cash on Delivery,Delivered,11-05-2025
ORD04585,CUST0766,Ahmedabad,52:54.4,Nykaa Wallet,Delivered,31-01-2026
ORD00660,CUST0628,Hyderabad,35:23.0,UPI,Delivered,22-12-2025
ORD04290,CUST0931,Kolkata,58:57.0,Credit Card,Delivered,08-12-2025
ORD04093,CUST0304,Ahmedabad,02:34.7,UPI,Delivered,28-07-2025
ORD01322,CUST0609,Hyderabad,46:26.3,Debit Card,Delivered,02-01-2026
ORD00411,CUST0119,Pune,46:23.2,Nykaa Wallet,Cancelled,14-12-2025
ORD00539,CUST0562,Ahmedabad,47:07.4,Credit Card,Delivered,18-02-2026
ORD00212,CUST0526,Lucknow,49:57.3,UPI,Delivered,03-02-2026
ORD02113,CUST0601,Delhi,15:39.4,EMI,Delivered,14-03-2026
ORD00263,CUST0283,Jaipur,31:21.4,Debit Card,Delivered,28-12-2025
ORD03162,CUST0782,Mumbai,23:32.0,UPI,Delivered,26-05-2025
ORD00768,CUST0175,Delhi,59:07.3,EMI,Delivered,21-07-2025
ORD02549,CUST0316,Chennai,31:57.3,Nykaa Wallet,Delivered,03-01-2026
ORD03711,CUST0696,Hyderabad,57:22.2,UPI,Delivered,24-03-2026
ORD02098,CUST0159,Pune,03:15.3,EMI,Delivered,30-07-2025
ORD03268,CUST0667,Chennai,48:17.4,Credit Card,Delivered,12-01-2026
ORD01581,CUST0267,Hyderabad,07:04.8,Credit Card,Delivered,15-07-2025
ORD01922,CUST0261,Lucknow,07:37.7,EMI,Cancelled,29-04-2025
ORD02042,CUST0696,Hyderabad,17:08.8,Cash on Delivery,Delivered,09-08-2025
ORD04782,CUST0611,Delhi,49:00.3,Credit Card,Delivered,22-03-2026
ORD03131,CUST0067,Mumbai,24:06.8,Nykaa Wallet,Delivered,03-05-2025
ORD00093,CUST0933,Lucknow,44:20.0,Debit Card,Cancelled,09-10-2025
ORD01659,CUST0314,Pune,50:24.1,Debit Card,Delivered,14-03-2026
ORD03847,CUST0968,Pune,01:30.5,Nykaa Wallet,Delivered,10-09-2025
ORD01619,CUST0077,Kolkata,08:26.6,UPI,Delivered,23-11-2025
ORD00271,CUST0105,Kolkata,50:22.8,EMI,Delivered,04-09-2025
ORD01770,CUST0922,Jaipur,56:37.7,Debit Card,Delivered,29-08-2025
ORD02903,CUST0435,Chennai,17:34.5,Cash on Delivery,Cancelled,21-07-2025
ORD03183,CUST0261,Lucknow,34:04.5,Nykaa Wallet,Delivered,20-11-2025
ORD04950,CUST0395,Jaipur,52:04.2,UPI,Cancelled,26-05-2025
ORD04966,CUST0177,Lucknow,23:24.6,UPI,Cancelled,27-04-2025
ORD04962,CUST0316,Chennai,51:55.2,Nykaa Wallet,Cancelled,10-01-2026
ORD01131,CUST0685,Lucknow,02:59.0,EMI,Returned,29-12-2025
ORD01456,CUST0384,Bangalore,53:47.1,EMI,Delivered,03-04-2025
ORD00257,CUST0515,Mumbai,31:26.6,Debit Card,Returned,13-02-2026
ORD04741,CUST0669,Ahmedabad,02:42.5,Nykaa Wallet,Delivered,10-02-2026
ORD01118,CUST0768,Ahmedabad,20:40.5,UPI,Returned,27-02-2026
ORD03906,CUST0625,Chennai,00:28.9,Nykaa Wallet,Delivered,21-03-2026
ORD04396,CUST0571,Hyderabad,09:54.9,Cash on Delivery,Delivered,23-11-2025
ORD04004,CUST0040,Chennai,11:11.0,Debit Card,Delivered,16-08-2025
ORD04548,CUST0517,Delhi,00:04.9,Credit Card,Returned,12-02-2026
ORD03902,CUST0086,Jaipur,01:10.3,Nykaa Wallet,Delivered,13-08-2025
ORD04984,CUST0332,Hyderabad,36:31.8,Cash on Delivery,Delivered,19-11-2025
ORD00552,CUST0530,Kolkata,41:15.1,Cash on Delivery,Delivered,04-01-2026
ORD00216,CUST0586,Kolkata,08:04.8,Cash on Delivery,Cancelled,29-01-2026
ORD04165,CUST0281,Ahmedabad,52:55.6,Cash on Delivery,Delivered,13-11-2025
ORD04056,CUST0593,Jaipur,07:41.1,UPI,Delivered,23-05-2025
ORD04993,CUST0441,Hyderabad,27:03.5,Cash on Delivery,Delivered,04-05-2025
ORD02306,CUST0118,Mumbai,57:47.9,Credit Card,Delivered,21-08-2025
ORD01123,CUST0436,Chennai,39:02.5,Cash on Delivery,Returned,11-11-2025
ORD00602,CUST0560,Mumbai,08:54.7,Debit Card,Delivered,26-07-2025
ORD00501,CUST0547,Mumbai,51:02.2,Debit Card,Delivered,05-09-2025
ORD01333,CUST0621,Delhi,38:21.5,Nykaa Wallet,Delivered,11-07-2025
ORD02609,CUST0180,Pune,20:48.5,Debit Card,Returned,15-02-2026
ORD03467,CUST0876,Kolkata,30:22.3,EMI,Delivered,04-06-2025
ORD00718,CUST0524,Pune,56:12.7,Debit Card,Cancelled,12-11-2025
ORD00134,CUST0696,Hyderabad,04:21.1,EMI,Delivered,30-04-2025
ORD04063,CUST0794,Chennai,29:26.2,UPI,Delivered,17-05-2025
ORD00468,CUST0491,Pune,18:31.3,UPI,Delivered,10-08-2025
ORD04304,CUST0463,Bangalore,23:15.2,Credit Card,Delivered,12-10-2025
ORD01065,CUST0219,Pune,21:13.0,Debit Card,Cancelled,15-08-2025
ORD02426,CUST0659,Lucknow,44:38.4,EMI,Delivered,01-02-2026
ORD03639,CUST0657,Mumbai,38:40.0,Nykaa Wallet,Delivered,13-02-2026
ORD02772,CUST0255,Delhi,29:56.0,Nykaa Wallet,Delivered,18-03-2026
ORD00520,CUST0805,Bangalore,13:22.9,UPI,Delivered,12-02-2026
ORD00328,CUST0681,Hyderabad,40:20.6,Credit Card,Delivered,12-11-2025
ORD00323,CUST0114,Ahmedabad,01:54.3,EMI,Delivered,22-06-2025
ORD00582,CUST0256,Pune,19:07.0,Credit Card,Delivered,26-06-2025
ORD02705,CUST0158,Pune,20:34.5,Credit Card,Returned,11-07-2025
ORD02293,CUST0391,Ahmedabad,13:53.5,UPI,Delivered,09-12-2025
ORD04628,CUST0816,Hyderabad,31:53.4,Cash on Delivery,Delivered,17-04-2025
ORD01337,CUST0418,Delhi,36:11.5,Debit Card,Cancelled,17-04-2025
ORD00927,CUST0102,Ahmedabad,40:59.0,Cash on Delivery,Delivered,20-08-2025
ORD02100,CUST0827,Mumbai,35:08.9,Debit Card,Delivered,31-08-2025
ORD04797,CUST0177,Lucknow,45:35.4,EMI,Delivered,20-06-2025
ORD01590,CUST0081,Pune,18:17.4,EMI,Delivered,04-10-2025
ORD01535,CUST0955,Chennai,23:55.9,Cash on Delivery,Delivered,24-09-2025
ORD04313,CUST0801,Lucknow,14:58.7,Credit Card,Delivered,03-07-2025
ORD01840,CUST0601,Delhi,47:05.2,EMI,Delivered,25-11-2025
ORD00170,CUST0954,Kolkata,22:27.4,Credit Card,Delivered,06-10-2025
ORD00288,CUST0856,Kolkata,11:05.5,Credit Card,Returned,16-10-2025
ORD00744,CUST0688,Delhi,05:32.4,Credit Card,Delivered,12-01-2026
ORD04272,CUST0217,Lucknow,07:43.2,Cash on Delivery,Delivered,20-06-2025
ORD03963,CUST0974,Hyderabad,46:13.5,EMI,Delivered,23-06-2025
ORD01320,CUST0469,Jaipur,48:15.3,UPI,Delivered,24-08-2025
ORD03976,CUST0553,Bangalore,43:31.9,EMI,Delivered,01-12-2025
ORD00169,CUST0176,Mumbai,46:25.8,Credit Card,Delivered,08-06-2025
ORD00873,CUST0104,Pune,33:15.1,Nykaa Wallet,Cancelled,10-04-2025
ORD03709,CUST0411,Lucknow,08:43.8,Nykaa Wallet,Delivered,10-11-2025
ORD01628,CUST0315,Hyderabad,20:33.1,EMI,Delivered,03-08-2025
ORD02969,CUST0224,Delhi,43:43.4,Credit Card,Delivered,16-08-2025
ORD01910,CUST0394,Mumbai,50:25.4,Debit Card,Delivered,04-06-2025
ORD00382,CUST0788,Pune,34:40.4,Credit Card,Delivered,01-06-2025
ORD03574,CUST0911,Hyderabad,38:32.9,Credit Card,Delivered,29-06-2025
ORD01184,CUST0617,Chennai,34:34.1,Debit Card,Delivered,03-12-2025
ORD03241,CUST0294,Mumbai,40:56.7,Nykaa Wallet,Returned,16-04-2025
ORD02218,CUST0067,Mumbai,06:20.5,Debit Card,Delivered,09-05-2025
ORD04895,CUST0039,Delhi,59:02.3,Debit Card,Delivered,16-09-2025
ORD03876,CUST0779,Bangalore,31:27.6,UPI,Delivered,04-03-2026
ORD03499,CUST0677,Chennai,47:21.3,Credit Card,Delivered,30-06-2025
ORD00040,CUST0333,Kolkata,38:53.1,Debit Card,Delivered,24-12-2025
ORD00518,CUST0718,Jaipur,52:32.6,Cash on Delivery,Delivered,15-09-2025
ORD04302,CUST0596,Lucknow,08:37.8,UPI,Delivered,02-05-2025
ORD03900,CUST0461,Bangalore,31:49.9,EMI,Delivered,10-06-2025
ORD03297,CUST0164,Chennai,28:37.0,Cash on Delivery,Returned,08-08-2025
ORD00203,CUST0284,Hyderabad,21:18.4,Debit Card,Delivered,09-09-2025
ORD03119,CUST0420,Chennai,29:50.4,EMI,Delivered,03-08-2025
ORD04044,CUST0551,Jaipur,54:15.6,Nykaa Wallet,Delivered,07-10-2025
ORD03208,CUST0895,Mumbai,36:51.5,Nykaa Wallet,Delivered,31-07-2025
ORD00386,CUST0568,Bangalore,28:26.2,Cash on Delivery,Returned,02-09-2025
ORD00492,CUST0259,Delhi,33:34.6,Nykaa Wallet,Returned,21-05-2025
ORD03861,CUST0154,Ahmedabad,30:57.3,Cash on Delivery,Delivered,19-02-2026
ORD00175,CUST0512,Delhi,52:33.0,Cash on Delivery,Delivered,24-02-2026
ORD04288,CUST0177,Lucknow,31:44.6,Credit Card,Delivered,20-07-2025
ORD03388,CUST0786,Jaipur,44:27.7,EMI,Cancelled,04-04-2025
ORD04619,CUST0208,Mumbai,22:28.8,Nykaa Wallet,Delivered,15-08-2025
ORD01277,CUST0228,Lucknow,35:33.6,Cash on Delivery,Delivered,17-06-2025
ORD04054,CUST0865,Bangalore,50:32.9,Nykaa Wallet,Delivered,19-11-2025
ORD04089,CUST0969,Lucknow,19:46.8,Credit Card,Delivered,09-07-2025
ORD00176,CUST0160,Pune,28:13.5,EMI,Delivered,08-12-2025
ORD01346,CUST0605,Ahmedabad,58:42.9,EMI,Delivered,24-02-2026
ORD00578,CUST0857,Hyderabad,27:29.7,UPI,Cancelled,19-03-2026
ORD03518,CUST0834,Hyderabad,37:41.6,Credit Card,Delivered,24-11-2025
ORD03115,CUST0200,Mumbai,42:55.2,Debit Card,Delivered,07-01-2026
ORD04275,CUST0524,Pune,30:27.6,EMI,Cancelled,10-08-2025
ORD00936,CUST0592,Jaipur,45:02.9,UPI,Delivered,27-12-2025
ORD01996,CUST0122,Jaipur,44:53.0,UPI,Delivered,16-12-2025
ORD02395,CUST0729,Delhi,29:28.6,Nykaa Wallet,Cancelled,14-05-2025
ORD00774,CUST0290,Lucknow,30:59.5,Nykaa Wallet,Delivered,31-08-2025
ORD03683,CUST0679,Bangalore,25:33.4,Cash on Delivery,Delivered,09-03-2026
ORD04388,CUST0570,Hyderabad,04:34.4,EMI,Returned,29-06-2025
ORD00172,CUST0116,Chennai,55:05.9,Credit Card,Returned,06-08-2025
ORD04414,CUST0130,Hyderabad,46:06.3,Nykaa Wallet,Delivered,19-05-2025
ORD02849,CUST0217,Lucknow,26:30.3,UPI,Cancelled,27-12-2025
ORD02591,CUST0203,Ahmedabad,01:39.4,Nykaa Wallet,Delivered,14-05-2025
ORD04758,CUST0847,Chennai,10:22.6,Cash on Delivery,Returned,09-11-2025
ORD03579,CUST0812,Ahmedabad,37:10.3,Debit Card,Cancelled,24-11-2025
ORD02389,CUST0164,Chennai,39:57.4,EMI,Cancelled,04-12-2025
ORD02408,CUST0310,Lucknow,26:56.3,UPI,Returned,06-01-2026
ORD01275,CUST0987,Pune,42:55.7,Credit Card,Delivered,23-03-2026
ORD00079,CUST0217,Lucknow,54:33.2,Debit Card,Delivered,24-12-2025
ORD01842,CUST0380,Mumbai,44:16.5,Nykaa Wallet,Delivered,08-05-2025
ORD02569,CUST0174,Bangalore,51:40.5,Debit Card,Returned,12-08-2025
ORD04740,CUST0786,Jaipur,26:45.6,Cash on Delivery,Delivered,27-10-2025
ORD00128,CUST0188,Lucknow,39:26.5,Debit Card,Delivered,25-03-2026
ORD00091,CUST0434,Bangalore,27:52.8,Credit Card,Delivered,09-03-2026
ORD04435,CUST0389,Kolkata,52:07.9,Nykaa Wallet,Delivered,19-11-2025
ORD00367,CUST0852,Pune,55:29.9,EMI,Delivered,28-04-2025
ORD03411,CUST0407,Jaipur,10:15.4,Credit Card,Delivered,19-04-2025
ORD01102,CUST0159,Pune,33:50.2,Cash on Delivery,Delivered,27-02-2026
ORD01621,CUST0591,Chennai,19:34.2,UPI,Delivered,01-06-2025
ORD04607,CUST0554,Mumbai,12:48.1,Credit Card,Cancelled,19-02-2026
ORD01059,CUST0066,Delhi,48:33.3,EMI,Delivered,05-06-2025
ORD01994,CUST0616,Mumbai,55:08.3,EMI,Delivered,03-03-2026
ORD01888,CUST0578,Mumbai,44:47.6,Credit Card,Delivered,30-01-2026
ORD01096,CUST0679,Bangalore,28:23.7,Nykaa Wallet,Delivered,23-02-2026
ORD02022,CUST0323,Hyderabad,05:09.9,Credit Card,Delivered,05-05-2025
ORD04332,CUST0919,Pune,16:44.7,UPI,Delivered,04-12-2025
ORD00488,CUST0135,Lucknow,27:51.7,Nykaa Wallet,Delivered,27-12-2025
ORD01045,CUST0697,Pune,20:18.7,Debit Card,Delivered,22-06-2025
ORD04154,CUST0794,Chennai,13:02.5,Nykaa Wallet,Delivered,31-10-2025
ORD04145,CUST0748,Bangalore,01:30.7,Credit Card,Delivered,21-03-2026
ORD04721,CUST0645,Ahmedabad,53:44.7,EMI,Delivered,03-03-2026
ORD02451,CUST0589,Pune,01:54.0,Cash on Delivery,Delivered,31-01-2026
ORD03640,CUST0128,Jaipur,05:53.7,EMI,Cancelled,13-06-2025
ORD04043,CUST0232,Mumbai,23:31.6,UPI,Delivered,31-08-2025
ORD03212,CUST0924,Hyderabad,59:00.0,Debit Card,Delivered,24-04-2025
ORD00962,CUST0715,Mumbai,55:33.4,Debit Card,Returned,08-01-2026
ORD01372,CUST0265,Jaipur,16:16.1,Cash on Delivery,Delivered,14-09-2025
ORD02324,CUST0547,Mumbai,15:47.4,Nykaa Wallet,Delivered,04-08-2025
ORD01321,CUST0474,Mumbai,28:34.0,EMI,Cancelled,22-01-2026
ORD02876,CUST0878,Bangalore,00:02.1,UPI,Delivered,22-05-2025
ORD03158,CUST0025,Mumbai,33:16.2,UPI,Cancelled,30-01-2026
ORD02654,CUST0513,Kolkata,43:56.3,Credit Card,Delivered,05-01-2026
ORD04261,CUST0317,Jaipur,17:16.9,Debit Card,Delivered,12-12-2025
ORD03987,CUST0031,Jaipur,17:17.8,Nykaa Wallet,Delivered,18-03-2026
ORD04425,CUST0378,Jaipur,12:35.9,Credit Card,Delivered,06-12-2025
ORD02556,CUST0844,Jaipur,25:59.4,EMI,Cancelled,06-06-2025
ORD00043,CUST0368,Mumbai,48:09.3,EMI,Delivered,07-10-2025
ORD00480,CUST0206,Lucknow,55:43.5,Credit Card,Delivered,14-04-2025
ORD04682,CUST0915,Delhi,09:31.3,Nykaa Wallet,Delivered,29-06-2025
ORD03661,CUST0233,Ahmedabad,29:20.3,Credit Card,Delivered,04-09-2025
ORD03528,CUST0247,Delhi,21:00.0,Nykaa Wallet,Delivered,25-10-2025
ORD02899,CUST0954,Kolkata,30:46.0,Credit Card,Delivered,29-09-2025
ORD02105,CUST0135,Lucknow,05:57.9,Cash on Delivery,Delivered,25-12-2025
ORD01418,CUST0302,Hyderabad,24:31.9,Debit Card,Delivered,07-03-2026
ORD00064,CUST0626,Pune,26:59.7,Credit Card,Delivered,17-06-2025
ORD03772,CUST0316,Chennai,43:40.3,UPI,Delivered,24-08-2025
ORD04630,CUST0352,Ahmedabad,22:02.7,Debit Card,Cancelled,27-09-2025
ORD02523,CUST0419,Hyderabad,11:22.5,EMI,Delivered,05-08-2025
ORD01634,CUST0588,Ahmedabad,01:40.3,Nykaa Wallet,Cancelled,24-04-2025
ORD01652,CUST0178,Pune,54:48.3,Credit Card,Delivered,26-05-2025
ORD04411,CUST0706,Kolkata,15:47.1,Cash on Delivery,Cancelled,14-11-2025
ORD03357,CUST0532,Bangalore,10:25.6,Credit Card,Delivered,23-01-2026
ORD01197,CUST0133,Hyderabad,11:46.4,UPI,Delivered,29-11-2025
ORD04626,CUST0858,Mumbai,34:05.9,UPI,Delivered,19-07-2025
ORD00067,CUST0537,Kolkata,00:59.9,Debit Card,Returned,04-07-2025
ORD00596,CUST0798,Bangalore,15:55.4,Credit Card,Cancelled,02-03-2026
ORD04911,CUST0475,Chennai,56:46.0,EMI,Cancelled,30-03-2026
ORD03034,CUST0128,Jaipur,02:59.7,Debit Card,Delivered,09-11-2025
ORD00489,CUST0532,Bangalore,32:47.0,Credit Card,Delivered,29-03-2026
ORD02010,CUST0570,Hyderabad,49:30.4,Credit Card,Delivered,31-07-2025
ORD01903,CUST0274,Jaipur,31:55.5,Credit Card,Cancelled,24-04-2025
ORD00214,CUST0220,Mumbai,31:05.0,Cash on Delivery,Delivered,20-06-2025
ORD00425,CUST0757,Pune,35:15.0,Debit Card,Delivered,26-11-2025
ORD03790,CUST0769,Jaipur,52:35.5,Nykaa Wallet,Returned,28-03-2026
ORD03752,CUST0040,Chennai,37:37.3,EMI,Delivered,24-08-2025
ORD00204,CUST0772,Pune,37:14.2,Cash on Delivery,Delivered,08-02-2026
ORD02304,CUST0525,Chennai,00:43.2,Nykaa Wallet,Delivered,05-08-2025
ORD00071,CUST0154,Ahmedabad,31:52.7,Credit Card,Delivered,26-07-2025
ORD02058,CUST0301,Bangalore,13:45.0,Debit Card,Delivered,22-10-2025
ORD01496,CUST0611,Delhi,28:23.4,EMI,Returned,13-09-2025
ORD02039,CUST0550,Jaipur,51:20.4,Cash on Delivery,Delivered,25-10-2025
ORD02765,CUST0427,Hyderabad,10:55.7,UPI,Delivered,05-01-2026
ORD04239,CUST0149,Ahmedabad,21:14.9,UPI,Delivered,11-05-2025
ORD04858,CUST0142,Hyderabad,51:35.4,Credit Card,Delivered,11-01-2026
ORD03305,CUST0337,Ahmedabad,06:53.6,EMI,Delivered,10-11-2025
ORD03352,CUST0094,Hyderabad,07:50.4,EMI,Delivered,17-04-2025
ORD02831,CUST0038,Lucknow,05:03.9,UPI,Cancelled,05-03-2026
ORD00631,CUST0666,Bangalore,32:10.3,Credit Card,Delivered,07-12-2025
ORD01848,CUST0025,Mumbai,42:47.7,EMI,Delivered,31-07-2025
ORD00162,CUST0798,Bangalore,32:46.7,Cash on Delivery,Delivered,10-02-2026
ORD04236,CUST0009,Chennai,07:08.4,Debit Card,Delivered,15-03-2026
ORD01368,CUST0811,Pune,06:46.2,EMI,Delivered,16-06-2025
ORD04433,CUST0089,Jaipur,38:36.6,UPI,Delivered,26-12-2025
ORD02664,CUST0134,Pune,21:04.9,Nykaa Wallet,Delivered,23-11-2025
ORD04186,CUST0893,Kolkata,33:18.6,Cash on Delivery,Cancelled,01-03-2026
ORD02399,CUST0228,Lucknow,57:43.6,EMI,Delivered,17-08-2025
ORD02669,CUST0287,Delhi,18:20.8,Cash on Delivery,Cancelled,06-01-2026
ORD04690,CUST0041,Delhi,12:03.3,Cash on Delivery,Delivered,26-04-2025
ORD03728,CUST0333,Kolkata,45:50.8,Cash on Delivery,Delivered,14-10-2025
ORD02354,CUST0142,Hyderabad,22:44.3,Nykaa Wallet,Delivered,29-07-2025
ORD02270,CUST0384,Bangalore,05:28.9,UPI,Delivered,10-10-2025
ORD04202,CUST0773,Hyderabad,32:53.6,Debit Card,Delivered,07-11-2025
ORD03659,CUST0438,Hyderabad,34:36.9,Credit Card,Delivered,20-09-2025
ORD03688,CUST0997,Kolkata,39:53.3,UPI,Returned,20-07-2025
ORD02031,CUST0707,Kolkata,56:54.4,EMI,Delivered,20-08-2025
ORD04926,CUST0946,Mumbai,57:53.5,Credit Card,Delivered,12-02-2026
ORD01938,CUST0543,Ahmedabad,33:45.5,UPI,Delivered,08-04-2025
ORD02929,CUST0110,Lucknow,46:47.6,Credit Card,Delivered,13-11-2025
ORD00377,CUST0114,Ahmedabad,01:29.0,EMI,Delivered,13-06-2025
ORD03851,CUST0850,Chennai,35:49.0,Debit Card,Delivered,17-10-2025
ORD01680,CUST0452,Delhi,44:46.0,EMI,Delivered,28-03-2026
ORD03222,CUST0440,Kolkata,13:19.4,Debit Card,Cancelled,09-12-2025
ORD01152,CUST0665,Bangalore,39:53.3,UPI,Delivered,30-07-2025
ORD01724,CUST0538,Hyderabad,27:13.4,EMI,Delivered,15-01-2026
ORD01246,CUST0907,Delhi,07:46.0,Nykaa Wallet,Returned,25-03-2026
ORD00031,CUST0244,Chennai,47:17.4,Nykaa Wallet,Delivered,07-11-2025
ORD03205,CUST0240,Ahmedabad,50:01.1,Credit Card,Delivered,06-10-2025
ORD03076,CUST0761,Pune,23:18.2,EMI,Delivered,23-10-2025
ORD03651,CUST0494,Bangalore,49:42.6,Cash on Delivery,Delivered,29-11-2025
ORD02940,CUST0741,Mumbai,08:57.5,Nykaa Wallet,Delivered,23-07-2025
ORD00285,CUST0718,Jaipur,36:34.9,Nykaa Wallet,Delivered,26-10-2025
ORD02658,CUST0582,Ahmedabad,56:20.2,Credit Card,Delivered,19-05-2025
ORD02138,CUST0291,Mumbai,57:33.3,Credit Card,Delivered,17-09-2025
ORD03139,CUST0199,Pune,26:29.8,EMI,Delivered,13-09-2025
ORD01485,CUST0837,Hyderabad,48:12.9,Nykaa Wallet,Delivered,18-02-2026
ORD04684,CUST0081,Pune,50:52.9,EMI,Delivered,21-02-2026
ORD02128,CUST0505,Lucknow,29:58.0,Nykaa Wallet,Delivered,16-02-2026
ORD03192,CUST0994,Ahmedabad,03:45.3,EMI,Delivered,24-10-2025
ORD03913,CUST0126,Jaipur,54:10.7,EMI,Delivered,22-12-2025
ORD01147,CUST0243,Lucknow,29:15.0,Nykaa Wallet,Delivered,26-12-2025
ORD01747,CUST0756,Bangalore,18:09.0,Cash on Delivery,Delivered,29-10-2025
ORD01329,CUST0925,Chennai,14:41.5,EMI,Delivered,29-09-2025
ORD04793,CUST0165,Pune,29:39.8,Debit Card,Delivered,16-06-2025
ORD00243,CUST0332,Hyderabad,37:03.6,Debit Card,Delivered,04-02-2026
ORD01739,CUST0766,Ahmedabad,37:46.9,EMI,Cancelled,27-07-2025
ORD01545,CUST0646,Kolkata,31:55.3,UPI,Delivered,29-01-2026
ORD00874,CUST0562,Ahmedabad,34:29.6,UPI,Delivered,13-12-2025
ORD03576,CUST0879,Chennai,16:24.6,Nykaa Wallet,Delivered,21-12-2025
ORD01191,CUST0977,Lucknow,06:58.7,UPI,Delivered,17-09-2025
ORD03698,CUST0508,Chennai,33:49.8,EMI,Cancelled,24-12-2025
ORD01309,CUST0920,Delhi,34:26.6,Nykaa Wallet,Delivered,27-04-2025
ORD02198,CUST0348,Pune,47:54.5,Nykaa Wallet,Delivered,28-08-2025
ORD02958,CUST0589,Pune,36:31.5,UPI,Delivered,23-05-2025
ORD00277,CUST0656,Hyderabad,30:11.4,Debit Card,Delivered,09-08-2025
ORD00765,CUST0634,Bangalore,11:52.6,Debit Card,Cancelled,23-12-2025
ORD03781,CUST0350,Pune,29:05.0,Debit Card,Delivered,10-10-2025
ORD01753,CUST0599,Pune,57:17.6,Nykaa Wallet,Delivered,01-03-2026
ORD01442,CUST0213,Delhi,19:43.8,UPI,Delivered,16-05-2025
ORD01895,CUST0793,Bangalore,29:03.8,Cash on Delivery,Cancelled,19-03-2026
ORD02158,CUST0496,Ahmedabad,46:40.3,UPI,Delivered,25-09-2025
ORD02137,CUST0989,Jaipur,01:12.9,Cash on Delivery,Delivered,25-09-2025
ORD02592,CUST0089,Jaipur,48:12.4,Credit Card,Cancelled,16-02-2026
ORD01762,CUST0709,Ahmedabad,21:40.8,Cash on Delivery,Delivered,17-07-2025
ORD03644,CUST0748,Bangalore,13:31.5,Cash on Delivery,Delivered,26-05-2025
ORD04872,CUST0893,Kolkata,28:32.3,Debit Card,Delivered,15-01-2026
ORD03474,CUST0583,Mumbai,51:27.3,EMI,Cancelled,18-09-2025
ORD03821,CUST0668,Ahmedabad,32:45.6,Credit Card,Delivered,06-08-2025
ORD04776,CUST0019,Kolkata,23:54.9,Debit Card,Delivered,18-10-2025
ORD03353,CUST0879,Chennai,57:33.4,Credit Card,Delivered,17-07-2025
ORD03186,CUST0735,Chennai,55:27.2,Cash on Delivery,Cancelled,04-08-2025
ORD04468,CUST0951,Bangalore,33:40.2,Credit Card,Delivered,19-11-2025
ORD04946,CUST0880,Bangalore,13:01.9,Debit Card,Delivered,19-12-2025
ORD01284,CUST0997,Kolkata,47:34.4,Debit Card,Delivered,24-11-2025
ORD03850,CUST0843,Bangalore,54:01.0,Credit Card,Delivered,24-07-2025
ORD03599,CUST0417,Kolkata,10:02.2,Credit Card,Delivered,23-06-2025
ORD00197,CUST0085,Bangalore,12:13.6,Nykaa Wallet,Delivered,29-01-2026
ORD01863,CUST0119,Pune,06:07.3,UPI,Returned,15-01-2026
ORD00946,CUST0345,Bangalore,14:38.4,EMI,Delivered,09-03-2026
ORD00969,CUST0835,Chennai,16:06.9,UPI,Delivered,18-11-2025
ORD03998,CUST0218,Mumbai,01:58.7,Credit Card,Cancelled,24-05-2025
ORD02832,CUST0432,Jaipur,07:13.0,Nykaa Wallet,Delivered,28-02-2026
ORD00828,CUST0420,Chennai,39:35.9,UPI,Delivered,08-12-2025
ORD04571,CUST0068,Hyderabad,17:43.2,Nykaa Wallet,Delivered,15-08-2025
ORD00249,CUST0464,Hyderabad,38:13.3,Cash on Delivery,Delivered,24-09-2025
ORD04509,CUST0027,Chennai,11:17.3,UPI,Delivered,04-09-2025
ORD01189,CUST0217,Lucknow,57:39.7,Credit Card,Delivered,27-03-2026
ORD01241,CUST0770,Ahmedabad,25:46.3,Debit Card,Delivered,03-11-2025
ORD04249,CUST0021,Mumbai,55:15.0,EMI,Delivered,25-03-2026
ORD04194,CUST0559,Pune,57:33.9,Cash on Delivery,Delivered,29-05-2025
ORD04364,CUST0377,Lucknow,52:16.1,EMI,Delivered,03-01-2026
ORD01603,CUST0161,Mumbai,52:24.4,UPI,Cancelled,20-11-2025
ORD01466,CUST0152,Delhi,09:49.7,Cash on Delivery,Delivered,17-11-2025
ORD04299,CUST0573,Bangalore,25:00.3,UPI,Returned,09-12-2025
ORD01923,CUST0035,Mumbai,45:19.5,Cash on Delivery,Delivered,26-03-2026
ORD01154,CUST0294,Mumbai,36:15.0,UPI,Delivered,25-02-2026
ORD04973,CUST0560,Mumbai,11:39.6,EMI,Delivered,16-01-2026
ORD04135,CUST0692,Delhi,36:07.4,Credit Card,Delivered,16-04-2025
ORD00792,CUST0275,Ahmedabad,02:01.6,Credit Card,Returned,03-09-2025
ORD03194,CUST0630,Jaipur,45:51.6,Credit Card,Delivered,05-12-2025
ORD00439,CUST0827,Mumbai,54:29.0,Debit Card,Delivered,08-04-2025
ORD02084,CUST0383,Kolkata,21:15.7,Debit Card,Delivered,19-09-2025
ORD03624,CUST0823,Chennai,12:00.7,Cash on Delivery,Delivered,09-06-2025
ORD03881,CUST0284,Hyderabad,37:49.8,EMI,Delivered,08-09-2025
ORD01565,CUST0522,Mumbai,56:28.0,Cash on Delivery,Delivered,25-09-2025
ORD01547,CUST0601,Delhi,40:24.2,Nykaa Wallet,Delivered,20-07-2025
ORD02715,CUST0694,Delhi,30:40.1,Cash on Delivery,Delivered,13-09-2025
ORD01476,CUST0417,Kolkata,41:27.4,Nykaa Wallet,Delivered,06-07-2025
ORD04647,CUST0233,Ahmedabad,41:35.2,Debit Card,Delivered,21-05-2025
ORD03729,CUST0180,Pune,25:30.3,Nykaa Wallet,Delivered,17-07-2025
ORD01787,CUST0536,Kolkata,36:13.6,Cash on Delivery,Delivered,10-10-2025
ORD03865,CUST0455,Hyderabad,18:32.2,Cash on Delivery,Returned,28-09-2025
ORD02367,CUST0539,Bangalore,10:00.3,Nykaa Wallet,Delivered,05-10-2025
ORD02655,CUST0741,Mumbai,20:17.6,UPI,Delivered,06-01-2026
ORD03433,CUST0596,Lucknow,45:19.4,Cash on Delivery,Delivered,15-08-2025
ORD04742,CUST0851,Jaipur,52:28.8,Debit Card,Delivered,22-04-2025
ORD03443,CUST0110,Lucknow,44:49.6,Nykaa Wallet,Returned,05-10-2025
ORD03435,CUST0749,Chennai,13:21.7,Credit Card,Delivered,22-07-2025
ORD04890,CUST0372,Delhi,31:49.1,Debit Card,Delivered,04-12-2025
ORD00920,CUST0260,Mumbai,21:26.6,Debit Card,Delivered,05-07-2025
ORD04437,CUST0237,Kolkata,02:36.7,Cash on Delivery,Delivered,11-09-2025
ORD02283,CUST0880,Bangalore,23:55.9,Credit Card,Cancelled,04-08-2025
ORD02735,CUST0235,Delhi,26:11.4,EMI,Delivered,07-04-2025
ORD04053,CUST0751,Delhi,51:20.5,Nykaa Wallet,Delivered,26-12-2025
ORD01366,CUST0607,Jaipur,02:26.1,Nykaa Wallet,Delivered,06-07-2025
ORD03755,CUST0182,Pune,47:31.5,Nykaa Wallet,Delivered,29-03-2026
ORD00456,CUST0077,Kolkata,04:14.1,Debit Card,Delivered,08-12-2025
ORD02296,CUST0612,Chennai,34:24.4,Nykaa Wallet,Delivered,23-03-2026
ORD04166,CUST0995,Hyderabad,51:59.3,Cash on Delivery,Cancelled,06-11-2025
ORD02689,CUST0789,Hyderabad,14:34.1,UPI,Delivered,03-10-2025
ORD01859,CUST0545,Jaipur,36:13.3,Nykaa Wallet,Delivered,05-07-2025
ORD03242,CUST0304,Ahmedabad,12:11.9,Cash on Delivery,Delivered,05-05-2025
ORD00152,CUST0312,Lucknow,40:58.3,Nykaa Wallet,Delivered,16-02-2026
ORD00719,CUST0204,Delhi,54:43.1,Nykaa Wallet,Cancelled,31-12-2025
ORD01818,CUST0076,Mumbai,35:54.3,Cash on Delivery,Cancelled,22-10-2025
ORD03805,CUST0661,Bangalore,15:54.5,EMI,Delivered,11-11-2025
ORD02305,CUST0573,Bangalore,17:02.2,EMI,Delivered,02-01-2026
ORD04790,CUST0446,Pune,54:29.6,EMI,Delivered,14-10-2025
ORD01399,CUST0580,Lucknow,11:21.1,EMI,Delivered,30-07-2025
ORD01139,CUST0186,Mumbai,09:13.9,Debit Card,Delivered,14-07-2025
ORD02718,CUST0124,Ahmedabad,32:03.7,Nykaa Wallet,Delivered,16-08-2025
ORD04457,CUST0163,Mumbai,54:27.2,Cash on Delivery,Delivered,28-10-2025
ORD04018,CUST0937,Kolkata,09:14.2,EMI,Delivered,10-08-2025
ORD02229,CUST0580,Lucknow,20:31.9,Credit Card,Delivered,08-06-2025
ORD00974,CUST0124,Ahmedabad,18:10.3,Nykaa Wallet,Delivered,10-07-2025
ORD04512,CUST0318,Delhi,48:43.5,Credit Card,Delivered,15-02-2026
ORD01708,CUST0512,Delhi,16:39.8,Debit Card,Delivered,19-12-2025
ORD01492,CUST0534,Kolkata,28:56.5,UPI,Delivered,21-08-2025
ORD01211,CUST0724,Pune,59:43.5,Nykaa Wallet,Delivered,21-02-2026
ORD00135,CUST0645,Ahmedabad,02:05.9,Nykaa Wallet,Delivered,06-01-2026
ORD00943,CUST0401,Jaipur,53:53.8,Credit Card,Cancelled,22-10-2025
ORD04146,CUST0212,Ahmedabad,15:37.9,Nykaa Wallet,Delivered,24-05-2025
ORD03916,CUST0175,Delhi,51:47.5,EMI,Delivered,31-03-2026
ORD02211,CUST0405,Mumbai,16:46.3,Nykaa Wallet,Delivered,01-02-2026
ORD01886,CUST0527,Mumbai,25:30.7,UPI,Delivered,13-08-2025
ORD04309,CUST0119,Pune,11:00.1,Nykaa Wallet,Delivered,27-10-2025
ORD02407,CUST0860,Lucknow,25:59.0,Credit Card,Delivered,15-08-2025
ORD00858,CUST0803,Pune,17:55.3,Nykaa Wallet,Delivered,20-03-2026
ORD01243,CUST0879,Chennai,35:48.4,Debit Card,Delivered,07-12-2025
ORD02949,CUST0935,Bangalore,57:49.7,Debit Card,Delivered,28-05-2025
ORD03654,CUST0250,Lucknow,47:53.6,UPI,Cancelled,06-12-2025
ORD03361,CUST0988,Delhi,32:13.7,EMI,Delivered,01-08-2025
ORD02278,CUST0027,Chennai,32:54.3,Debit Card,Delivered,24-04-2025
ORD04648,CUST0825,Jaipur,43:28.2,Debit Card,Delivered,29-04-2025
ORD04640,CUST0277,Ahmedabad,32:21.7,Credit Card,Delivered,25-08-2025
ORD01614,CUST0049,Bangalore,05:41.6,Debit Card,Delivered,30-11-2025
ORD00960,CUST0648,Hyderabad,38:59.9,Credit Card,Delivered,20-09-2025
ORD03013,CUST0993,Kolkata,50:06.0,EMI,Delivered,11-09-2025
ORD03254,CUST0030,Hyderabad,05:35.3,Nykaa Wallet,Delivered,07-05-2025
ORD01387,CUST0749,Chennai,21:44.0,UPI,Cancelled,26-02-2026
ORD03584,CUST0315,Hyderabad,32:02.9,UPI,Cancelled,03-02-2026
ORD02614,CUST0096,Ahmedabad,54:21.9,EMI,Delivered,20-02-2026
ORD04514,CUST0100,Chennai,03:09.0,Credit Card,Delivered,04-04-2025
ORD01478,CUST0984,Hyderabad,11:35.9,Cash on Delivery,Delivered,01-10-2025
ORD01336,CUST0986,Pune,32:17.6,UPI,Delivered,26-11-2025
ORD04183,CUST0584,Kolkata,39:15.8,UPI,Delivered,02-07-2025
ORD04403,CUST0481,Delhi,38:41.2,Nykaa Wallet,Delivered,17-06-2025
ORD01959,CUST0570,Hyderabad,43:56.3,Credit Card,Cancelled,27-04-2025
ORD03173,CUST0753,Lucknow,52:12.4,EMI,Delivered,16-10-2025
ORD02328,CUST0370,Ahmedabad,10:09.2,Nykaa Wallet,Delivered,04-08-2025
ORD02816,CUST0489,Jaipur,42:51.4,Cash on Delivery,Delivered,15-01-2026
ORD03869,CUST0561,Chennai,53:23.6,Debit Card,Delivered,20-11-2025
ORD01393,CUST0901,Lucknow,46:59.5,Credit Card,Delivered,07-02-2026
ORD04287,CUST0523,Kolkata,08:54.9,Debit Card,Delivered,13-11-2025
ORD04664,CUST0427,Hyderabad,14:52.4,Debit Card,Delivered,07-01-2026
ORD03015,CUST0519,Pune,45:23.9,UPI,Delivered,21-03-2026
ORD02244,CUST0490,Chennai,02:22.5,Credit Card,Delivered,28-01-2026
ORD04297,CUST0061,Chennai,19:47.4,Debit Card,Cancelled,26-07-2025
ORD04999,CUST0695,Lucknow,58:38.4,EMI,Delivered,27-06-2025
ORD02754,CUST0977,Lucknow,48:27.8,Credit Card,Delivered,12-01-2026
ORD03950,CUST0839,Kolkata,45:10.0,Credit Card,Delivered,11-10-2025
ORD04362,CUST0521,Lucknow,06:26.0,Cash on Delivery,Cancelled,16-06-2025
ORD03541,CUST0689,Pune,16:36.1,Credit Card,Delivered,14-05-2025
ORD02544,CUST0199,Pune,47:34.6,UPI,Delivered,09-02-2026
ORD03730,CUST0016,Chennai,01:23.6,Cash on Delivery,Delivered,17-04-2025
ORD00759,CUST0638,Ahmedabad,03:10.7,Cash on Delivery,Delivered,02-10-2025
ORD04775,CUST0932,Delhi,32:36.0,Debit Card,Delivered,06-02-2026
ORD01446,CUST0928,Chennai,01:07.6,Nykaa Wallet,Delivered,01-12-2025
ORD00551,CUST0753,Lucknow,10:51.0,Credit Card,Delivered,13-09-2025
ORD04473,CUST0597,Jaipur,48:48.0,Credit Card,Delivered,01-03-2026
ORD01642,CUST0217,Lucknow,19:35.9,UPI,Delivered,20-02-2026
ORD00282,CUST0646,Kolkata,48:45.6,EMI,Delivered,24-03-2026
ORD00504,CUST0295,Lucknow,13:59.0,Credit Card,Delivered,24-06-2025
ORD01359,CUST0647,Chennai,37:55.1,Nykaa Wallet,Delivered,10-02-2026
ORD04703,CUST0134,Pune,26:28.3,Nykaa Wallet,Delivered,19-02-2026
ORD00598,CUST0675,Lucknow,07:13.9,Credit Card,Delivered,18-10-2025
ORD01677,CUST0673,Mumbai,09:14.1,Nykaa Wallet,Delivered,22-05-2025
ORD02982,CUST0547,Mumbai,50:07.4,EMI,Delivered,20-07-2025
ORD01235,CUST0163,Mumbai,41:09.2,Credit Card,Delivered,26-04-2025
ORD01052,CUST0471,Bangalore,22:15.9,Cash on Delivery,Delivered,20-04-2025
ORD03609,CUST0511,Lucknow,30:24.8,EMI,Delivered,25-08-2025
ORD00429,CUST0573,Bangalore,40:13.2,Cash on Delivery,Delivered,04-08-2025
ORD04927,CUST0615,Pune,08:24.3,EMI,Delivered,27-02-2026
ORD03679,CUST0302,Hyderabad,11:09.1,Cash on Delivery,Cancelled,30-08-2025
ORD00103,CUST0526,Lucknow,26:23.3,Nykaa Wallet,Delivered,26-03-2026
ORD02422,CUST0691,Jaipur,59:46.9,EMI,Delivered,05-01-2026
ORD04127,CUST0471,Bangalore,25:46.7,Nykaa Wallet,Delivered,02-06-2025
ORD03402,CUST0690,Lucknow,38:06.6,Credit Card,Delivered,08-01-2026
ORD01957,CUST0343,Chennai,35:16.1,Credit Card,Delivered,25-03-2026
ORD00096,CUST0193,Chennai,15:35.4,Cash on Delivery,Delivered,08-05-2025
ORD03954,CUST0741,Mumbai,31:40.9,EMI,Delivered,08-11-2025
ORD00362,CUST0368,Mumbai,11:25.7,Nykaa Wallet,Delivered,29-06-2025
ORD02920,CUST0710,Chennai,34:42.2,Credit Card,Delivered,05-07-2025
ORD03416,CUST0597,Jaipur,42:41.5,Credit Card,Cancelled,28-03-2026
ORD02893,CUST0443,Delhi,35:31.5,UPI,Delivered,09-07-2025
ORD00907,CUST0633,Kolkata,40:39.1,Credit Card,Delivered,19-02-2026
ORD02645,CUST0156,Hyderabad,18:32.4,Debit Card,Delivered,07-01-2026
ORD00808,CUST0995,Hyderabad,11:11.5,UPI,Delivered,13-06-2025
ORD03737,CUST0660,Hyderabad,54:18.5,Nykaa Wallet,Delivered,03-06-2025
ORD03217,CUST0404,Chennai,51:38.6,UPI,Delivered,22-06-2025
ORD02472,CUST0564,Chennai,09:23.4,Nykaa Wallet,Delivered,02-03-2026
ORD04500,CUST0649,Pune,34:35.3,Debit Card,Delivered,17-03-2026
ORD02517,CUST0522,Mumbai,31:45.6,EMI,Delivered,27-06-2025
ORD02822,CUST0259,Delhi,03:42.1,Cash on Delivery,Returned,26-03-2026
ORD02663,CUST0980,Ahmedabad,33:20.1,Nykaa Wallet,Delivered,19-01-2026
ORD01563,CUST0725,Delhi,20:07.4,Credit Card,Delivered,13-08-2025
ORD01717,CUST0675,Lucknow,06:20.5,Debit Card,Delivered,29-08-2025
ORD04077,CUST0128,Jaipur,12:01.6,Cash on Delivery,Delivered,18-09-2025
ORD02968,CUST0963,Bangalore,48:09.8,EMI,Delivered,09-12-2025
ORD02107,CUST0836,Mumbai,39:49.5,Cash on Delivery,Delivered,14-10-2025
ORD04103,CUST0497,Lucknow,23:28.9,Debit Card,Delivered,05-03-2026
ORD00385,CUST0005,Pune,03:23.0,EMI,Delivered,18-12-2025
ORD00302,CUST0441,Hyderabad,14:09.0,Debit Card,Returned,10-08-2025
ORD04584,CUST0116,Chennai,28:05.2,Debit Card,Delivered,03-10-2025
ORD01252,CUST0537,Kolkata,42:42.6,Cash on Delivery,Delivered,03-05-2025
ORD00939,CUST0144,Kolkata,07:20.1,UPI,Delivered,12-03-2026
ORD01989,CUST0837,Hyderabad,50:17.4,Debit Card,Delivered,12-11-2025
ORD00508,CUST0084,Lucknow,26:49.3,Credit Card,Delivered,11-07-2025
ORD02404,CUST0249,Lucknow,48:21.5,Debit Card,Delivered,14-11-2025
ORD02195,CUST0284,Hyderabad,23:12.7,Cash on Delivery,Delivered,20-02-2026
ORD00168,CUST0819,Pune,00:56.4,UPI,Delivered,19-03-2026
ORD03453,CUST0976,Hyderabad,45:45.8,Debit Card,Delivered,09-11-2025
ORD03099,CUST0186,Mumbai,05:40.1,EMI,Delivered,09-04-2025
ORD03820,CUST0208,Mumbai,26:53.5,Credit Card,Delivered,04-06-2025
ORD00856,CUST0876,Kolkata,56:43.4,Debit Card,Delivered,27-08-2025
ORD01832,CUST0005,Pune,11:11.5,EMI,Delivered,13-06-2025
ORD04733,CUST0520,Chennai,52:01.8,UPI,Delivered,14-12-2025
ORD03551,CUST0664,Bangalore,18:43.8,Cash on Delivery,Delivered,21-04-2025
ORD03237,CUST0309,Hyderabad,40:10.4,Cash on Delivery,Delivered,07-09-2025
ORD03832,CUST0744,Lucknow,54:48.9,Debit Card,Delivered,19-02-2026
ORD02678,CUST0540,Hyderabad,01:17.8,Debit Card,Delivered,15-12-2025
ORD00032,CUST0951,Bangalore,12:09.0,Nykaa Wallet,Delivered,30-04-2025
ORD02016,CUST0726,Jaipur,44:11.7,Nykaa Wallet,Cancelled,16-11-2025
ORD04240,CUST0010,Lucknow,18:00.7,EMI,Delivered,07-10-2025
ORD00947,CUST0927,Chennai,57:17.1,Cash on Delivery,Cancelled,18-02-2026
ORD04213,CUST0240,Ahmedabad,42:00.9,Nykaa Wallet,Delivered,24-04-2025
ORD04701,CUST0583,Mumbai,43:08.3,Nykaa Wallet,Delivered,24-07-2025
ORD00610,CUST0075,Pune,54:26.2,UPI,Cancelled,01-12-2025
ORD02248,CUST0616,Mumbai,42:03.7,EMI,Delivered,09-08-2025
ORD04696,CUST0867,Jaipur,55:04.0,Cash on Delivery,Delivered,10-09-2025
ORD02173,CUST0161,Mumbai,39:51.0,EMI,Delivered,10-09-2025
ORD03901,CUST0293,Hyderabad,44:48.1,Cash on Delivery,Delivered,22-05-2025
ORD04845,CUST0581,Lucknow,53:34.5,Cash on Delivery,Delivered,20-11-2025
ORD04167,CUST0085,Bangalore,56:46.6,Credit Card,Delivered,12-03-2026
ORD02052,CUST0633,Kolkata,29:05.3,EMI,Delivered,10-10-2025
ORD02487,CUST0625,Chennai,10:52.0,UPI,Delivered,11-03-2026
ORD03787,CUST0222,Delhi,16:04.6,Nykaa Wallet,Delivered,14-06-2025
ORD03405,CUST0181,Kolkata,35:10.6,UPI,Returned,17-12-2025
ORD02709,CUST0786,Jaipur,48:54.5,Nykaa Wallet,Returned,20-06-2025
ORD01000,CUST0617,Chennai,33:54.7,Debit Card,Delivered,29-12-2025
ORD01626,CUST0549,Chennai,20:30.6,UPI,Delivered,15-04-2025
ORD04840,CUST0643,Chennai,47:23.6,Cash on Delivery,Delivered,30-09-2025
ORD02180,CUST0470,Kolkata,03:06.9,EMI,Delivered,02-04-2025
ORD02695,CUST0294,Mumbai,53:07.8,Credit Card,Delivered,01-10-2025
ORD00951,CUST0723,Mumbai,00:30.0,Cash on Delivery,Delivered,19-01-2026
ORD02564,CUST0587,Ahmedabad,34:37.8,Cash on Delivery,Delivered,08-03-2026
ORD01883,CUST0795,Jaipur,28:51.9,EMI,Cancelled,21-06-2025
ORD02785,CUST0329,Pune,37:49.5,EMI,Delivered,23-04-2025
ORD03852,CUST0723,Mumbai,13:43.8,Credit Card,Delivered,04-10-2025
ORD03536,CUST0531,Jaipur,36:29.2,Credit Card,Delivered,02-01-2026
ORD02997,CUST0527,Mumbai,06:30.0,Nykaa Wallet,Cancelled,08-05-2025
ORD04329,CUST0710,Chennai,16:20.7,EMI,Returned,15-02-2026
ORD02586,CUST0047,Ahmedabad,57:48.7,UPI,Delivered,15-10-2025
ORD04399,CUST0007,Pune,59:18.7,Cash on Delivery,Delivered,15-02-2026
ORD03451,CUST0701,Mumbai,41:04.3,EMI,Delivered,16-01-2026
ORD03530,CUST0994,Ahmedabad,40:55.8,Nykaa Wallet,Delivered,04-02-2026
ORD03721,CUST0330,Jaipur,54:09.0,Nykaa Wallet,Delivered,08-09-2025
ORD04544,CUST0380,Mumbai,55:06.5,Credit Card,Returned,15-11-2025
ORD00689,CUST0261,Lucknow,53:23.9,Credit Card,Delivered,11-05-2025
ORD04263,CUST0270,Bangalore,49:02.2,Cash on Delivery,Delivered,08-05-2025
ORD00373,CUST0601,Delhi,53:44.3,Nykaa Wallet,Returned,07-09-2025
ORD02721,CUST0187,Mumbai,23:11.3,Nykaa Wallet,Returned,10-01-2026
ORD01240,CUST0426,Jaipur,47:24.2,Debit Card,Delivered,16-05-2025
ORD04968,CUST0585,Ahmedabad,25:31.7,Cash on Delivery,Returned,04-01-2026
ORD04277,CUST0117,Kolkata,28:57.5,Nykaa Wallet,Delivered,21-12-2025
ORD02936,CUST0621,Delhi,30:28.2,Nykaa Wallet,Delivered,14-12-2025
ORD04932,CUST0583,Mumbai,10:33.1,Credit Card,Delivered,16-06-2025
ORD02256,CUST0013,Chennai,18:15.4,Debit Card,Delivered,06-05-2025
ORD00521,CUST0189,Bangalore,25:59.3,EMI,Delivered,28-04-2025
ORD01463,CUST0226,Hyderabad,35:33.2,Nykaa Wallet,Delivered,27-02-2026
ORD02400,CUST0786,Jaipur,51:45.4,Debit Card,Delivered,01-10-2025
ORD04627,CUST0386,Ahmedabad,54:03.4,Nykaa Wallet,Delivered,12-03-2026
ORD01370,CUST0312,Lucknow,20:58.1,Credit Card,Cancelled,15-03-2026
ORD00805,CUST0399,Ahmedabad,01:08.7,EMI,Delivered,19-04-2025
ORD03634,CUST0627,Ahmedabad,14:41.1,Credit Card,Delivered,06-03-2026
ORD01877,CUST0288,Mumbai,50:55.7,UPI,Delivered,02-07-2025
ORD02202,CUST0083,Pune,26:52.5,Credit Card,Cancelled,07-09-2025
ORD02231,CUST0390,Kolkata,13:03.1,Cash on Delivery,Delivered,07-07-2025
ORD01452,CUST0555,Mumbai,18:01.9,EMI,Delivered,11-05-2025
ORD00803,CUST0042,Ahmedabad,12:20.8,Cash on Delivery,Delivered,12-06-2025
ORD04991,CUST0956,Kolkata,34:27.2,EMI,Delivered,19-12-2025
ORD02805,CUST0531,Jaipur,31:59.1,UPI,Delivered,25-01-2026
ORD00350,CUST0172,Lucknow,05:20.2,EMI,Delivered,12-11-2025
ORD01451,CUST0646,Kolkata,38:23.7,Credit Card,Delivered,23-01-2026
ORD04338,CUST0900,Lucknow,12:31.9,EMI,Returned,16-06-2025
ORD04091,CUST0751,Delhi,45:14.0,Nykaa Wallet,Delivered,31-01-2026
ORD02326,CUST0211,Ahmedabad,51:51.4,EMI,Returned,03-11-2025
ORD04094,CUST0089,Jaipur,52:08.7,Credit Card,Cancelled,18-03-2026
ORD01732,CUST0054,Ahmedabad,27:19.9,Nykaa Wallet,Cancelled,09-10-2025
ORD03621,CUST0134,Pune,35:51.3,Debit Card,Returned,11-11-2025
ORD01695,CUST0647,Chennai,44:08.2,EMI,Delivered,19-08-2025
ORD00903,CUST0584,Kolkata,01:27.2,Credit Card,Delivered,08-02-2026
ORD00891,CUST0291,Mumbai,53:01.3,UPI,Delivered,21-01-2026
ORD01006,CUST0512,Delhi,55:06.2,Cash on Delivery,Delivered,12-01-2026
ORD04307,CUST0953,Ahmedabad,14:32.1,EMI,Delivered,17-06-2025
ORD03200,CUST0800,Hyderabad,28:42.8,Debit Card,Returned,02-07-2025
ORD01765,CUST0590,Lucknow,04:51.3,Credit Card,Delivered,18-06-2025
ORD04617,CUST0241,Hyderabad,45:29.9,Cash on Delivery,Delivered,22-03-2026
ORD03285,CUST0149,Ahmedabad,57:34.9,Credit Card,Delivered,05-09-2025
ORD00772,CUST0508,Chennai,35:40.2,Debit Card,Delivered,15-10-2025
ORD01825,CUST0232,Mumbai,29:32.6,Debit Card,Delivered,04-05-2025
ORD02910,CUST0039,Delhi,47:59.3,Debit Card,Delivered,27-09-2025
ORD04385,CUST0866,Delhi,33:53.5,UPI,Delivered,14-08-2025
ORD03882,CUST0544,Mumbai,09:48.8,Debit Card,Delivered,19-04-2025
ORD04652,CUST0273,Jaipur,55:02.1,Credit Card,Delivered,07-01-2026
ORD02417,CUST0847,Chennai,20:17.3,Credit Card,Delivered,25-05-2025
ORD03225,CUST0912,Ahmedabad,09:28.2,EMI,Delivered,30-06-2025
ORD01525,CUST0556,Hyderabad,42:19.8,Credit Card,Delivered,15-04-2025
ORD01691,CUST0367,Mumbai,37:16.0,Cash on Delivery,Delivered,28-12-2025
ORD03777,CUST0751,Delhi,46:12.6,Debit Card,Delivered,12-05-2025
ORD03642,CUST0654,Chennai,46:28.9,Credit Card,Delivered,09-09-2025
ORD03841,CUST0055,Hyderabad,58:33.2,Debit Card,Delivered,04-09-2025
ORD03394,CUST0695,Lucknow,24:46.3,Debit Card,Delivered,14-09-2025
ORD00963,CUST0627,Ahmedabad,11:34.1,Nykaa Wallet,Delivered,09-06-2025
ORD02057,CUST0614,Delhi,01:27.0,Cash on Delivery,Cancelled,15-01-2026
ORD03393,CUST0819,Pune,19:26.4,EMI,Delivered,27-05-2025
ORD01119,CUST0320,Chennai,23:24.7,Credit Card,Delivered,28-04-2025
ORD01742,CUST0849,Lucknow,43:49.2,EMI,Cancelled,08-11-2025
ORD01022,CUST0025,Mumbai,56:29.5,Credit Card,Delivered,10-08-2025
ORD00129,CUST0943,Ahmedabad,25:59.3,UPI,Delivered,08-09-2025
ORD01566,CUST0646,Kolkata,38:30.0,Cash on Delivery,Cancelled,04-10-2025
ORD04342,CUST0330,Jaipur,58:08.5,Nykaa Wallet,Delivered,11-08-2025
ORD01356,CUST0870,Kolkata,56:26.8,Credit Card,Delivered,19-04-2025
ORD00108,CUST0005,Pune,20:20.1,Nykaa Wallet,Delivered,31-12-2025
ORD03485,CUST0634,Bangalore,58:18.5,Credit Card,Delivered,23-07-2025
ORD01847,CUST0821,Delhi,33:26.0,UPI,Delivered,11-08-2025
ORD01239,CUST0289,Ahmedabad,04:58.6,Debit Card,Delivered,20-04-2025
ORD03449,CUST0288,Mumbai,47:57.1,Nykaa Wallet,Delivered,26-04-2025
ORD00109,CUST0172,Lucknow,50:59.8,Cash on Delivery,Delivered,24-12-2025
ORD00467,CUST0807,Delhi,03:48.5,Debit Card,Delivered,30-12-2025
ORD04660,CUST0924,Hyderabad,43:39.2,UPI,Delivered,04-10-2025
ORD03514,CUST0530,Kolkata,13:59.0,Debit Card,Delivered,26-07-2025
ORD00788,CUST0010,Lucknow,42:47.1,Cash on Delivery,Delivered,27-02-2026
ORD01618,CUST0448,Jaipur,46:08.2,EMI,Delivered,24-05-2025
ORD01112,CUST0034,Pune,03:22.4,Nykaa Wallet,Returned,25-04-2025
ORD03493,CUST0476,Mumbai,45:48.6,Debit Card,Delivered,02-07-2025
ORD01578,CUST0111,Jaipur,41:11.8,Nykaa Wallet,Returned,10-05-2025
ORD02186,CUST0805,Bangalore,20:53.0,Cash on Delivery,Cancelled,17-07-2025
ORD00325,CUST0424,Ahmedabad,23:39.2,Cash on Delivery,Delivered,20-07-2025
ORD03322,CUST0423,Bangalore,37:23.7,Debit Card,Delivered,08-08-2025
ORD02897,CUST0750,Chennai,11:52.4,Debit Card,Delivered,29-05-2025
ORD00818,CUST0186,Mumbai,37:39.4,EMI,Delivered,25-07-2025
ORD00983,CUST0781,Bangalore,22:18.3,EMI,Delivered,11-01-2026
ORD00231,CUST0012,Ahmedabad,49:22.2,Cash on Delivery,Delivered,16-12-2025
ORD04234,CUST0052,Jaipur,03:00.8,Debit Card,Delivered,29-11-2025
ORD00227,CUST0649,Pune,09:32.5,Cash on Delivery,Delivered,01-12-2025
ORD04069,CUST0858,Mumbai,15:23.6,Nykaa Wallet,Delivered,21-07-2025
ORD00156,CUST0483,Delhi,49:26.4,Credit Card,Cancelled,20-11-2025
ORD03629,CUST0692,Delhi,26:10.5,Debit Card,Delivered,27-04-2025
ORD04377,CUST0680,Mumbai,39:55.9,Debit Card,Delivered,17-12-2025
ORD00365,CUST0406,Delhi,05:53.4,Credit Card,Delivered,20-08-2025
ORD00967,CUST0436,Chennai,32:08.9,Cash on Delivery,Delivered,14-11-2025
ORD03072,CUST0994,Ahmedabad,07:52.2,Debit Card,Delivered,25-01-2026
ORD01722,CUST0949,Jaipur,43:18.7,UPI,Delivered,14-08-2025
ORD04360,CUST0478,Ahmedabad,48:53.0,UPI,Cancelled,18-06-2025
ORD01352,CUST0328,Jaipur,53:22.1,UPI,Delivered,12-08-2025
ORD01882,CUST0203,Ahmedabad,51:10.1,Nykaa Wallet,Returned,01-05-2025
ORD00688,CUST0071,Jaipur,24:27.3,UPI,Delivered,01-08-2025
ORD00843,CUST0377,Lucknow,41:09.4,UPI,Delivered,16-01-2026
ORD01760,CUST0311,Hyderabad,23:01.8,Credit Card,Returned,11-12-2025
ORD01281,CUST0641,Pune,57:13.0,Nykaa Wallet,Returned,06-05-2025
ORD01733,CUST0508,Chennai,57:18.4,Cash on Delivery,Delivered,02-08-2025
ORD01576,CUST0578,Mumbai,02:11.1,Credit Card,Delivered,08-02-2026
ORD04529,CUST0817,Hyderabad,13:30.7,EMI,Delivered,21-04-2025
ORD01998,CUST0256,Pune,59:14.6,Nykaa Wallet,Delivered,16-12-2025
ORD00700,CUST0246,Bangalore,37:53.0,Cash on Delivery,Returned,19-01-2026
ORD02397,CUST0783,Kolkata,36:13.0,EMI,Delivered,11-08-2025
ORD01460,CUST0475,Chennai,58:04.6,EMI,Delivered,23-07-2025
ORD00188,CUST0536,Kolkata,59:18.3,Credit Card,Delivered,06-06-2025
ORD02337,CUST0438,Hyderabad,45:56.4,Credit Card,Cancelled,24-09-2025
ORD02800,CUST0327,Delhi,45:30.3,Nykaa Wallet,Returned,02-02-2026
ORD00482,CUST0098,Jaipur,49:36.8,Debit Card,Delivered,03-07-2025
ORD01968,CUST0522,Mumbai,12:35.6,Credit Card,Cancelled,16-02-2026
ORD04989,CUST0914,Pune,19:38.4,Debit Card,Delivered,12-01-2026
ORD03329,CUST0493,Bangalore,16:57.0,Debit Card,Delivered,01-11-2025
ORD01591,CUST0356,Chennai,46:58.7,Cash on Delivery,Delivered,15-10-2025
ORD00483,CUST0528,Hyderabad,17:56.5,EMI,Cancelled,03-08-2025
ORD01175,CUST0995,Hyderabad,52:35.0,EMI,Delivered,04-10-2025
ORD00824,CUST0799,Pune,52:45.4,UPI,Delivered,11-05-2025
ORD02647,CUST0989,Jaipur,44:40.4,UPI,Cancelled,19-11-2025
ORD02717,CUST0290,Lucknow,20:43.0,Credit Card,Delivered,17-10-2025
ORD00384,CUST0495,Hyderabad,41:54.6,Credit Card,Delivered,07-07-2025
ORD01521,CUST0707,Kolkata,53:49.4,UPI,Delivered,08-06-2025
ORD02777,CUST0340,Mumbai,54:17.6,Debit Card,Delivered,28-09-2025
ORD03973,CUST0392,Kolkata,40:56.9,EMI,Delivered,27-07-2025
ORD02083,CUST0536,Kolkata,50:15.4,Debit Card,Delivered,23-05-2025
ORD00567,CUST0877,Ahmedabad,07:34.9,Credit Card,Cancelled,16-05-2025
ORD03684,CUST0307,Lucknow,05:49.3,Debit Card,Delivered,29-10-2025
ORD02915,CUST0467,Bangalore,06:50.0,Debit Card,Delivered,27-06-2025
ORD03327,CUST0428,Kolkata,15:19.8,Cash on Delivery,Cancelled,12-01-2026
ORD02810,CUST0880,Bangalore,33:58.9,EMI,Cancelled,02-04-2025
ORD00223,CUST0387,Kolkata,51:32.2,UPI,Delivered,19-11-2025
ORD04904,CUST0957,Hyderabad,38:10.9,Debit Card,Delivered,11-05-2025
ORD04138,CUST0227,Hyderabad,44:21.4,Cash on Delivery,Delivered,16-02-2026
ORD02009,CUST0624,Chennai,45:47.5,EMI,Delivered,07-12-2025
ORD04731,CUST0690,Lucknow,46:42.0,Credit Card,Delivered,19-11-2025
ORD04432,CUST0454,Ahmedabad,05:16.7,EMI,Delivered,15-08-2025
ORD04948,CUST0920,Delhi,46:41.6,EMI,Delivered,20-10-2025
ORD00343,CUST0849,Lucknow,21:58.2,Credit Card,Delivered,12-06-2025
ORD02603,CUST0658,Delhi,34:46.7,EMI,Returned,24-04-2025
ORD03564,CUST0668,Ahmedabad,13:13.1,Nykaa Wallet,Cancelled,28-10-2025
ORD01160,CUST0799,Pune,35:45.1,Cash on Delivery,Delivered,09-12-2025
ORD03699,CUST0323,Hyderabad,53:22.7,Nykaa Wallet,Delivered,13-07-2025
ORD03146,CUST0234,Hyderabad,05:11.4,Nykaa Wallet,Delivered,01-06-2025
ORD00959,CUST0761,Pune,17:37.3,Debit Card,Delivered,25-07-2025
ORD01358,CUST0743,Hyderabad,31:01.2,Nykaa Wallet,Delivered,11-05-2025
ORD02272,CUST0419,Hyderabad,16:20.4,Cash on Delivery,Delivered,21-01-2026
ORD02941,CUST0495,Hyderabad,29:26.0,Debit Card,Cancelled,03-05-2025
ORD03243,CUST0899,Jaipur,22:43.6,Nykaa Wallet,Cancelled,17-06-2025
ORD02918,CUST0544,Mumbai,04:11.8,Debit Card,Delivered,27-06-2025
ORD02979,CUST0140,Ahmedabad,53:18.4,Debit Card,Delivered,25-01-2026
ORD04390,CUST0066,Delhi,13:06.9,EMI,Delivered,29-01-2026
ORD01205,CUST0121,Ahmedabad,46:24.2,EMI,Delivered,03-06-2025
ORD04881,CUST0182,Pune,01:44.1,Credit Card,Delivered,24-02-2026
ORD04257,CUST0256,Pune,09:04.1,UPI,Delivered,06-03-2026
ORD02668,CUST0094,Hyderabad,03:17.9,EMI,Delivered,19-06-2025
ORD04736,CUST0106,Hyderabad,28:47.9,EMI,Delivered,13-06-2025
ORD03693,CUST0660,Hyderabad,27:45.3,Credit Card,Delivered,28-10-2025
ORD04921,CUST0791,Mumbai,39:52.3,Debit Card,Delivered,29-04-2025
ORD04013,CUST0786,Jaipur,35:02.8,UPI,Returned,04-03-2026
ORD03633,CUST0161,Mumbai,11:39.2,Debit Card,Delivered,10-02-2026
ORD02533,CUST0598,Lucknow,00:37.5,Debit Card,Delivered,25-09-2025
ORD02238,CUST0139,Jaipur,33:46.6,Credit Card,Delivered,01-09-2025
ORD01778,CUST0602,Bangalore,31:14.9,Nykaa Wallet,Returned,01-05-2025
ORD03802,CUST0307,Lucknow,46:50.6,Credit Card,Delivered,17-05-2025
ORD01638,CUST0628,Hyderabad,36:17.5,UPI,Delivered,11-02-2026
ORD04693,CUST0600,Pune,25:31.4,Cash on Delivery,Delivered,12-05-2025
ORD02661,CUST0715,Mumbai,13:49.6,UPI,Delivered,07-12-2025
ORD02253,CUST0691,Jaipur,32:53.0,UPI,Delivered,03-03-2026
ORD02904,CUST0409,Delhi,50:05.2,UPI,Delivered,14-07-2025
ORD00761,CUST0970,Kolkata,10:36.0,EMI,Delivered,04-10-2025
ORD02479,CUST0741,Mumbai,14:15.3,EMI,Delivered,18-03-2026
ORD01537,CUST0400,Delhi,19:53.2,Cash on Delivery,Delivered,30-05-2025
ORD04197,CUST0456,Chennai,54:28.3,Debit Card,Delivered,01-06-2025
ORD00547,CUST0815,Ahmedabad,56:51.2,UPI,Returned,01-07-2025
ORD02007,CUST0256,Pune,00:11.6,EMI,Delivered,12-02-2026
ORD03421,CUST0263,Delhi,28:07.6,EMI,Cancelled,17-12-2025
ORD01972,CUST0710,Chennai,30:13.8,Nykaa Wallet,Delivered,18-11-2025
ORD01698,CUST0950,Delhi,04:14.2,Debit Card,Delivered,25-01-2026
ORD01341,CUST0120,Kolkata,42:01.4,Debit Card,Cancelled,27-07-2025
ORD03460,CUST0014,Delhi,02:11.3,Nykaa Wallet,Delivered,15-12-2025
ORD00637,CUST0710,Chennai,14:35.8,Cash on Delivery,Delivered,08-08-2025
ORD02245,CUST0715,Mumbai,40:02.7,EMI,Delivered,22-08-2025
ORD01473,CUST0637,Chennai,58:52.2,EMI,Delivered,28-12-2025
ORD01441,CUST0253,Hyderabad,13:42.7,Nykaa Wallet,Returned,01-08-2025
ORD02736,CUST0313,Chennai,39:22.2,Cash on Delivery,Delivered,12-10-2025
ORD01592,CUST0033,Chennai,01:17.1,Debit Card,Returned,29-08-2025
ORD02829,CUST0369,Jaipur,54:47.9,Credit Card,Cancelled,08-08-2025
ORD04813,CUST0476,Mumbai,22:35.7,Debit Card,Delivered,20-06-2025
ORD04744,CUST0117,Kolkata,43:12.3,UPI,Returned,17-09-2025
ORD04196,CUST0188,Lucknow,58:18.6,Credit Card,Cancelled,15-03-2026
ORD00055,CUST0723,Mumbai,56:28.8,UPI,Delivered,28-03-2026
ORD02602,CUST0993,Kolkata,21:25.4,UPI,Delivered,09-03-2026
ORD02299,CUST0317,Jaipur,12:34.2,Credit Card,Delivered,29-06-2025
ORD03956,CUST0528,Hyderabad,42:45.8,Debit Card,Delivered,17-08-2025
ORD03251,CUST0575,Lucknow,12:53.5,Debit Card,Delivered,18-11-2025
ORD02091,CUST0898,Bangalore,12:19.4,Debit Card,Delivered,05-07-2025
ORD04245,CUST0669,Ahmedabad,40:08.4,UPI,Delivered,15-05-2025
ORD04671,CUST0197,Pune,45:42.7,Nykaa Wallet,Delivered,18-03-2026
ORD02607,CUST0036,Chennai,03:18.2,Nykaa Wallet,Delivered,17-04-2025
ORD01176,CUST0196,Kolkata,40:33.7,Cash on Delivery,Delivered,28-10-2025
ORD03940,CUST0449,Delhi,47:11.3,UPI,Delivered,07-10-2025
ORD04801,CUST0377,Lucknow,36:20.1,Nykaa Wallet,Returned,26-07-2025
ORD01015,CUST0509,Bangalore,04:15.3,Nykaa Wallet,Delivered,24-11-2025
ORD03423,CUST0089,Jaipur,13:20.3,Credit Card,Delivered,16-11-2025
ORD01177,CUST0246,Bangalore,03:04.4,Debit Card,Returned,10-03-2026
ORD02587,CUST0467,Bangalore,23:20.7,Nykaa Wallet,Delivered,23-10-2025
ORD00258,CUST0968,Pune,54:04.6,Cash on Delivery,Returned,29-09-2025
ORD02315,CUST0419,Hyderabad,16:18.3,Credit Card,Delivered,31-07-2025
ORD01024,CUST0180,Pune,51:50.5,Cash on Delivery,Delivered,17-11-2025
ORD01299,CUST0614,Delhi,04:54.3,Nykaa Wallet,Delivered,17-01-2026
ORD04750,CUST0062,Mumbai,06:15.2,Cash on Delivery,Delivered,17-04-2025
ORD01323,CUST0970,Kolkata,32:32.7,Debit Card,Delivered,16-10-2025
ORD04072,CUST0916,Hyderabad,09:36.5,Debit Card,Delivered,18-02-2026
ORD00078,CUST0888,Delhi,10:24.4,Cash on Delivery,Cancelled,04-02-2026
ORD00546,CUST0578,Mumbai,13:42.3,UPI,Cancelled,11-02-2026
ORD00335,CUST0717,Mumbai,06:13.2,Cash on Delivery,Delivered,10-12-2025
ORD03792,CUST0671,Jaipur,27:13.8,UPI,Returned,08-07-2025
ORD04878,CUST0110,Lucknow,27:45.9,Cash on Delivery,Returned,21-07-2025
ORD03169,CUST0944,Bangalore,54:13.5,Credit Card,Delivered,02-07-2025
ORD01826,CUST0778,Kolkata,06:49.6,Debit Card,Delivered,30-12-2025
ORD03260,CUST0153,Delhi,00:05.6,Credit Card,Delivered,04-09-2025
ORD02852,CUST0478,Ahmedabad,00:39.0,UPI,Delivered,04-10-2025
ORD01744,CUST0011,Delhi,35:43.9,UPI,Delivered,20-05-2025
ORD02486,CUST0968,Pune,54:56.5,Nykaa Wallet,Delivered,07-04-2025
ORD01192,CUST0091,Hyderabad,04:06.4,Nykaa Wallet,Delivered,22-11-2025
ORD04009,CUST0428,Kolkata,44:36.9,Credit Card,Delivered,06-09-2025
ORD04751,CUST0636,Chennai,25:34.8,Cash on Delivery,Delivered,03-02-2026
ORD04291,CUST0205,Mumbai,18:07.3,Cash on Delivery,Delivered,12-04-2025
ORD02064,CUST0903,Jaipur,57:35.0,Cash on Delivery,Delivered,23-10-2025
ORD04100,CUST0843,Bangalore,00:31.0,Credit Card,Delivered,06-06-2025
ORD04371,CUST0655,Hyderabad,11:57.4,EMI,Cancelled,21-05-2025
ORD04952,CUST0051,Delhi,28:17.6,Debit Card,Delivered,07-12-2025
ORD04914,CUST0207,Mumbai,17:54.8,Cash on Delivery,Delivered,31-10-2025
ORD03694,CUST0449,Delhi,39:51.8,UPI,Returned,27-03-2026
ORD01980,CUST0453,Ahmedabad,18:56.5,Credit Card,Delivered,27-04-2025
ORD03428,CUST0465,Kolkata,23:49.9,Cash on Delivery,Cancelled,09-06-2025
ORD01136,CUST0097,Hyderabad,31:29.3,Cash on Delivery,Delivered,14-05-2025
ORD01443,CUST0489,Jaipur,00:31.2,Nykaa Wallet,Delivered,01-05-2025
ORD02542,CUST0446,Pune,09:46.5,EMI,Cancelled,22-06-2025
ORD03441,CUST0884,Hyderabad,10:41.7,UPI,Delivered,08-02-2026
ORD01773,CUST0043,Chennai,10:10.8,EMI,Delivered,08-08-2025
ORD00970,CUST0304,Ahmedabad,26:39.6,Nykaa Wallet,Delivered,19-01-2026
ORD01572,CUST0590,Lucknow,46:44.4,Credit Card,Delivered,20-01-2026
ORD01172,CUST0182,Pune,52:59.3,Credit Card,Cancelled,27-09-2025
ORD00973,CUST0116,Chennai,04:34.0,Debit Card,Delivered,09-01-2026
ORD04940,CUST0602,Bangalore,40:57.9,Nykaa Wallet,Delivered,02-12-2025
ORD01270,CUST0799,Pune,28:48.0,Cash on Delivery,Delivered,07-05-2025
ORD00490,CUST0135,Lucknow,07:25.5,Debit Card,Cancelled,26-08-2025
ORD02577,CUST0125,Lucknow,01:32.5,Debit Card,Delivered,15-05-2025
ORD03337,CUST0356,Chennai,17:02.9,Cash on Delivery,Delivered,08-01-2026
ORD00322,CUST0169,Kolkata,29:14.2,Debit Card,Delivered,05-06-2025
ORD01866,CUST0068,Hyderabad,13:59.1,Cash on Delivery,Delivered,26-03-2026
ORD03966,CUST0840,Lucknow,22:53.4,Cash on Delivery,Delivered,15-02-2026
ORD00014,CUST0173,Bangalore,41:02.2,Debit Card,Delivered,31-01-2026
ORD02285,CUST0740,Kolkata,38:56.0,Cash on Delivery,Delivered,10-11-2025
ORD01606,CUST0331,Ahmedabad,42:31.2,UPI,Cancelled,19-08-2025
ORD04988,CUST0074,Kolkata,49:23.3,Cash on Delivery,Delivered,25-05-2025
ORD03587,CUST0265,Jaipur,47:58.9,Cash on Delivery,Delivered,30-04-2025
ORD02260,CUST0118,Mumbai,11:57.4,UPI,Delivered,12-06-2025
ORD03262,CUST0268,Lucknow,23:11.9,Nykaa Wallet,Delivered,05-09-2025
ORD00641,CUST0835,Chennai,27:35.5,Debit Card,Delivered,06-09-2025
ORD03560,CUST0446,Pune,22:10.3,Debit Card,Returned,11-04-2025
ORD04212,CUST0088,Chennai,38:50.6,Nykaa Wallet,Cancelled,27-05-2025
ORD04081,CUST0648,Hyderabad,17:32.8,EMI,Delivered,06-02-2026
ORD03340,CUST0062,Mumbai,46:50.3,Cash on Delivery,Delivered,21-06-2025
ORD03912,CUST0609,Hyderabad,09:04.0,Credit Card,Delivered,16-01-2026
ORD02358,CUST0199,Pune,35:43.6,Credit Card,Delivered,27-06-2025
ORD00460,CUST0570,Hyderabad,47:01.5,EMI,Delivered,10-04-2025
ORD01385,CUST0086,Jaipur,43:55.1,Cash on Delivery,Delivered,15-04-2025
ORD02604,CUST0539,Bangalore,47:23.8,Nykaa Wallet,Delivered,20-11-2025
ORD03492,CUST0692,Delhi,05:25.5,Credit Card,Delivered,17-06-2025
ORD01653,CUST0982,Mumbai,17:48.4,UPI,Delivered,30-01-2026
ORD02782,CUST0483,Delhi,17:04.2,Cash on Delivery,Delivered,20-04-2025
ORD04834,CUST0757,Pune,26:28.9,Cash on Delivery,Cancelled,30-06-2025
ORD01068,CUST0268,Lucknow,44:56.1,UPI,Returned,16-09-2025
ORD01774,CUST0053,Jaipur,30:32.7,Debit Card,Delivered,12-04-2025
ORD03985,CUST0062,Mumbai,42:37.4,Cash on Delivery,Delivered,03-08-2025
ORD02023,CUST0830,Pune,08:01.5,EMI,Delivered,09-05-2025
ORD03342,CUST0601,Delhi,09:30.0,UPI,Delivered,14-09-2025
ORD00194,CUST0458,Delhi,27:57.7,Cash on Delivery,Delivered,16-02-2026
ORD03459,CUST0804,Pune,30:35.5,Debit Card,Delivered,10-03-2026
ORD01481,CUST0609,Hyderabad,01:16.8,Debit Card,Delivered,13-10-2025
ORD04215,CUST0194,Chennai,12:05.5,Credit Card,Delivered,06-04-2025
ORD02813,CUST0936,Pune,16:52.1,Nykaa Wallet,Returned,12-05-2025
ORD02398,CUST0782,Mumbai,32:52.7,Credit Card,Delivered,27-08-2025
ORD02572,CUST0958,Ahmedabad,29:49.4,Debit Card,Cancelled,16-03-2026
ORD02626,CUST0035,Mumbai,49:26.6,UPI,Returned,09-05-2025
ORD02273,CUST0208,Mumbai,48:20.2,EMI,Delivered,20-09-2025
ORD03946,CUST0838,Chennai,00:40.1,Credit Card,Returned,14-04-2025
ORD04673,CUST0583,Mumbai,17:11.7,EMI,Returned,20-06-2025
ORD04533,CUST0531,Jaipur,49:51.0,Debit Card,Delivered,27-05-2025
ORD03859,CUST0449,Delhi,04:19.7,UPI,Cancelled,14-04-2025
ORD00749,CUST0694,Delhi,36:01.0,UPI,Delivered,21-10-2025
ORD02444,CUST0182,Pune,50:55.4,Debit Card,Returned,25-06-2025
ORD00054,CUST0387,Kolkata,05:01.4,EMI,Returned,27-07-2025
ORD03057,CUST0277,Ahmedabad,41:50.7,Nykaa Wallet,Cancelled,22-06-2025
ORD00058,CUST0771,Chennai,02:01.7,Debit Card,Delivered,01-01-2026
ORD00198,CUST0988,Delhi,31:25.6,Nykaa Wallet,Delivered,26-09-2025
ORD02684,CUST0867,Jaipur,52:37.9,Cash on Delivery,Delivered,15-03-2026
ORD02089,CUST0344,Hyderabad,23:24.7,Credit Card,Delivered,18-06-2025
ORD02463,CUST0854,Bangalore,05:20.4,Debit Card,Cancelled,30-01-2026
ORD03686,CUST0135,Lucknow,43:44.7,Cash on Delivery,Delivered,31-03-2026
ORD04597,CUST0109,Jaipur,08:26.4,UPI,Delivered,20-07-2025
ORD03258,CUST0386,Ahmedabad,25:00.7,EMI,Delivered,21-10-2025
ORD01302,CUST0899,Jaipur,26:00.6,Debit Card,Delivered,31-07-2025
ORD03611,CUST0760,Ahmedabad,29:21.6,Credit Card,Delivered,12-03-2026
ORD02088,CUST0058,Chennai,55:34.2,Debit Card,Cancelled,11-10-2025
ORD01700,CUST0869,Pune,19:12.7,UPI,Returned,22-08-2025
ORD01183,CUST0152,Delhi,34:11.4,UPI,Cancelled,12-09-2025
ORD00937,CUST0412,Hyderabad,25:52.0,UPI,Delivered,20-05-2025
ORD01210,CUST0325,Delhi,50:58.7,EMI,Delivered,20-12-2025
ORD03977,CUST0683,Kolkata,33:25.6,Nykaa Wallet,Delivered,15-07-2025
ORD00088,CUST0331,Ahmedabad,12:12.6,Credit Card,Delivered,02-08-2025
ORD02674,CUST0518,Pune,47:32.9,Nykaa Wallet,Delivered,22-05-2025
ORD01026,CUST0948,Chennai,57:20.1,Cash on Delivery,Delivered,05-11-2025
ORD01811,CUST0718,Jaipur,45:51.1,Debit Card,Delivered,16-11-2025
ORD03934,CUST0767,Chennai,04:13.1,Nykaa Wallet,Delivered,01-02-2026
ORD00543,CUST0398,Jaipur,35:39.7,Cash on Delivery,Delivered,07-05-2025
ORD00137,CUST0254,Bangalore,10:24.6,UPI,Delivered,29-03-2026
ORD04855,CUST0180,Pune,09:29.5,Nykaa Wallet,Cancelled,02-04-2025
ORD04622,CUST0248,Kolkata,39:02.1,Cash on Delivery,Delivered,31-12-2025
ORD01127,CUST0469,Jaipur,49:01.7,UPI,Returned,27-11-2025
ORD00333,CUST0724,Pune,11:42.5,Nykaa Wallet,Delivered,12-09-2025
ORD00413,CUST0512,Delhi,01:46.6,Debit Card,Delivered,30-08-2025
ORD04294,CUST0713,Pune,52:35.5,EMI,Delivered,30-10-2025
ORD02794,CUST0051,Delhi,47:55.7,Cash on Delivery,Delivered,12-06-2025
ORD02041,CUST0283,Jaipur,52:47.6,Nykaa Wallet,Delivered,13-10-2025
ORD00804,CUST0050,Delhi,45:56.7,Debit Card,Delivered,29-08-2025
ORD03927,CUST0981,Bangalore,05:33.7,EMI,Delivered,12-08-2025
ORD00083,CUST0013,Chennai,22:09.6,Nykaa Wallet,Delivered,15-03-2026
ORD04230,CUST0450,Ahmedabad,40:52.0,UPI,Delivered,31-08-2025
ORD04143,CUST0974,Hyderabad,29:19.2,Credit Card,Cancelled,19-06-2025
ORD03676,CUST0429,Jaipur,35:43.0,Cash on Delivery,Returned,19-08-2025
ORD04016,CUST0222,Delhi,23:43.3,EMI,Returned,20-11-2025
ORD01926,CUST0130,Hyderabad,05:44.3,Cash on Delivery,Delivered,09-04-2025
ORD04559,CUST0845,Ahmedabad,25:24.8,UPI,Delivered,19-11-2025
ORD00801,CUST0390,Kolkata,27:12.7,UPI,Delivered,27-02-2026
ORD01099,CUST0210,Lucknow,27:44.3,EMI,Delivered,31-05-2025
ORD02390,CUST0040,Chennai,45:58.2,UPI,Delivered,11-02-2026
ORD04678,CUST0575,Lucknow,50:09.0,Cash on Delivery,Delivered,03-07-2025
ORD03110,CUST0713,Pune,00:55.3,Credit Card,Delivered,21-02-2026
ORD01813,CUST0590,Lucknow,21:56.6,Cash on Delivery,Delivered,14-01-2026
ORD02747,CUST0113,Delhi,43:02.2,Nykaa Wallet,Delivered,19-12-2025
ORD00532,CUST0270,Bangalore,25:22.9,Debit Card,Delivered,04-09-2025
ORD00831,CUST0202,Kolkata,04:00.9,Credit Card,Delivered,06-03-2026
ORD00266,CUST0608,Bangalore,26:51.2,Debit Card,Delivered,13-11-2025
ORD03819,CUST0349,Ahmedabad,06:43.3,Cash on Delivery,Delivered,24-07-2025
ORD04812,CUST0382,Bangalore,22:08.6,Nykaa Wallet,Delivered,09-08-2025
ORD00812,CUST0765,Bangalore,54:05.8,UPI,Delivered,02-08-2025
ORD00844,CUST0130,Hyderabad,05:07.9,UPI,Cancelled,04-06-2025
ORD04178,CUST0424,Ahmedabad,23:55.9,Credit Card,Returned,29-01-2026
ORD04683,CUST0254,Bangalore,31:17.6,EMI,Cancelled,03-10-2025
ORD03627,CUST0387,Kolkata,48:15.3,Nykaa Wallet,Delivered,26-08-2025
ORD04538,CUST0997,Kolkata,55:52.3,Debit Card,Cancelled,09-08-2025
ORD04491,CUST0021,Mumbai,18:44.5,UPI,Delivered,25-11-2025
ORD04102,CUST0055,Hyderabad,34:02.4,EMI,Delivered,10-08-2025
ORD04308,CUST0018,Ahmedabad,53:39.6,UPI,Delivered,31-10-2025
ORD03049,CUST0360,Lucknow,51:46.7,Credit Card,Delivered,29-08-2025
ORD02763,CUST0839,Kolkata,06:35.6,Nykaa Wallet,Delivered,16-12-2025
ORD03376,CUST0909,Hyderabad,48:44.9,Nykaa Wallet,Delivered,29-07-2025
ORD00147,CUST0245,Delhi,16:22.8,UPI,Delivered,22-12-2025
ORD00941,CUST0821,Delhi,13:29.6,Nykaa Wallet,Delivered,04-12-2025
ORD00901,CUST0113,Delhi,31:52.0,UPI,Delivered,02-08-2025
ORD03107,CUST0564,Chennai,11:05.1,Nykaa Wallet,Delivered,10-12-2025
ORD02026,CUST0120,Kolkata,46:43.1,Credit Card,Delivered,01-02-2026
ORD02443,CUST0192,Mumbai,21:51.3,Debit Card,Delivered,12-07-2025
ORD01673,CUST0460,Hyderabad,44:47.8,Cash on Delivery,Delivered,01-11-2025
ORD01550,CUST0349,Ahmedabad,02:50.1,Debit Card,Delivered,20-11-2025
ORD01349,CUST0337,Ahmedabad,52:05.6,Debit Card,Delivered,28-03-2026
ORD01369,CUST0892,Bangalore,52:37.8,EMI,Delivered,08-10-2025
ORD02119,CUST0285,Hyderabad,40:09.9,Cash on Delivery,Delivered,31-07-2025
ORD03314,CUST0295,Lucknow,59:32.5,Credit Card,Returned,11-01-2026
ORD03836,CUST0292,Mumbai,26:20.8,Nykaa Wallet,Delivered,22-09-2025
ORD01569,CUST0835,Chennai,21:51.5,Cash on Delivery,Delivered,20-09-2025
ORD02506,CUST0933,Lucknow,23:54.1,EMI,Delivered,02-01-2026
ORD04133,CUST0369,Jaipur,32:02.6,Nykaa Wallet,Returned,30-03-2026
ORD00372,CUST0345,Bangalore,41:52.3,Credit Card,Delivered,05-05-2025
ORD03889,CUST0931,Kolkata,32:24.4,Debit Card,Delivered,06-04-2025
ORD01114,CUST0277,Ahmedabad,51:04.2,Nykaa Wallet,Delivered,29-03-2026
ORD01781,CUST0456,Chennai,30:29.0,Cash on Delivery,Delivered,03-02-2026
ORD04023,CUST0882,Jaipur,23:16.1,Nykaa Wallet,Delivered,14-03-2026
ORD01798,CUST0969,Lucknow,21:51.7,Nykaa Wallet,Cancelled,01-10-2025
ORD01116,CUST0297,Bangalore,10:57.3,Nykaa Wallet,Delivered,30-06-2025
ORD01209,CUST0976,Hyderabad,21:11.9,Nykaa Wallet,Cancelled,25-08-2025
ORD00009,CUST0679,Bangalore,40:17.7,Credit Card,Cancelled,16-11-2025
ORD02583,CUST0826,Chennai,02:20.9,Debit Card,Delivered,06-09-2025
ORD03578,CUST0305,Ahmedabad,30:13.8,UPI,Delivered,16-12-2025
ORD04680,CUST0647,Chennai,22:53.2,Cash on Delivery,Returned,02-08-2025
ORD03590,CUST0096,Ahmedabad,51:41.3,Cash on Delivery,Delivered,15-02-2026
ORD03539,CUST0977,Lucknow,50:28.5,UPI,Delivered,14-07-2025
ORD04326,CUST0904,Ahmedabad,20:22.9,UPI,Delivered,18-08-2025
ORD02991,CUST0233,Ahmedabad,29:23.9,Debit Card,Delivered,23-11-2025
ORD01792,CUST0923,Chennai,44:48.4,Debit Card,Delivered,09-09-2025
ORD04592,CUST0054,Ahmedabad,32:10.8,Cash on Delivery,Delivered,20-12-2025
ORD02365,CUST0315,Hyderabad,52:12.7,Debit Card,Delivered,18-08-2025
ORD00636,CUST0732,Kolkata,49:36.6,Cash on Delivery,Delivered,14-12-2025
ORD00748,CUST0898,Bangalore,57:30.9,Cash on Delivery,Delivered,18-02-2026
ORD03377,CUST0322,Pune,22:42.0,Cash on Delivery,Delivered,02-09-2025
ORD00849,CUST0626,Pune,39:21.5,Nykaa Wallet,Delivered,31-01-2026
ORD03238,CUST0911,Hyderabad,02:24.3,Cash on Delivery,Delivered,22-07-2025
ORD04428,CUST0476,Mumbai,45:17.6,EMI,Returned,19-12-2025
ORD00669,CUST0021,Mumbai,52:44.4,Cash on Delivery,Delivered,16-09-2025
ORD04614,CUST0191,Ahmedabad,10:37.2,Cash on Delivery,Delivered,25-01-2026
ORD01503,CUST0177,Lucknow,05:44.8,Cash on Delivery,Delivered,03-04-2025
ORD02666,CUST0331,Ahmedabad,39:16.8,UPI,Delivered,06-04-2025
ORD00540,CUST0135,Lucknow,16:07.1,Debit Card,Delivered,08-04-2025
ORD01301,CUST0218,Mumbai,02:27.3,Cash on Delivery,Delivered,14-03-2026
ORD02507,CUST0400,Delhi,39:28.2,Cash on Delivery,Delivered,20-05-2025
ORD04882,CUST0945,Pune,06:30.8,UPI,Cancelled,13-02-2026
ORD03190,CUST0171,Mumbai,11:09.6,Credit Card,Delivered,15-04-2025
ORD03751,CUST0679,Bangalore,55:58.2,UPI,Delivered,01-11-2025
ORD03349,CUST0470,Kolkata,23:27.0,EMI,Delivered,15-06-2025
ORD04606,CUST0719,Ahmedabad,41:41.0,Nykaa Wallet,Delivered,01-12-2025
ORD01633,CUST0571,Hyderabad,08:52.6,EMI,Delivered,08-04-2025
ORD04982,CUST0422,Mumbai,26:35.9,EMI,Delivered,07-11-2025
ORD03191,CUST0565,Hyderabad,01:49.3,UPI,Delivered,20-02-2026
ORD03619,CUST0704,Hyderabad,54:21.8,Debit Card,Delivered,12-12-2025
ORD02551,CUST0726,Jaipur,22:45.4,EMI,Delivered,20-01-2026
ORD04785,CUST0093,Mumbai,48:55.7,EMI,Delivered,19-05-2025
ORD03085,CUST0992,Jaipur,06:04.4,UPI,Delivered,23-07-2025
ORD02665,CUST0973,Hyderabad,39:13.7,Debit Card,Delivered,27-01-2026
ORD01839,CUST0727,Delhi,51:54.5,Cash on Delivery,Delivered,15-11-2025
ORD02311,CUST0310,Lucknow,54:36.8,UPI,Cancelled,18-12-2025
ORD00662,CUST0466,Hyderabad,43:07.3,Debit Card,Cancelled,19-09-2025
ORD01484,CUST0810,Pune,55:38.7,EMI,Delivered,06-10-2025
ORD02106,CUST0151,Lucknow,12:47.1,Credit Card,Delivered,30-05-2025
ORD03006,CUST0767,Chennai,14:35.5,Nykaa Wallet,Cancelled,06-12-2025
ORD00821,CUST0263,Delhi,34:21.5,Credit Card,Delivered,31-01-2026
ORD00823,CUST0270,Bangalore,31:29.4,Nykaa Wallet,Delivered,29-06-2025
ORD03345,CUST0338,Bangalore,59:52.0,UPI,Cancelled,28-03-2026
ORD03562,CUST0544,Mumbai,37:38.8,Nykaa Wallet,Delivered,13-11-2025
ORD03036,CUST0711,Pune,49:36.6,Nykaa Wallet,Delivered,01-02-2026
ORD03328,CUST0424,Ahmedabad,22:31.5,UPI,Delivered,14-07-2025
ORD00870,CUST0218,Mumbai,28:54.4,Credit Card,Delivered,23-04-2025
ORD00811,CUST0715,Mumbai,51:53.6,Debit Card,Delivered,24-04-2025
ORD04035,CUST0206,Lucknow,25:22.6,Credit Card,Delivered,17-10-2025
ORD02874,CUST0727,Delhi,59:37.6,EMI,Returned,22-12-2025
ORD04820,CUST0459,Mumbai,26:02.0,UPI,Delivered,22-07-2025
ORD04867,CUST0146,Lucknow,13:47.9,Nykaa Wallet,Delivered,22-02-2026
ORD03596,CUST0341,Ahmedabad,01:51.9,Nykaa Wallet,Returned,12-01-2026
ORD02163,CUST0544,Mumbai,57:34.5,Credit Card,Delivered,17-11-2025
ORD04305,CUST0038,Lucknow,37:15.7,UPI,Delivered,11-03-2026
ORD02728,CUST0789,Hyderabad,26:51.5,Credit Card,Delivered,24-10-2025
ORD01362,CUST0556,Hyderabad,30:08.4,UPI,Returned,01-03-2026
ORD03645,CUST0848,Ahmedabad,50:11.1,UPI,Delivered,14-08-2025
ORD03664,CUST0627,Ahmedabad,39:12.3,Nykaa Wallet,Delivered,17-12-2025
ORD02539,CUST0562,Ahmedabad,45:27.0,Debit Card,Cancelled,24-08-2025
ORD03548,CUST0502,Lucknow,44:02.5,UPI,Delivered,17-08-2025
ORD03145,CUST0816,Hyderabad,26:47.7,Credit Card,Delivered,29-01-2026
ORD02430,CUST0269,Kolkata,16:15.5,Credit Card,Cancelled,30-08-2025
ORD01251,CUST0827,Mumbai,22:08.2,Debit Card,Delivered,28-04-2025
ORD00566,CUST0896,Lucknow,33:53.2,EMI,Delivered,26-02-2026
ORD00486,CUST0784,Hyderabad,48:51.0,UPI,Delivered,21-07-2025
ORD04507,CUST0886,Kolkata,52:32.0,Credit Card,Delivered,15-05-2025
ORD03229,CUST0831,Kolkata,38:57.5,UPI,Delivered,29-01-2026
ORD01188,CUST0156,Hyderabad,30:54.1,Credit Card,Delivered,08-08-2025
ORD01498,CUST0210,Lucknow,00:28.5,Nykaa Wallet,Delivered,13-01-2026
ORD04065,CUST0648,Hyderabad,28:19.7,Debit Card,Delivered,03-03-2026
ORD04965,CUST0979,Hyderabad,39:44.1,Debit Card,Delivered,17-08-2025
ORD02990,CUST0215,Pune,38:27.2,UPI,Delivered,21-10-2025
ORD04163,CUST0734,Ahmedabad,30:38.9,Debit Card,Returned,25-09-2025
ORD00348,CUST0331,Ahmedabad,00:14.2,Debit Card,Returned,10-09-2025
ORD03058,CUST0045,Pune,53:10.0,UPI,Delivered,13-12-2025
ORD01637,CUST0772,Pune,55:48.7,EMI,Delivered,09-11-2025
ORD00126,CUST0480,Hyderabad,36:42.3,Cash on Delivery,Returned,10-08-2025
ORD01267,CUST0937,Kolkata,20:31.4,Nykaa Wallet,Delivered,20-02-2026
ORD00068,CUST0866,Delhi,32:47.7,UPI,Delivered,06-05-2025
ORD03690,CUST0935,Bangalore,01:21.9,Cash on Delivery,Delivered,06-12-2025
ORD00261,CUST0470,Kolkata,30:21.2,EMI,Returned,14-10-2025
ORD03366,CUST0439,Bangalore,35:45.5,Credit Card,Delivered,08-05-2025
ORD00623,CUST0973,Hyderabad,03:25.2,Debit Card,Delivered,22-11-2025
ORD03735,CUST0015,Hyderabad,05:16.0,Debit Card,Delivered,17-11-2025
ORD04748,CUST0944,Bangalore,35:57.5,Cash on Delivery,Delivered,27-10-2025
ORD00695,CUST0641,Pune,58:34.4,EMI,Delivered,20-07-2025
ORD02374,CUST0067,Mumbai,45:48.4,Debit Card,Delivered,18-04-2025
ORD01348,CUST0620,Lucknow,55:05.5,Debit Card,Delivered,31-01-2026
ORD02922,CUST0649,Pune,12:40.5,EMI,Delivered,03-09-2025
ORD02706,CUST0219,Pune,40:38.0,Cash on Delivery,Delivered,25-04-2025
ORD01305,CUST0307,Lucknow,45:42.7,Cash on Delivery,Delivered,17-01-2026
ORD03059,CUST0242,Pune,12:37.8,UPI,Delivered,28-10-2025
ORD03209,CUST0574,Kolkata,13:03.4,EMI,Delivered,07-08-2025
ORD04763,CUST0498,Pune,05:44.7,Debit Card,Delivered,25-11-2025
ORD02034,CUST0095,Hyderabad,06:28.7,EMI,Delivered,08-12-2025
ORD01509,CUST0519,Pune,59:59.9,UPI,Returned,07-10-2025
ORD01488,CUST0732,Kolkata,47:48.9,Debit Card,Delivered,18-11-2025
ORD04482,CUST0079,Chennai,03:51.9,Cash on Delivery,Delivered,10-09-2025
ORD04180,CUST0414,Mumbai,11:26.7,Nykaa Wallet,Delivered,04-02-2026
ORD00239,CUST0789,Hyderabad,05:46.8,Cash on Delivery,Delivered,18-12-2025
ORD01951,CUST0692,Delhi,08:41.4,Debit Card,Delivered,01-11-2025
ORD03185,CUST0588,Ahmedabad,16:20.4,Credit Card,Delivered,04-07-2025
ORD04218,CUST0900,Lucknow,47:54.2,Credit Card,Delivered,09-11-2025
ORD03879,CUST0925,Chennai,17:57.1,Nykaa Wallet,Delivered,24-04-2025
ORD00012,CUST0309,Hyderabad,03:13.5,Nykaa Wallet,Returned,12-03-2026
ORD01782,CUST0849,Lucknow,24:18.7,UPI,Delivered,22-05-2025
ORD03918,CUST0725,Delhi,43:50.2,UPI,Cancelled,14-09-2025
ORD02628,CUST0691,Jaipur,33:28.0,EMI,Delivered,01-11-2025
ORD03674,CUST0730,Kolkata,26:28.8,Debit Card,Delivered,06-05-2025
ORD04784,CUST0820,Jaipur,18:15.2,Cash on Delivery,Delivered,28-11-2025
ORD02536,CUST0977,Lucknow,19:59.4,Debit Card,Returned,10-05-2025
ORD04426,CUST0653,Bangalore,12:53.8,Nykaa Wallet,Delivered,21-08-2025
ORD02184,CUST0225,Hyderabad,40:02.4,Debit Card,Delivered,17-02-2026
ORD03924,CUST0836,Mumbai,57:28.0,Cash on Delivery,Returned,20-09-2025
ORD00140,CUST0545,Jaipur,43:47.8,Debit Card,Delivered,22-09-2025
ORD04562,CUST0048,Jaipur,20:15.5,Nykaa Wallet,Returned,22-12-2025
ORD00569,CUST0584,Kolkata,33:56.8,Debit Card,Cancelled,01-04-2025
ORD01458,CUST0964,Kolkata,15:56.8,UPI,Delivered,14-05-2025
ORD04917,CUST0885,Jaipur,38:44.7,EMI,Delivered,14-12-2025
ORD03625,CUST0075,Pune,23:33.9,Debit Card,Returned,01-11-2025
ORD02541,CUST0299,Delhi,15:09.7,Credit Card,Delivered,11-07-2025
ORD01946,CUST0088,Chennai,17:34.2,UPI,Delivered,22-08-2025
ORD02540,CUST0690,Lucknow,06:29.9,Debit Card,Cancelled,03-03-2026
ORD01314,CUST0923,Chennai,56:01.6,Debit Card,Delivered,27-11-2025
ORD00461,CUST0505,Lucknow,14:25.1,EMI,Delivered,29-04-2025
ORD01703,CUST0204,Delhi,23:40.3,EMI,Delivered,29-12-2025
ORD00481,CUST0494,Bangalore,49:30.9,Debit Card,Delivered,02-09-2025
ORD02983,CUST0058,Chennai,18:51.2,Credit Card,Returned,10-04-2025
ORD04618,CUST0418,Delhi,11:48.2,UPI,Returned,06-10-2025
ORD03776,CUST0711,Pune,48:55.3,UPI,Cancelled,21-09-2025
ORD04601,CUST0580,Lucknow,01:57.4,UPI,Returned,25-07-2025
ORD03602,CUST0194,Chennai,17:08.1,Nykaa Wallet,Cancelled,25-05-2025
ORD02775,CUST0574,Kolkata,36:16.4,Cash on Delivery,Delivered,09-04-2025
ORD03154,CUST0269,Kolkata,19:11.7,Debit Card,Delivered,17-02-2026
ORD04766,CUST0885,Jaipur,43:22.4,UPI,Returned,18-08-2025
ORD04951,CUST0810,Pune,03:20.7,Nykaa Wallet,Delivered,23-12-2025
ORD01767,CUST0629,Delhi,26:55.4,UPI,Delivered,03-05-2025
ORD01328,CUST0197,Pune,20:09.1,Debit Card,Delivered,30-03-2026
ORD03445,CUST0637,Chennai,34:13.6,Debit Card,Cancelled,25-08-2025
ORD02619,CUST0715,Mumbai,06:06.9,Credit Card,Delivered,05-05-2025
ORD00370,CUST0854,Bangalore,46:04.0,Nykaa Wallet,Delivered,26-02-2026
ORD00401,CUST0388,Bangalore,00:40.6,Debit Card,Returned,15-09-2025
ORD04656,CUST0913,Lucknow,31:52.9,Credit Card,Delivered,21-06-2025
ORD00213,CUST0671,Jaipur,47:13.3,EMI,Delivered,01-06-2025
ORD02338,CUST0032,Hyderabad,08:08.1,Cash on Delivery,Cancelled,15-07-2025
ORD02071,CUST0232,Mumbai,08:09.2,Debit Card,Delivered,23-04-2025
ORD00665,CUST0721,Kolkata,57:21.7,Debit Card,Delivered,22-05-2025
ORD03620,CUST0880,Bangalore,36:07.7,Credit Card,Delivered,20-05-2025
ORD04980,CUST0151,Lucknow,41:15.1,Nykaa Wallet,Delivered,21-12-2025
ORD00921,CUST0166,Hyderabad,47:22.1,Nykaa Wallet,Delivered,15-09-2025
ORD03138,CUST0185,Chennai,43:39.3,Credit Card,Delivered,25-07-2025
ORD00185,CUST0423,Bangalore,54:40.4,UPI,Delivered,16-01-2026
ORD00102,CUST0624,Chennai,47:46.7,Credit Card,Cancelled,04-01-2026
ORD03834,CUST0672,Kolkata,22:09.2,Cash on Delivery,Delivered,22-10-2025
ORD04368,CUST0675,Lucknow,41:53.0,Credit Card,Delivered,03-09-2025
ORD01775,CUST0661,Bangalore,19:50.4,Credit Card,Delivered,01-03-2026
ORD03573,CUST0658,Delhi,00:01.6,Debit Card,Delivered,11-07-2025
ORD01425,CUST0613,Pune,21:24.1,Nykaa Wallet,Delivered,29-07-2025
ORD03874,CUST0961,Delhi,14:55.7,Credit Card,Delivered,11-05-2025
ORD01411,CUST0154,Ahmedabad,20:35.7,Credit Card,Delivered,20-01-2026
ORD00291,CUST0087,Mumbai,12:50.6,UPI,Cancelled,08-02-2026
ORD01962,CUST0769,Jaipur,35:43.0,UPI,Delivered,12-06-2025
ORD04865,CUST0730,Kolkata,00:42.5,Nykaa Wallet,Delivered,27-07-2025
ORD00408,CUST0857,Hyderabad,44:55.9,EMI,Cancelled,15-11-2025
ORD03112,CUST0164,Chennai,47:09.8,UPI,Delivered,26-10-2025
ORD02537,CUST0469,Jaipur,19:18.8,Nykaa Wallet,Delivered,16-09-2025
ORD01066,CUST0349,Ahmedabad,01:12.2,EMI,Delivered,12-08-2025
ORD02236,CUST0272,Bangalore,57:08.3,Cash on Delivery,Delivered,09-09-2025
ORD01575,CUST0264,Bangalore,59:01.7,Nykaa Wallet,Delivered,23-02-2026
ORD01137,CUST0138,Chennai,39:34.0,Nykaa Wallet,Delivered,28-09-2025
ORD01823,CUST0081,Pune,40:59.0,Credit Card,Delivered,03-10-2025
ORD01303,CUST0436,Chennai,45:01.7,UPI,Delivered,26-03-2026
ORD01117,CUST0905,Mumbai,42:32.9,UPI,Delivered,11-01-2026
ORD01092,CUST0841,Bangalore,39:18.4,UPI,Delivered,30-01-2026
ORD01271,CUST0264,Bangalore,47:50.2,Debit Card,Delivered,25-11-2025
ORD02945,CUST0354,Lucknow,27:57.5,UPI,Delivered,10-09-2025
ORD02074,CUST0837,Hyderabad,08:17.2,EMI,Delivered,28-02-2026
ORD01111,CUST0857,Hyderabad,03:54.7,Credit Card,Delivered,08-06-2025
ORD01365,CUST0095,Hyderabad,20:54.7,Credit Card,Delivered,08-06-2025
ORD03723,CUST0770,Ahmedabad,24:48.7,Credit Card,Delivered,02-07-2025
ORD00356,CUST0142,Hyderabad,31:38.7,Debit Card,Delivered,10-03-2026
ORD02710,CUST0649,Pune,37:37.6,UPI,Delivered,05-06-2025
ORD04838,CUST0812,Ahmedabad,54:44.2,EMI,Delivered,25-03-2026
ORD04325,CUST0625,Chennai,50:29.9,EMI,Cancelled,23-03-2026
ORD02532,CUST0693,Pune,07:36.1,Credit Card,Delivered,21-06-2025
ORD02187,CUST0586,Kolkata,38:00.7,Cash on Delivery,Cancelled,13-12-2025
ORD01875,CUST0397,Mumbai,52:45.0,EMI,Delivered,21-06-2025
ORD01777,CUST0432,Jaipur,24:46.1,Credit Card,Delivered,13-04-2025
ORD00241,CUST0035,Mumbai,48:46.9,Debit Card,Delivered,13-02-2026
ORD02510,CUST0320,Chennai,20:26.7,Nykaa Wallet,Delivered,16-10-2025
ORD00208,CUST0373,Hyderabad,28:36.3,Credit Card,Delivered,10-08-2025
ORD01324,CUST0895,Mumbai,39:13.7,Nykaa Wallet,Delivered,27-11-2025
ORD03748,CUST0832,Ahmedabad,13:41.3,Credit Card,Delivered,18-05-2025
ORD03403,CUST0547,Mumbai,54:44.3,Nykaa Wallet,Delivered,27-12-2025
ORD03184,CUST0961,Delhi,02:27.8,EMI,Delivered,06-07-2025
ORD01706,CUST0431,Bangalore,51:40.7,Cash on Delivery,Delivered,22-01-2026
ORD04292,CUST0308,Lucknow,29:32.9,Debit Card,Delivered,13-05-2025
ORD04274,CUST0717,Mumbai,37:04.4,EMI,Cancelled,30-01-2026
ORD00499,CUST0320,Chennai,49:18.8,EMI,Delivered,12-08-2025
ORD04363,CUST0232,Mumbai,11:12.6,Debit Card,Delivered,14-11-2025
ORD04537,CUST0291,Mumbai,28:18.0,Debit Card,Delivered,03-09-2025
ORD02826,CUST0316,Chennai,32:05.3,Credit Card,Returned,12-02-2026
ORD04705,CUST0047,Ahmedabad,47:01.2,UPI,Delivered,04-01-2026
ORD00500,CUST0126,Jaipur,27:15.0,UPI,Delivered,24-09-2025
ORD00259,CUST0231,Kolkata,27:25.3,Credit Card,Returned,25-07-2025
ORD03591,CUST0175,Delhi,12:29.1,Nykaa Wallet,Returned,07-12-2025
ORD04439,CUST0939,Mumbai,18:30.2,Nykaa Wallet,Delivered,25-01-2026
ORD03895,CUST0796,Lucknow,11:10.3,Cash on Delivery,Delivered,06-06-2025
ORD01195,CUST0055,Hyderabad,43:02.4,Nykaa Wallet,Cancelled,13-09-2025
ORD04348,CUST0560,Mumbai,31:07.3,Debit Card,Delivered,21-04-2025
ORD04331,CUST0992,Jaipur,40:20.4,EMI,Delivered,17-09-2025
ORD02415,CUST0060,Bangalore,20:08.5,EMI,Delivered,03-09-2025
ORD02787,CUST0132,Mumbai,28:10.0,EMI,Delivered,16-12-2025
ORD01351,CUST0669,Ahmedabad,52:27.9,Credit Card,Delivered,28-04-2025
ORD00218,CUST0643,Chennai,51:00.6,Credit Card,Delivered,18-04-2025
ORD03502,CUST0828,Chennai,03:41.8,UPI,Delivered,07-02-2026
ORD03798,CUST0800,Hyderabad,10:17.8,EMI,Delivered,04-04-2025
ORD03307,CUST0538,Hyderabad,11:33.5,EMI,Returned,10-12-2025
ORD02698,CUST0134,Pune,51:43.9,EMI,Cancelled,25-09-2025
ORD04075,CUST0558,Pune,36:03.8,Nykaa Wallet,Delivered,03-02-2026
ORD02881,CUST0143,Ahmedabad,14:18.2,Cash on Delivery,Delivered,18-02-2026
ORD02632,CUST0082,Bangalore,05:17.7,Credit Card,Delivered,11-04-2025
ORD02598,CUST0909,Hyderabad,06:23.4,Credit Card,Delivered,27-06-2025
ORD01674,CUST0649,Pune,42:49.4,EMI,Delivered,10-02-2026
ORD02624,CUST0092,Ahmedabad,07:07.6,Nykaa Wallet,Cancelled,07-08-2025
ORD00339,CUST0154,Ahmedabad,42:59.5,Nykaa Wallet,Delivered,09-08-2025
ORD01467,CUST0615,Pune,02:25.0,UPI,Cancelled,18-08-2025
ORD01884,CUST0992,Jaipur,37:07.0,Credit Card,Delivered,18-11-2025
ORD04902,CUST0497,Lucknow,46:20.0,Cash on Delivery,Cancelled,04-11-2025
ORD02948,CUST0289,Ahmedabad,06:03.4,UPI,Delivered,21-01-2026
ORD02429,CUST0185,Chennai,26:48.6,Debit Card,Delivered,17-06-2025
ORD01604,CUST0707,Kolkata,51:51.2,EMI,Cancelled,10-03-2026
ORD00358,CUST0404,Chennai,58:24.6,UPI,Delivered,20-01-2026
ORD01555,CUST0187,Mumbai,56:29.6,Credit Card,Returned,04-11-2025
ORD00072,CUST0663,Kolkata,23:11.4,Debit Card,Delivered,07-10-2025
ORD02075,CUST0268,Lucknow,37:31.5,Nykaa Wallet,Delivered,18-03-2026
ORD02872,CUST0797,Kolkata,01:17.0,UPI,Delivered,09-02-2026
ORD04958,CUST0348,Pune,16:16.6,EMI,Delivered,05-09-2025
ORD01807,CUST0215,Pune,06:09.0,Cash on Delivery,Delivered,06-02-2026
ORD02343,CUST0237,Kolkata,44:00.2,Debit Card,Delivered,18-09-2025
ORD00913,CUST0492,Ahmedabad,20:24.3,Credit Card,Delivered,11-07-2025
ORD04990,CUST0841,Bangalore,56:22.2,Nykaa Wallet,Delivered,30-06-2025
ORD04387,CUST0397,Mumbai,33:50.3,Credit Card,Delivered,10-01-2026
ORD04595,CUST0345,Bangalore,11:34.5,Debit Card,Returned,15-12-2025
ORD03523,CUST0503,Jaipur,41:35.5,UPI,Delivered,26-03-2026
ORD00865,CUST0305,Ahmedabad,01:20.1,Credit Card,Delivered,17-06-2025
ORD01738,CUST0859,Bangalore,29:33.4,Cash on Delivery,Delivered,31-05-2025
ORD01075,CUST0073,Pune,06:38.7,Cash on Delivery,Delivered,27-08-2025
ORD02653,CUST0110,Lucknow,05:59.6,UPI,Delivered,12-08-2025
ORD03440,CUST0599,Pune,25:48.4,Debit Card,Delivered,14-09-2025
ORD04779,CUST0698,Lucknow,01:38.3,Credit Card,Returned,13-02-2026
ORD01198,CUST0843,Bangalore,41:49.3,UPI,Delivered,12-02-2026
ORD00286,CUST0837,Hyderabad,31:07.4,Nykaa Wallet,Delivered,08-03-2026
ORD04082,CUST0142,Hyderabad,09:21.5,UPI,Delivered,24-04-2025
ORD00246,CUST0215,Pune,27:00.1,Nykaa Wallet,Delivered,10-04-2025
ORD01709,CUST0989,Jaipur,13:33.9,Nykaa Wallet,Delivered,10-07-2025
ORD02514,CUST0963,Bangalore,33:44.5,UPI,Cancelled,18-04-2025
ORD04719,CUST0565,Hyderabad,18:18.2,Cash on Delivery,Delivered,17-07-2025
ORD01157,CUST0529,Ahmedabad,35:09.2,Nykaa Wallet,Delivered,18-02-2026
ORD04477,CUST0446,Pune,54:33.2,UPI,Returned,05-05-2025
ORD02977,CUST0595,Mumbai,29:46.4,Credit Card,Delivered,24-02-2026
ORD00676,CUST0092,Ahmedabad,16:48.5,Cash on Delivery,Delivered,17-01-2026
ORD03598,CUST0711,Pune,29:38.5,Nykaa Wallet,Delivered,26-06-2025
ORD00158,CUST0290,Lucknow,50:34.4,Credit Card,Returned,30-08-2025
ORD01294,CUST0061,Chennai,45:40.4,UPI,Delivered,23-11-2025
ORD02477,CUST0566,Lucknow,47:37.6,Debit Card,Returned,10-12-2025
ORD00317,CUST0288,Mumbai,12:48.2,Debit Card,Delivered,17-02-2026
ORD03614,CUST0544,Mumbai,05:11.3,UPI,Delivered,13-06-2025
ORD02489,CUST0835,Chennai,18:40.2,EMI,Delivered,16-09-2025
ORD04397,CUST0119,Pune,00:57.1,Credit Card,Delivered,19-04-2025
ORD00906,CUST0356,Chennai,34:56.6,EMI,Delivered,18-11-2025
ORD01984,CUST0580,Lucknow,06:26.2,UPI,Delivered,26-01-2026
ORD04318,CUST0428,Kolkata,22:18.4,Nykaa Wallet,Cancelled,18-07-2025
ORD04558,CUST0871,Ahmedabad,07:25.0,Nykaa Wallet,Delivered,27-01-2026
ORD01660,CUST0663,Kolkata,12:52.4,Cash on Delivery,Delivered,25-03-2026
ORD03062,CUST0532,Bangalore,37:38.0,Credit Card,Returned,18-05-2025
ORD04074,CUST0499,Bangalore,51:34.6,UPI,Delivered,29-10-2025
ORD01190,CUST0465,Kolkata,15:25.4,Nykaa Wallet,Delivered,28-02-2026
ORD04635,CUST0136,Mumbai,07:01.3,Credit Card,Returned,08-11-2025
ORD03293,CUST0659,Lucknow,55:04.9,Nykaa Wallet,Delivered,26-03-2026
ORD01312,CUST0943,Ahmedabad,15:05.7,EMI,Delivered,25-10-2025
ORD02331,CUST0680,Mumbai,56:27.8,Debit Card,Cancelled,14-03-2026
ORD03221,CUST0526,Lucknow,03:54.5,UPI,Delivered,19-12-2025
ORD04488,CUST0977,Lucknow,20:26.9,Cash on Delivery,Delivered,21-07-2025
ORD00932,CUST0967,Jaipur,35:10.0,EMI,Delivered,13-11-2025
ORD04463,CUST0473,Jaipur,43:37.7,UPI,Returned,17-06-2025
ORD01450,CUST0991,Kolkata,54:44.9,EMI,Delivered,04-11-2025
ORD02021,CUST0462,Bangalore,17:17.7,Nykaa Wallet,Delivered,27-11-2025
ORD03702,CUST0643,Chennai,02:30.2,EMI,Delivered,31-12-2025
ORD02206,CUST0739,Ahmedabad,09:37.4,UPI,Delivered,22-02-2026
ORD04233,CUST0165,Pune,28:52.9,UPI,Delivered,14-06-2025
ORD01930,CUST0972,Jaipur,48:41.2,EMI,Delivered,02-01-2026
ORD02178,CUST0824,Ahmedabad,19:00.9,Credit Card,Cancelled,25-07-2025
ORD01911,CUST0707,Kolkata,38:59.1,Cash on Delivery,Delivered,18-04-2025
ORD02065,CUST0505,Lucknow,12:14.1,Cash on Delivery,Cancelled,07-04-2025
ORD04970,CUST0694,Delhi,22:19.6,Debit Card,Delivered,19-12-2025
ORD01548,CUST0866,Delhi,54:02.4,UPI,Cancelled,03-12-2025
ORD01599,CUST0040,Chennai,04:36.9,Cash on Delivery,Delivered,31-12-2025
ORD03914,CUST0513,Kolkata,58:30.8,UPI,Delivered,28-11-2025
ORD00762,CUST0265,Jaipur,43:55.0,Nykaa Wallet,Delivered,25-10-2025
ORD01103,CUST0037,Pune,48:42.4,UPI,Delivered,18-10-2025
ORD01944,CUST0820,Jaipur,17:49.8,EMI,Delivered,12-01-2026
ORD03600,CUST0087,Mumbai,04:56.6,UPI,Cancelled,16-09-2025
ORD04174,CUST0342,Mumbai,37:02.4,Credit Card,Returned,01-06-2025
ORD00494,CUST0897,Kolkata,55:17.9,UPI,Delivered,17-05-2025
ORD02295,CUST0775,Pune,38:01.3,Cash on Delivery,Returned,31-05-2025
ORD02470,CUST0185,Chennai,39:09.1,Debit Card,Delivered,25-10-2025
ORD00458,CUST0297,Bangalore,24:03.5,UPI,Delivered,05-10-2025
ORD04568,CUST0675,Lucknow,55:29.0,Credit Card,Delivered,03-10-2025
ORD03864,CUST0175,Delhi,23:07.1,EMI,Cancelled,24-10-2025
ORD04450,CUST0293,Hyderabad,27:15.2,Debit Card,Delivered,14-05-2025
ORD01408,CUST0481,Delhi,03:09.7,Debit Card,Delivered,09-01-2026
ORD01178,CUST0931,Kolkata,04:33.8,Cash on Delivery,Cancelled,29-08-2025
ORD01398,CUST0370,Ahmedabad,08:45.8,Debit Card,Delivered,14-07-2025
ORD02792,CUST0989,Jaipur,28:48.8,UPI,Delivered,12-03-2026
ORD00101,CUST0389,Kolkata,54:20.2,UPI,Delivered,01-09-2025
ORD00564,CUST0510,Hyderabad,09:42.3,EMI,Returned,01-06-2025
ORD01047,CUST0960,Mumbai,23:57.8,Debit Card,Delivered,10-07-2025
ORD03885,CUST0794,Chennai,42:40.8,UPI,Delivered,01-08-2025
ORD00515,CUST0004,Pune,16:00.8,Cash on Delivery,Returned,16-08-2025
ORD01084,CUST0214,Jaipur,33:53.9,Cash on Delivery,Delivered,17-09-2025
ORD02914,CUST0797,Kolkata,23:00.3,UPI,Delivered,03-10-2025
ORD02886,CUST0856,Kolkata,35:57.2,Credit Card,Delivered,29-12-2025
ORD01844,CUST0329,Pune,24:04.4,Debit Card,Delivered,23-05-2025
ORD03128,CUST0016,Chennai,25:24.0,EMI,Delivered,19-07-2025
ORD04521,CUST0768,Ahmedabad,19:09.5,Nykaa Wallet,Cancelled,16-11-2025
ORD00074,CUST0616,Mumbai,49:52.3,Debit Card,Delivered,09-02-2026
ORD04029,CUST0030,Hyderabad,48:39.8,UPI,Delivered,23-11-2025
ORD00217,CUST0002,Lucknow,00:18.3,UPI,Returned,08-11-2025
ORD03168,CUST0174,Bangalore,11:10.2,UPI,Cancelled,05-08-2025
ORD04393,CUST0969,Lucknow,08:07.2,Debit Card,Delivered,02-10-2025
ORD00859,CUST0288,Mumbai,16:31.9,Nykaa Wallet,Delivered,07-09-2025
ORD01835,CUST0377,Lucknow,13:58.3,EMI,Cancelled,17-03-2026
ORD03842,CUST0905,Mumbai,43:38.0,EMI,Delivered,26-12-2025
ORD02484,CUST0776,Pune,53:48.6,Credit Card,Delivered,12-09-2025
ORD02833,CUST0327,Delhi,21:38.0,Debit Card,Delivered,17-06-2025
ORD02594,CUST0328,Jaipur,34:34.4,UPI,Delivered,04-08-2025
ORD03431,CUST0986,Pune,23:05.6,EMI,Delivered,30-06-2025
ORD02711,CUST0228,Lucknow,09:32.8,Debit Card,Returned,22-10-2025
ORD02388,CUST0432,Jaipur,09:17.2,Credit Card,Delivered,18-04-2025
ORD03749,CUST0024,Jaipur,01:10.4,EMI,Delivered,29-10-2025
ORD04400,CUST0295,Lucknow,19:59.9,Debit Card,Cancelled,21-07-2025
ORD04714,CUST0044,Delhi,44:07.2,Nykaa Wallet,Delivered,05-01-2026
ORD02392,CUST0202,Kolkata,49:21.5,EMI,Delivered,04-12-2025
ORD03516,CUST0546,Kolkata,13:42.7,UPI,Delivered,21-02-2026
ORD01851,CUST0264,Bangalore,00:07.7,EMI,Delivered,17-01-2026
ORD03491,CUST0717,Mumbai,49:29.0,Nykaa Wallet,Cancelled,12-04-2025
ORD03835,CUST0183,Mumbai,04:56.7,Cash on Delivery,Returned,01-04-2025
ORD01064,CUST0632,Ahmedabad,00:50.3,Debit Card,Delivered,19-03-2026
ORD04770,CUST0450,Ahmedabad,41:17.4,EMI,Delivered,26-12-2025
ORD03746,CUST0740,Kolkata,35:29.2,Cash on Delivery,Delivered,05-11-2025
ORD00388,CUST0161,Mumbai,42:30.7,EMI,Delivered,02-02-2026
ORD01970,CUST0513,Kolkata,48:31.5,UPI,Delivered,07-12-2025
ORD01650,CUST0094,Hyderabad,20:52.9,EMI,Delivered,21-01-2026
ORD01605,CUST0152,Delhi,23:00.0,Nykaa Wallet,Returned,15-12-2025
ORD03738,CUST0532,Bangalore,48:10.8,UPI,Delivered,24-04-2025
ORD00673,CUST0023,Jaipur,41:38.2,Debit Card,Delivered,16-12-2025
ORD03378,CUST0083,Pune,46:01.0,Cash on Delivery,Delivered,22-02-2026
ORD03503,CUST0078,Mumbai,27:57.1,EMI,Delivered,11-01-2026
ORD00961,CUST0932,Delhi,22:07.7,UPI,Delivered,10-12-2025
ORD04632,CUST0185,Chennai,45:19.3,Credit Card,Cancelled,03-11-2025
ORD01121,CUST0187,Mumbai,34:10.9,Nykaa Wallet,Returned,24-10-2025
ORD03758,CUST0112,Hyderabad,50:19.2,EMI,Delivered,25-07-2025
ORD01715,CUST0400,Delhi,57:15.3,UPI,Delivered,18-04-2025
ORD02919,CUST0534,Kolkata,43:15.5,Credit Card,Delivered,01-06-2025
ORD04936,CUST0926,Bangalore,18:18.7,Debit Card,Returned,04-12-2025
ORD02493,CUST0094,Hyderabad,41:33.4,Cash on Delivery,Delivered,27-07-2025
ORD02566,CUST0922,Jaipur,55:11.5,Debit Card,Delivered,25-04-2025
ORD02427,CUST0303,Lucknow,21:04.1,Cash on Delivery,Delivered,06-11-2025
ORD02302,CUST0861,Jaipur,30:09.5,Nykaa Wallet,Delivered,08-10-2025
ORD01513,CUST0441,Hyderabad,34:39.0,Debit Card,Delivered,06-02-2026
ORD02175,CUST0419,Hyderabad,01:19.5,UPI,Cancelled,27-02-2026
ORD03338,CUST0638,Ahmedabad,13:22.0,Debit Card,Delivered,20-08-2025
ORD02956,CUST0890,Bangalore,46:51.0,Credit Card,Returned,01-05-2025
ORD04695,CUST0658,Delhi,22:55.0,EMI,Delivered,25-06-2025
ORD02148,CUST0763,Pune,40:15.3,Cash on Delivery,Delivered,05-05-2025
ORD04711,CUST0502,Lucknow,08:39.3,Nykaa Wallet,Delivered,29-04-2025
ORD02905,CUST0710,Chennai,29:29.7,Nykaa Wallet,Delivered,07-08-2025
ORD00320,CUST0078,Mumbai,28:45.0,Nykaa Wallet,Delivered,24-01-2026
ORD02802,CUST0609,Hyderabad,16:13.6,EMI,Delivered,27-05-2025
ORD02858,CUST0440,Kolkata,32:46.8,Cash on Delivery,Delivered,29-07-2025
ORD01921,CUST0196,Kolkata,54:06.8,Cash on Delivery,Delivered,01-07-2025
ORD01435,CUST0768,Ahmedabad,46:04.6,Credit Card,Delivered,15-05-2025
ORD01678,CUST0221,Bangalore,52:36.7,UPI,Delivered,19-07-2025
ORD01373,CUST0353,Pune,22:24.5,UPI,Delivered,09-07-2025
ORD02261,CUST0067,Mumbai,25:50.6,Cash on Delivery,Cancelled,06-05-2025
ORD00561,CUST0458,Delhi,57:17.8,UPI,Delivered,02-09-2025
ORD00690,CUST0958,Ahmedabad,16:47.2,Nykaa Wallet,Returned,14-06-2025
ORD02162,CUST0874,Jaipur,58:41.4,Nykaa Wallet,Delivered,03-06-2025
ORD01766,CUST0122,Jaipur,11:31.7,Credit Card,Delivered,09-03-2026
ORD00694,CUST0243,Lucknow,31:37.8,EMI,Delivered,06-12-2025
ORD03839,CUST0291,Mumbai,46:33.3,Credit Card,Delivered,10-06-2025
ORD02232,CUST0237,Kolkata,08:04.8,Debit Card,Delivered,03-06-2025
ORD01661,CUST0824,Ahmedabad,51:41.7,Cash on Delivery,Delivered,29-04-2025
ORD01945,CUST0448,Jaipur,05:03.5,Nykaa Wallet,Delivered,14-09-2025
ORD03555,CUST0368,Mumbai,45:50.1,Cash on Delivery,Returned,28-03-2026
ORD02366,CUST0844,Jaipur,52:13.4,UPI,Cancelled,27-07-2025
ORD03407,CUST0879,Chennai,28:51.1,Credit Card,Delivered,01-10-2025
ORD04788,CUST0672,Kolkata,04:52.9,Cash on Delivery,Delivered,12-11-2025
ORD00073,CUST0723,Mumbai,06:48.1,EMI,Delivered,21-01-2026
ORD01244,CUST0923,Chennai,05:51.8,Debit Card,Delivered,12-04-2025
ORD03741,CUST0273,Jaipur,01:47.6,EMI,Delivered,18-01-2026
ORD00337,CUST0229,Kolkata,02:17.9,Debit Card,Delivered,07-02-2026
ORD00853,CUST0699,Jaipur,00:05.5,Debit Card,Delivered,29-10-2025
ORD02357,CUST0102,Ahmedabad,42:38.8,Debit Card,Returned,21-03-2026
ORD03929,CUST0847,Chennai,21:49.7,Credit Card,Delivered,07-09-2025
ORD01532,CUST0578,Mumbai,16:51.4,UPI,Returned,11-07-2025
ORD00577,CUST0226,Hyderabad,36:28.0,EMI,Delivered,18-03-2026
ORD04563,CUST0393,Chennai,58:45.7,Nykaa Wallet,Delivered,27-10-2025
ORD04058,CUST0055,Hyderabad,40:46.9,Debit Card,Delivered,20-05-2025
ORD00940,CUST0223,Jaipur,16:23.1,Cash on Delivery,Returned,02-01-2026
ORD00729,CUST0029,Ahmedabad,29:42.4,Credit Card,Delivered,18-10-2025
ORD01384,CUST0270,Bangalore,43:31.0,Nykaa Wallet,Delivered,31-03-2026
ORD00517,CUST0595,Mumbai,37:36.5,EMI,Delivered,04-02-2026
ORD00207,CUST0618,Delhi,24:14.8,Debit Card,Delivered,03-11-2025
ORD01130,CUST0581,Lucknow,40:43.4,Credit Card,Cancelled,09-05-2025
ORD01915,CUST0014,Delhi,43:49.5,UPI,Cancelled,22-07-2025
ORD01794,CUST0633,Kolkata,12:02.6,EMI,Delivered,08-08-2025
ORD00655,CUST0169,Kolkata,44:23.2,EMI,Delivered,28-06-2025
ORD04076,CUST0413,Lucknow,51:25.1,UPI,Delivered,11-09-2025
ORD03106,CUST0268,Lucknow,17:29.6,Cash on Delivery,Cancelled,23-03-2026
ORD04295,CUST0777,Ahmedabad,50:22.1,EMI,Delivered,28-08-2025
ORD03630,CUST0485,Mumbai,07:55.2,Debit Card,Delivered,04-10-2025
ORD00321,CUST0182,Pune,24:01.1,Credit Card,Delivered,17-07-2025
ORD01639,CUST0476,Mumbai,26:35.9,UPI,Cancelled,02-12-2025
ORD00450,CUST0167,Delhi,33:53.8,Cash on Delivery,Delivered,11-06-2025
ORD02959,CUST0111,Jaipur,31:06.5,Nykaa Wallet,Delivered,05-08-2025
ORD00593,CUST0215,Pune,57:03.9,UPI,Returned,27-07-2025
ORD00563,CUST0370,Ahmedabad,47:55.8,Nykaa Wallet,Returned,04-05-2025
ORD02130,CUST0496,Ahmedabad,14:52.5,Nykaa Wallet,Returned,08-11-2025
ORD01712,CUST0592,Jaipur,37:05.3,Cash on Delivery,Returned,21-05-2025
ORD03007,CUST0313,Chennai,55:05.2,Cash on Delivery,Delivered,27-02-2026
ORD00619,CUST0636,Chennai,26:27.1,EMI,Delivered,22-07-2025
ORD04907,CUST0667,Chennai,41:03.4,Debit Card,Delivered,22-10-2025
ORD00276,CUST0125,Lucknow,55:21.7,Credit Card,Delivered,05-08-2025
ORD04586,CUST0079,Chennai,13:50.5,EMI,Delivered,01-09-2025
ORD01942,CUST0558,Pune,22:14.3,UPI,Delivered,04-04-2025
ORD04566,CUST0094,Hyderabad,50:10.9,UPI,Delivered,07-02-2026
ORD04717,CUST0698,Lucknow,04:18.6,Cash on Delivery,Delivered,04-08-2025
ORD03617,CUST0650,Kolkata,37:22.4,Debit Card,Delivered,07-02-2026
ORD01077,CUST0691,Jaipur,38:25.9,Credit Card,Delivered,24-02-2026
ORD01735,CUST0142,Hyderabad,26:10.1,Credit Card,Delivered,13-06-2025
ORD00670,CUST0798,Bangalore,51:41.1,UPI,Returned,05-03-2026
ORD01162,CUST0828,Chennai,30:36.4,Credit Card,Returned,12-05-2025
ORD04593,CUST0925,Chennai,41:22.1,Debit Card,Returned,22-07-2025
ORD01140,CUST0024,Jaipur,00:00.5,UPI,Cancelled,09-05-2025
ORD03947,CUST0271,Delhi,55:38.3,Cash on Delivery,Delivered,14-06-2025
ORD00735,CUST0029,Ahmedabad,31:47.2,UPI,Delivered,16-09-2025
ORD02435,CUST0916,Hyderabad,48:17.2,EMI,Delivered,14-03-2026
ORD03464,CUST0939,Mumbai,44:58.0,UPI,Delivered,04-03-2026
ORD04804,CUST0804,Pune,49:58.9,Nykaa Wallet,Delivered,29-01-2026
ORD00701,CUST0924,Hyderabad,05:39.3,Cash on Delivery,Delivered,22-09-2025
ORD01613,CUST0656,Hyderabad,40:39.6,Credit Card,Delivered,13-04-2025
ORD04487,CUST0343,Chennai,44:07.5,Nykaa Wallet,Delivered,27-10-2025
ORD00842,CUST0796,Lucknow,02:52.1,UPI,Cancelled,07-02-2026
ORD03182,CUST0757,Pune,42:06.5,EMI,Delivered,16-08-2025
ORD04109,CUST0423,Bangalore,32:43.1,Debit Card,Delivered,20-02-2026
ORD04883,CUST0455,Hyderabad,16:03.8,Cash on Delivery,Delivered,03-01-2026
ORD00571,CUST0819,Pune,31:58.7,UPI,Cancelled,15-07-2025
ORD01412,CUST0348,Pune,49:32.4,Debit Card,Delivered,15-05-2025
ORD03854,CUST0708,Lucknow,22:02.8,EMI,Delivered,01-01-2026
ORD03532,CUST0230,Jaipur,32:04.7,Debit Card,Delivered,01-08-2025
ORD01584,CUST0149,Ahmedabad,38:00.7,Cash on Delivery,Delivered,07-07-2025
ORD01477,CUST0839,Kolkata,54:45.7,EMI,Delivered,22-02-2026
ORD00363,CUST0068,Hyderabad,55:21.3,Nykaa Wallet,Delivered,31-01-2026
ORD03827,CUST0086,Jaipur,02:58.7,Cash on Delivery,Delivered,25-11-2025
ORD03770,CUST0106,Hyderabad,16:53.3,UPI,Delivered,26-11-2025
ORD00306,CUST0428,Kolkata,17:09.6,EMI,Delivered,30-05-2025
ORD02781,CUST0336,Ahmedabad,41:54.5,Cash on Delivery,Delivered,10-12-2025
ORD00193,CUST0471,Bangalore,17:13.2,Credit Card,Delivered,04-03-2026
ORD03078,CUST0323,Hyderabad,20:22.9,EMI,Delivered,01-02-2026
ORD02263,CUST0423,Bangalore,49:45.6,Debit Card,Delivered,17-01-2026
ORD00035,CUST0693,Pune,55:24.0,Cash on Delivery,Delivered,05-06-2025
ORD02714,CUST0752,Mumbai,03:23.8,Credit Card,Delivered,19-08-2025
ORD03646,CUST0316,Chennai,02:16.4,Nykaa Wallet,Delivered,26-02-2026
ORD04747,CUST0837,Hyderabad,24:47.5,Cash on Delivery,Delivered,14-08-2025
ORD03631,CUST0624,Chennai,29:28.8,Cash on Delivery,Delivered,11-06-2025
ORD04376,CUST0314,Pune,42:21.4,Cash on Delivery,Delivered,18-04-2025
ORD02871,CUST0976,Hyderabad,51:15.9,Debit Card,Delivered,07-12-2025
ORD04243,CUST0144,Kolkata,28:51.4,EMI,Delivered,04-10-2025
ORD02921,CUST0977,Lucknow,19:35.2,Debit Card,Delivered,06-10-2025
ORD00422,CUST0362,Hyderabad,57:24.0,Credit Card,Delivered,08-11-2025
ORD02329,CUST0109,Jaipur,55:07.5,Cash on Delivery,Delivered,02-11-2025
ORD02405,CUST0197,Pune,43:52.6,Nykaa Wallet,Delivered,06-11-2025
ORD04868,CUST0987,Pune,30:13.0,Debit Card,Delivered,14-02-2026
ORD02409,CUST0243,Lucknow,31:12.1,Credit Card,Delivered,01-11-2025
ORD00565,CUST0132,Mumbai,01:05.9,Debit Card,Cancelled,09-02-2026
ORD00918,CUST0163,Mumbai,55:22.5,Cash on Delivery,Delivered,19-02-2026
ORD00976,CUST0867,Jaipur,28:26.7,Credit Card,Delivered,12-11-2025
ORD01934,CUST0711,Pune,06:07.1,Nykaa Wallet,Delivered,04-12-2025
ORD03257,CUST0411,Lucknow,09:29.3,Credit Card,Delivered,11-10-2025
ORD00692,CUST0113,Delhi,34:42.6,Nykaa Wallet,Returned,14-03-2026
ORD00116,CUST0078,Mumbai,17:24.8,UPI,Delivered,02-08-2025
ORD04472,CUST0603,Bangalore,50:55.4,Debit Card,Delivered,04-11-2025
ORD02467,CUST0200,Mumbai,11:29.8,UPI,Delivered,08-12-2025
ORD01031,CUST0587,Ahmedabad,47:30.4,UPI,Returned,14-09-2025
ORD02217,CUST0458,Delhi,10:10.1,Debit Card,Delivered,11-03-2026
ORD04913,CUST0097,Hyderabad,15:30.1,Nykaa Wallet,Delivered,02-12-2025
ORD00899,CUST0772,Pune,54:37.9,Nykaa Wallet,Delivered,09-11-2025
ORD03404,CUST0817,Hyderabad,44:28.2,Debit Card,Cancelled,21-12-2025
ORD04001,CUST0344,Hyderabad,40:01.3,Credit Card,Delivered,12-05-2025
ORD04803,CUST0262,Jaipur,36:42.1,EMI,Delivered,22-01-2026
ORD00776,CUST0347,Pune,19:42.7,Credit Card,Cancelled,12-05-2025
ORD03660,CUST0882,Jaipur,45:10.8,Debit Card,Delivered,04-09-2025
ORD03812,CUST0731,Delhi,21:21.3,UPI,Delivered,20-06-2025
ORD00965,CUST0147,Lucknow,34:18.7,Cash on Delivery,Delivered,06-07-2025
ORD00414,CUST0001,Bangalore,31:02.7,EMI,Cancelled,29-10-2025
ORD02937,CUST0225,Hyderabad,11:32.6,UPI,Returned,23-02-2026
ORD01150,CUST0324,Bangalore,30:58.3,Nykaa Wallet,Cancelled,25-07-2025
ORD00506,CUST0179,Bangalore,37:39.3,UPI,Delivered,13-10-2025
ORD03089,CUST0696,Hyderabad,52:37.2,Cash on Delivery,Delivered,20-08-2025
ORD04909,CUST0802,Jaipur,20:29.1,EMI,Delivered,25-05-2025
ORD03736,CUST0118,Mumbai,24:38.7,Credit Card,Delivered,23-12-2025
ORD02378,CUST0848,Ahmedabad,47:03.4,Nykaa Wallet,Cancelled,03-05-2025
ORD02703,CUST0788,Pune,01:32.5,Credit Card,Delivered,11-01-2026
ORD01316,CUST0204,Delhi,39:36.9,Credit Card,Delivered,16-02-2026
ORD04022,CUST0941,Chennai,43:00.9,Nykaa Wallet,Delivered,15-03-2026
ORD01158,CUST0658,Delhi,43:01.9,EMI,Delivered,20-02-2026
ORD03096,CUST0587,Ahmedabad,46:27.3,Credit Card,Delivered,27-02-2026
ORD03540,CUST0222,Delhi,22:18.5,UPI,Delivered,10-07-2025
ORD03240,CUST0601,Delhi,52:28.4,EMI,Delivered,08-03-2026
ORD03113,CUST0579,Kolkata,06:48.3,EMI,Delivered,15-08-2025
ORD03018,CUST0727,Delhi,48:39.0,Credit Card,Returned,11-01-2026
ORD00538,CUST0867,Jaipur,35:47.2,EMI,Delivered,20-07-2025
ORD01504,CUST0836,Mumbai,41:59.8,EMI,Delivered,06-04-2025
ORD00446,CUST0694,Delhi,05:03.7,EMI,Delivered,11-09-2025
ORD02003,CUST0740,Kolkata,17:17.6,Cash on Delivery,Delivered,01-12-2025
ORD03668,CUST0075,Pune,51:24.9,Nykaa Wallet,Delivered,23-05-2025
ORD04874,CUST0160,Pune,11:17.5,UPI,Delivered,03-09-2025
ORD00497,CUST0109,Jaipur,56:45.4,Debit Card,Delivered,05-01-2026
ORD02092,CUST0082,Bangalore,48:18.1,UPI,Cancelled,10-03-2026
ORD01508,CUST0665,Bangalore,30:11.6,UPI,Delivered,03-12-2025
ORD02812,CUST0751,Delhi,37:44.2,Credit Card,Cancelled,08-10-2025
ORD04814,CUST0063,Delhi,16:26.5,Debit Card,Delivered,03-03-2026
ORD01018,CUST0590,Lucknow,43:07.9,Nykaa Wallet,Cancelled,16-12-2025
ORD04311,CUST0098,Jaipur,00:06.5,Cash on Delivery,Delivered,22-02-2026
ORD02685,CUST0703,Bangalore,38:53.5,Debit Card,Delivered,10-08-2025
ORD02691,CUST0419,Hyderabad,37:00.1,EMI,Delivered,06-11-2025
ORD02568,CUST0563,Kolkata,45:07.0,UPI,Delivered,12-08-2025
ORD04850,CUST0142,Hyderabad,12:57.9,Credit Card,Delivered,23-09-2025
ORD00077,CUST0359,Jaipur,06:44.7,UPI,Delivered,01-06-2025
ORD00200,CUST0139,Jaipur,11:20.2,Debit Card,Returned,17-06-2025
ORD00876,CUST0689,Pune,33:09.3,UPI,Delivered,05-02-2026
ORD02062,CUST0687,Ahmedabad,15:42.4,UPI,Delivered,20-12-2025
ORD04530,CUST0690,Lucknow,51:49.1,Debit Card,Delivered,05-03-2026
ORD04983,CUST0752,Mumbai,54:25.7,Cash on Delivery,Delivered,19-11-2025
ORD03689,CUST0742,Ahmedabad,12:42.4,EMI,Delivered,21-09-2025
ORD01035,CUST0288,Mumbai,55:41.6,UPI,Delivered,17-11-2025
ORD00133,CUST0078,Mumbai,42:14.7,Credit Card,Returned,20-10-2025
ORD02585,CUST0523,Kolkata,31:55.1,Nykaa Wallet,Delivered,30-07-2025
ORD03663,CUST0168,Bangalore,55:17.4,Debit Card,Delivered,15-12-2025
ORD01991,CUST0737,Pune,42:59.3,EMI,Delivered,10-09-2025
ORD03136,CUST0971,Ahmedabad,21:26.9,UPI,Returned,11-07-2025
ORD03524,CUST0333,Kolkata,54:12.8,Nykaa Wallet,Delivered,19-05-2025
ORD00262,CUST0394,Mumbai,38:57.1,Credit Card,Delivered,25-05-2025
ORD03347,CUST0443,Delhi,11:15.1,EMI,Delivered,21-03-2026
ORD01274,CUST0147,Lucknow,12:12.2,UPI,Delivered,28-09-2025
ORD00554,CUST0857,Hyderabad,07:07.2,EMI,Delivered,12-11-2025
ORD01447,CUST0511,Lucknow,07:14.3,Nykaa Wallet,Delivered,29-11-2025
ORD02110,CUST0804,Pune,38:02.2,UPI,Delivered,11-03-2026
ORD03369,CUST0892,Bangalore,53:56.3,Credit Card,Delivered,28-06-2025
ORD04853,CUST0811,Pune,04:46.8,Nykaa Wallet,Cancelled,30-01-2026
ORD02880,CUST0759,Mumbai,53:11.4,Credit Card,Delivered,16-01-2026
ORD03910,CUST0606,Bangalore,05:39.8,UPI,Delivered,04-01-2026
ORD04386,CUST0844,Jaipur,10:56.8,EMI,Delivered,04-10-2025
ORD00417,CUST0808,Chennai,08:29.4,Nykaa Wallet,Delivered,12-01-2026
ORD03150,CUST0178,Pune,26:28.3,EMI,Delivered,08-03-2026
ORD01437,CUST0142,Hyderabad,59:04.0,UPI,Delivered,02-11-2025
ORD01940,CUST0121,Ahmedabad,14:44.8,Credit Card,Delivered,26-11-2025
ORD04975,CUST0802,Jaipur,41:18.4,EMI,Returned,15-09-2025
ORD00120,CUST0445,Chennai,06:26.7,UPI,Delivered,21-10-2025
ORD00608,CUST0153,Delhi,14:38.3,Debit Card,Delivered,03-08-2025
ORD03060,CUST0733,Hyderabad,41:55.4,Debit Card,Cancelled,11-06-2025
ORD04959,CUST0845,Ahmedabad,22:44.0,EMI,Delivered,04-02-2026
ORD00160,CUST0770,Ahmedabad,33:24.5,Debit Card,Delivered,16-03-2026
ORD01429,CUST0413,Lucknow,56:20.2,Nykaa Wallet,Delivered,04-04-2025
ORD02511,CUST0621,Delhi,44:27.8,Debit Card,Returned,08-05-2025
ORD02520,CUST0333,Kolkata,42:52.5,Cash on Delivery,Delivered,28-07-2025
ORD00127,CUST0911,Hyderabad,12:46.5,Debit Card,Cancelled,04-09-2025
ORD02599,CUST0563,Kolkata,05:45.3,Debit Card,Delivered,09-12-2025
ORD01151,CUST0604,Pune,36:02.8,Nykaa Wallet,Delivered,02-05-2025
ORD02320,CUST0880,Bangalore,37:30.1,Credit Card,Delivered,16-08-2025
ORD03165,CUST0136,Mumbai,00:40.4,EMI,Delivered,08-01-2026
ORD02502,CUST0948,Chennai,08:38.4,Debit Card,Delivered,06-03-2026
ORD02555,CUST0464,Hyderabad,49:53.1,UPI,Delivered,13-02-2026
ORD04441,CUST0987,Pune,06:18.0,Debit Card,Delivered,18-09-2025
ORD00663,CUST0365,Kolkata,45:43.6,Credit Card,Delivered,13-05-2025
ORD03256,CUST0274,Jaipur,46:57.7,UPI,Delivered,16-04-2025
ORD02605,CUST0643,Chennai,50:13.9,Nykaa Wallet,Delivered,30-09-2025
ORD03613,CUST0400,Delhi,39:38.6,Debit Card,Cancelled,12-06-2025
ORD03788,CUST0036,Chennai,51:48.1,Cash on Delivery,Delivered,08-10-2025
ORD00736,CUST0158,Pune,56:42.0,Debit Card,Delivered,21-01-2026
ORD00448,CUST0997,Kolkata,48:44.9,Credit Card,Delivered,06-03-2026
ORD03367,CUST0508,Chennai,01:15.0,Debit Card,Cancelled,27-06-2025
ORD04957,CUST0446,Pune,57:11.5,EMI,Delivered,09-10-2025
ORD02056,CUST0406,Delhi,55:20.1,Nykaa Wallet,Delivered,07-02-2026
ORD03333,CUST0559,Pune,52:37.5,Credit Card,Cancelled,30-09-2025
ORD04409,CUST0753,Lucknow,01:17.5,Debit Card,Delivered,02-08-2025
ORD03126,CUST0057,Pune,28:25.9,EMI,Delivered,22-02-2026
ORD01761,CUST0753,Lucknow,33:18.5,Cash on Delivery,Delivered,30-07-2025
ORD02288,CUST0987,Pune,08:10.9,UPI,Delivered,28-01-2026
ORD04011,CUST0790,Mumbai,05:31.0,EMI,Cancelled,28-05-2025
ORD04010,CUST0744,Lucknow,14:34.2,Debit Card,Cancelled,04-09-2025
ORD02950,CUST0904,Ahmedabad,23:25.6,Nykaa Wallet,Returned,31-07-2025
ORD01542,CUST0053,Jaipur,51:25.4,Credit Card,Delivered,03-06-2025
ORD01684,CUST0536,Kolkata,06:40.7,Credit Card,Delivered,20-11-2025
ORD04231,CUST0497,Lucknow,53:37.6,Nykaa Wallet,Cancelled,07-04-2025
ORD01707,CUST0033,Chennai,44:27.7,EMI,Delivered,26-02-2026
ORD04811,CUST0351,Kolkata,50:37.1,Cash on Delivery,Delivered,04-08-2025
ORD00493,CUST0004,Pune,09:49.8,Cash on Delivery,Delivered,14-10-2025
ORD02557,CUST0417,Kolkata,32:54.9,Debit Card,Delivered,19-10-2025
ORD04031,CUST0022,Kolkata,06:50.9,Debit Card,Delivered,07-01-2026
ORD02740,CUST0397,Mumbai,52:14.4,Credit Card,Delivered,02-12-2025
ORD01202,CUST0306,Kolkata,30:47.2,Nykaa Wallet,Delivered,11-12-2025
ORD04395,CUST0310,Lucknow,01:30.5,UPI,Delivered,27-12-2025
ORD04794,CUST0688,Delhi,36:36.5,UPI,Delivered,19-08-2025
ORD04734,CUST0226,Hyderabad,55:00.6,Nykaa Wallet,Delivered,07-08-2025
ORD01793,CUST0420,Chennai,30:19.1,Debit Card,Cancelled,28-03-2026
ORD00199,CUST0215,Pune,03:00.5,Credit Card,Returned,20-01-2026
ORD02156,CUST0561,Chennai,08:06.2,Cash on Delivery,Returned,27-01-2026
ORD01089,CUST0202,Kolkata,29:19.4,UPI,Delivered,17-08-2025
ORD00871,CUST0066,Delhi,32:15.4,Debit Card,Returned,02-11-2025
ORD03765,CUST0472,Lucknow,53:23.2,Credit Card,Delivered,07-02-2026
ORD04319,CUST0265,Jaipur,17:06.0,UPI,Delivered,04-10-2025
ORD01455,CUST0645,Ahmedabad,22:07.6,Credit Card,Delivered,31-05-2025
ORD00739,CUST0528,Hyderabad,00:29.1,EMI,Delivered,18-10-2025
ORD03669,CUST0639,Lucknow,39:33.6,EMI,Delivered,12-02-2026
ORD03955,CUST0377,Lucknow,28:37.5,EMI,Delivered,11-11-2025
ORD04025,CUST0097,Hyderabad,10:03.9,Cash on Delivery,Delivered,27-07-2025
ORD01388,CUST0041,Delhi,21:29.5,UPI,Delivered,30-05-2025
ORD00221,CUST0348,Pune,43:06.4,Credit Card,Cancelled,26-08-2025
ORD04237,CUST0330,Jaipur,00:02.2,Cash on Delivery,Delivered,27-04-2025
ORD02964,CUST0846,Delhi,14:28.8,Cash on Delivery,Delivered,14-11-2025
ORD02448,CUST0463,Bangalore,19:37.2,Cash on Delivery,Delivered,06-10-2025
ORD03278,CUST0128,Jaipur,13:10.4,EMI,Delivered,09-11-2025
ORD04466,CUST0988,Delhi,56:19.5,Nykaa Wallet,Delivered,12-07-2025
ORD00851,CUST0040,Chennai,11:28.6,UPI,Cancelled,01-06-2025
ORD00122,CUST0719,Ahmedabad,22:35.7,Debit Card,Delivered,19-05-2025
ORD04897,CUST0395,Jaipur,49:08.9,UPI,Delivered,03-08-2025
ORD01256,CUST0323,Hyderabad,34:12.1,Debit Card,Delivered,03-08-2025
ORD04967,CUST0636,Chennai,12:03.6,Cash on Delivery,Delivered,21-02-2026
ORD03775,CUST0150,Lucknow,55:06.6,Cash on Delivery,Delivered,30-05-2025
ORD04976,CUST0467,Bangalore,39:31.5,Cash on Delivery,Returned,07-11-2025
ORD00971,CUST0210,Lucknow,12:53.3,Cash on Delivery,Delivered,06-02-2026
ORD04107,CUST0312,Lucknow,05:58.3,Nykaa Wallet,Returned,12-04-2025
ORD04847,CUST0939,Mumbai,05:30.9,Nykaa Wallet,Delivered,02-06-2025
ORD03804,CUST0798,Bangalore,49:24.9,Nykaa Wallet,Delivered,27-11-2025
ORD01999,CUST0480,Hyderabad,46:44.0,Debit Card,Delivered,26-02-2026
ORD00326,CUST0822,Jaipur,31:06.8,Nykaa Wallet,Delivered,18-06-2025
ORD04582,CUST0462,Bangalore,21:39.8,Cash on Delivery,Delivered,24-03-2026
ORD04192,CUST0816,Hyderabad,40:54.1,Nykaa Wallet,Delivered,24-09-2025
ORD04317,CUST0258,Ahmedabad,53:09.3,UPI,Delivered,22-04-2025
ORD03825,CUST0274,Jaipur,16:37.0,Debit Card,Delivered,29-10-2025
ORD01964,CUST0965,Delhi,19:59.3,Credit Card,Cancelled,14-11-2025
ORD01419,CUST0547,Mumbai,32:15.4,UPI,Delivered,21-11-2025
ORD01574,CUST0313,Chennai,53:57.6,Nykaa Wallet,Returned,25-05-2025
ORD00717,CUST0855,Chennai,25:26.6,Cash on Delivery,Delivered,25-12-2025
ORD01880,CUST0571,Hyderabad,55:40.8,Credit Card,Delivered,25-03-2026
ORD02403,CUST0818,Delhi,52:26.1,Nykaa Wallet,Delivered,20-04-2025
ORD04884,CUST0901,Lucknow,49:20.8,Cash on Delivery,Delivered,13-10-2025
ORD02590,CUST0927,Chennai,07:04.7,Nykaa Wallet,Delivered,24-06-2025
ORD04658,CUST0554,Mumbai,57:32.7,Credit Card,Delivered,03-09-2025
ORD02634,CUST0469,Jaipur,00:42.2,UPI,Delivered,25-12-2025
ORD01013,CUST0426,Jaipur,18:42.9,Debit Card,Delivered,13-11-2025
ORD04863,CUST0441,Hyderabad,37:43.0,Cash on Delivery,Returned,13-03-2026
ORD04316,CUST0069,Hyderabad,29:02.0,Debit Card,Delivered,06-06-2025
ORD02290,CUST0730,Kolkata,34:10.9,Cash on Delivery,Cancelled,03-03-2026
ORD04577,CUST0171,Mumbai,36:07.4,UPI,Delivered,24-10-2025
ORD00627,CUST0920,Delhi,29:46.9,Debit Card,Delivered,29-05-2025
ORD04210,CUST0177,Lucknow,03:50.7,Cash on Delivery,Delivered,16-09-2025
ORD02428,CUST0365,Kolkata,45:21.0,Credit Card,Delivered,27-11-2025
ORD03843,CUST0787,Ahmedabad,12:45.2,UPI,Delivered,17-12-2025
ORD02657,CUST0329,Pune,29:55.4,Credit Card,Delivered,30-04-2025
ORD01901,CUST0139,Jaipur,27:20.3,EMI,Delivered,18-05-2025
ORD01313,CUST0641,Pune,25:51.9,Credit Card,Delivered,27-03-2026
ORD00303,CUST0586,Kolkata,33:02.0,EMI,Delivered,29-10-2025
ORD04513,CUST0853,Delhi,44:43.5,EMI,Delivered,10-06-2025
ORD03932,CUST0065,Hyderabad,40:42.4,Nykaa Wallet,Delivered,20-05-2025
ORD00435,CUST0854,Bangalore,03:21.6,Nykaa Wallet,Cancelled,18-11-2025
ORD02806,CUST0918,Pune,42:17.9,Debit Card,Delivered,05-07-2025
ORD02518,CUST0300,Lucknow,15:26.8,Nykaa Wallet,Delivered,19-08-2025
ORD03975,CUST0634,Bangalore,09:18.3,UPI,Delivered,01-07-2025
ORD02739,CUST0337,Ahmedabad,53:21.3,EMI,Delivered,09-12-2025
ORD01234,CUST0364,Mumbai,30:20.6,Credit Card,Delivered,24-05-2025
ORD03396,CUST0416,Ahmedabad,25:33.8,Credit Card,Delivered,07-02-2026
ORD01560,CUST0869,Pune,54:18.4,Nykaa Wallet,Cancelled,01-02-2026
ORD02526,CUST0340,Mumbai,40:24.2,Nykaa Wallet,Delivered,24-02-2026
ORD01426,CUST0324,Bangalore,19:01.1,UPI,Delivered,30-05-2025
ORD03529,CUST0061,Chennai,19:40.0,EMI,Delivered,20-10-2025
ORD00769,CUST0767,Chennai,56:32.4,Nykaa Wallet,Delivered,07-04-2025
ORD04903,CUST0274,Jaipur,47:13.4,Nykaa Wallet,Delivered,11-04-2025
ORD02891,CUST0252,Delhi,00:08.2,Debit Card,Cancelled,20-04-2025
ORD01061,CUST0171,Mumbai,20:20.2,EMI,Delivered,27-10-2025
ORD01543,CUST0330,Jaipur,27:26.1,Debit Card,Delivered,21-05-2025
ORD03581,CUST0736,Pune,59:10.7,EMI,Delivered,12-05-2025
ORD01941,CUST0441,Hyderabad,29:39.7,Cash on Delivery,Delivered,27-11-2025
ORD04314,CUST0326,Ahmedabad,39:43.1,EMI,Cancelled,16-12-2025
ORD04464,CUST0100,Chennai,44:56.6,Cash on Delivery,Cancelled,30-11-2025
ORD04159,CUST0467,Bangalore,10:50.8,UPI,Returned,19-11-2025
ORD00464,CUST0320,Chennai,39:35.6,Nykaa Wallet,Returned,13-12-2025
ORD03086,CUST0384,Bangalore,42:14.2,EMI,Delivered,06-08-2025
ORD00245,CUST0337,Ahmedabad,24:29.4,Debit Card,Delivered,27-04-2025
ORD00224,CUST0772,Pune,47:57.4,EMI,Cancelled,24-06-2025
ORD03891,CUST0279,Ahmedabad,52:06.1,Nykaa Wallet,Delivered,18-04-2025
ORD01166,CUST0940,Bangalore,05:15.9,Debit Card,Cancelled,26-11-2025
ORD00396,CUST0646,Kolkata,14:58.2,EMI,Delivered,15-12-2025
ORD03877,CUST0459,Mumbai,47:29.3,UPI,Cancelled,26-09-2025
ORD03930,CUST0106,Hyderabad,18:28.3,Cash on Delivery,Delivered,22-04-2025
ORD03952,CUST0929,Pune,28:45.1,Credit Card,Delivered,05-04-2025
ORD02923,CUST0805,Bangalore,41:15.6,Debit Card,Delivered,16-09-2025
ORD03475,CUST0794,Chennai,06:21.4,Nykaa Wallet,Returned,09-01-2026
ORD00723,CUST0693,Pune,21:28.2,EMI,Delivered,02-10-2025
ORD01237,CUST0986,Pune,51:28.3,UPI,Delivered,18-07-2025
ORD00226,CUST0319,Kolkata,19:21.1,UPI,Delivered,07-02-2026
ORD02207,CUST0087,Mumbai,02:40.6,UPI,Delivered,15-01-2026
ORD00431,CUST0770,Ahmedabad,34:29.1,Cash on Delivery,Delivered,06-04-2025
ORD03740,CUST0629,Delhi,31:50.0,Credit Card,Delivered,05-08-2025
ORD02413,CUST0403,Jaipur,36:35.1,Credit Card,Delivered,14-03-2026
ORD02359,CUST0631,Mumbai,56:55.1,Cash on Delivery,Delivered,08-12-2025
ORD02440,CUST0169,Kolkata,27:12.5,Credit Card,Cancelled,17-12-2025
ORD01233,CUST0364,Mumbai,36:20.4,Cash on Delivery,Delivered,17-05-2025
ORD02255,CUST0930,Hyderabad,14:11.6,Nykaa Wallet,Returned,10-07-2025
ORD02898,CUST0727,Delhi,13:05.5,Nykaa Wallet,Delivered,13-08-2025
ORD03226,CUST0932,Delhi,19:58.2,Credit Card,Returned,16-03-2026
ORD04204,CUST0070,Bangalore,46:25.1,Cash on Delivery,Delivered,20-04-2025
ORD01643,CUST0622,Delhi,44:01.6,Credit Card,Delivered,14-11-2025
ORD03779,CUST0766,Ahmedabad,27:19.7,EMI,Delivered,17-11-2025
ORD02490,CUST0714,Ahmedabad,33:22.4,Credit Card,Delivered,31-08-2025
ORD02548,CUST0739,Ahmedabad,33:28.4,Debit Card,Delivered,13-12-2025
ORD02127,CUST0928,Chennai,38:12.3,Debit Card,Delivered,16-10-2025
ORD00329,CUST0962,Hyderabad,46:10.8,Credit Card,Cancelled,06-05-2025
ORD04187,CUST0258,Ahmedabad,19:19.8,EMI,Delivered,13-02-2026
ORD03479,CUST0724,Pune,39:54.8,Credit Card,Delivered,22-08-2025
ORD04066,CUST0429,Jaipur,21:36.1,Cash on Delivery,Delivered,08-07-2025
ORD04073,CUST0386,Ahmedabad,29:17.3,Debit Card,Delivered,25-01-2026
ORD01402,CUST0914,Pune,40:00.5,EMI,Delivered,26-05-2025
ORD03558,CUST0582,Ahmedabad,36:21.8,Cash on Delivery,Delivered,26-04-2025
ORD02565,CUST0781,Bangalore,03:24.2,Credit Card,Delivered,16-04-2025
ORD00270,CUST0705,Jaipur,43:20.9,EMI,Delivered,17-08-2025
ORD01053,CUST0563,Kolkata,42:53.8,Debit Card,Delivered,18-11-2025
ORD04098,CUST0908,Hyderabad,01:27.9,Nykaa Wallet,Delivered,09-09-2025
ORD01582,CUST0578,Mumbai,18:41.9,EMI,Cancelled,08-11-2025
ORD01669,CUST0946,Mumbai,56:47.9,Cash on Delivery,Delivered,18-07-2025
ORD04643,CUST0753,Lucknow,41:34.7,Credit Card,Delivered,26-06-2025
ORD00387,CUST0454,Ahmedabad,58:00.7,UPI,Delivered,15-01-2026
ORD00935,CUST0124,Ahmedabad,23:03.9,Debit Card,Delivered,07-10-2025
ORD00244,CUST0221,Bangalore,23:50.5,Credit Card,Delivered,31-12-2025
ORD02995,CUST0002,Lucknow,25:08.6,Nykaa Wallet,Delivered,03-02-2026
ORD03216,CUST0360,Lucknow,47:11.2,Credit Card,Delivered,10-06-2025
ORD00785,CUST0576,Pune,02:58.3,Debit Card,Delivered,12-01-2026
ORD03750,CUST0262,Jaipur,38:22.2,Cash on Delivery,Delivered,06-10-2025
ORD00731,CUST0537,Kolkata,35:19.8,Credit Card,Delivered,12-02-2026
ORD02129,CUST0387,Kolkata,53:47.2,Cash on Delivery,Delivered,21-01-2026
ORD03824,CUST0416,Ahmedabad,23:15.9,Debit Card,Cancelled,07-10-2025
ORD03704,CUST0918,Pune,26:39.1,Credit Card,Returned,02-08-2025
ORD01869,CUST0547,Mumbai,27:48.8,Cash on Delivery,Delivered,02-08-2025
ORD03632,CUST0261,Lucknow,49:40.8,Cash on Delivery,Returned,12-03-2026
ORD03844,CUST0492,Ahmedabad,03:32.2,UPI,Delivered,17-12-2025
ORD01153,CUST0273,Jaipur,31:15.5,Nykaa Wallet,Delivered,10-10-2025
ORD02219,CUST0493,Bangalore,01:32.2,Cash on Delivery,Returned,20-06-2025
ORD01865,CUST0276,Ahmedabad,19:16.9,Debit Card,Returned,05-11-2025
ORD00433,CUST0623,Delhi,33:22.8,Cash on Delivery,Delivered,04-10-2025
ORD03201,CUST0566,Lucknow,56:16.7,EMI,Delivered,29-01-2026
ORD01016,CUST0489,Jaipur,17:01.5,EMI,Delivered,22-09-2025
ORD03714,CUST0768,Ahmedabad,24:26.2,Debit Card,Delivered,17-02-2026
ORD03780,CUST0578,Mumbai,10:31.0,Debit Card,Cancelled,05-03-2026
ORD04737,CUST0129,Pune,02:46.4,Cash on Delivery,Returned,07-12-2025
ORD00038,CUST0532,Bangalore,41:38.4,Cash on Delivery,Delivered,13-07-2025
ORD00002,CUST0563,Kolkata,39:37.4,UPI,Delivered,08-09-2025
ORD01667,CUST0091,Hyderabad,46:28.7,Credit Card,Delivered,29-08-2025
ORD02877,CUST0324,Bangalore,55:27.9,Debit Card,Delivered,10-12-2025
ORD01836,CUST0511,Lucknow,56:25.9,Debit Card,Delivered,16-10-2025
ORD00402,CUST0268,Lucknow,35:27.7,EMI,Delivered,08-11-2025
ORD00107,CUST0601,Delhi,31:09.3,Debit Card,Delivered,14-04-2025
ORD01326,CUST0444,Pune,23:51.0,Cash on Delivery,Delivered,03-12-2025
ORD03122,CUST0434,Bangalore,01:00.2,Debit Card,Delivered,02-06-2025
ORD03873,CUST0330,Jaipur,13:46.7,UPI,Delivered,22-06-2025
ORD03784,CUST0573,Bangalore,48:06.7,Credit Card,Delivered,18-01-2026
ORD01124,CUST0962,Hyderabad,31:58.9,Credit Card,Delivered,20-11-2025
ORD00872,CUST0308,Lucknow,39:52.7,UPI,Delivered,25-02-2026
ORD01132,CUST0690,Lucknow,54:07.8,Nykaa Wallet,Cancelled,20-12-2025
ORD02433,CUST0133,Hyderabad,10:57.2,Credit Card,Cancelled,20-03-2026
ORD01216,CUST0285,Hyderabad,58:14.8,Credit Card,Delivered,18-07-2025
ORD03351,CUST0389,Kolkata,39:14.6,Credit Card,Delivered,10-10-2025
ORD03733,CUST0189,Bangalore,23:19.3,Nykaa Wallet,Cancelled,26-01-2026
ORD01232,CUST0799,Pune,45:44.4,UPI,Delivered,22-09-2025
ORD00084,CUST0302,Hyderabad,01:50.2,Cash on Delivery,Delivered,31-01-2026
ORD02379,CUST0939,Mumbai,51:18.2,Credit Card,Cancelled,20-04-2025
ORD04115,CUST0869,Pune,26:09.9,UPI,Delivered,28-01-2026
ORD04525,CUST0275,Ahmedabad,33:35.9,Debit Card,Delivered,25-05-2025
ORD00355,CUST0845,Ahmedabad,27:34.7,EMI,Cancelled,29-01-2026
ORD00635,CUST0277,Ahmedabad,40:56.8,Debit Card,Delivered,09-08-2025
ORD00624,CUST0340,Mumbai,43:21.5,Nykaa Wallet,Delivered,28-12-2025
ORD00304,CUST0118,Mumbai,04:55.6,Debit Card,Returned,03-08-2025
ORD03092,CUST0748,Bangalore,08:43.1,Cash on Delivery,Delivered,18-08-2025
ORD04985,CUST0756,Bangalore,01:48.0,Nykaa Wallet,Delivered,01-06-2025
ORD01551,CUST0833,Ahmedabad,25:33.0,UPI,Delivered,20-07-2025
ORD03348,CUST0773,Hyderabad,53:56.3,UPI,Delivered,13-03-2026
ORD00195,CUST0739,Ahmedabad,18:13.8,UPI,Returned,06-12-2025
ORD01795,CUST0929,Pune,21:50.7,UPI,Delivered,19-08-2025
ORD04131,CUST0365,Kolkata,52:31.5,Cash on Delivery,Delivered,04-09-2025
ORD02364,CUST0188,Lucknow,36:05.4,Cash on Delivery,Delivered,28-02-2026
ORD03308,CUST0237,Kolkata,41:55.3,Credit Card,Delivered,02-04-2025
ORD03067,CUST0403,Jaipur,50:38.4,EMI,Delivered,26-06-2025
ORD01878,CUST0315,Hyderabad,38:15.2,UPI,Delivered,20-09-2025
ORD04152,CUST0811,Pune,07:43.8,UPI,Returned,17-08-2025
ORD01988,CUST0596,Lucknow,41:03.3,Debit Card,Delivered,19-09-2025
ORD03461,CUST0389,Kolkata,15:29.7,Credit Card,Delivered,20-09-2025
ORD00159,CUST0216,Pune,51:32.1,Cash on Delivery,Delivered,05-06-2025
ORD04580,CUST0667,Chennai,48:40.1,Nykaa Wallet,Returned,03-09-2025
ORD00171,CUST0766,Ahmedabad,40:11.5,UPI,Delivered,20-03-2026
ORD03778,CUST0272,Bangalore,41:01.4,Cash on Delivery,Delivered,24-05-2025
ORD04541,CUST0406,Delhi,12:35.1,EMI,Delivered,03-10-2025
ORD03331,CUST0292,Mumbai,24:30.4,EMI,Cancelled,24-04-2025
ORD01472,CUST0419,Hyderabad,29:47.4,Debit Card,Delivered,23-09-2025
ORD01978,CUST0346,Mumbai,02:33.7,UPI,Delivered,10-08-2025
ORD02325,CUST0265,Jaipur,16:06.2,UPI,Returned,09-02-2026
ORD02247,CUST0172,Lucknow,43:40.2,Credit Card,Returned,22-01-2026
ORD04762,CUST0303,Lucknow,10:31.9,EMI,Cancelled,24-11-2025
ORD01833,CUST0203,Ahmedabad,20:20.0,Cash on Delivery,Returned,31-08-2025
ORD03769,CUST0442,Pune,58:15.4,Nykaa Wallet,Delivered,16-04-2025
ORD00640,CUST0525,Chennai,53:08.5,Cash on Delivery,Delivered,17-08-2025
ORD04773,CUST0979,Hyderabad,07:04.0,Credit Card,Delivered,01-06-2025
ORD00455,CUST0227,Hyderabad,45:22.6,Cash on Delivery,Delivered,20-01-2026
ORD00675,CUST0976,Hyderabad,47:20.8,Nykaa Wallet,Delivered,27-07-2025
ORD04372,CUST0513,Kolkata,07:35.9,EMI,Delivered,08-06-2025
ORD00186,CUST0201,Mumbai,38:54.5,EMI,Delivered,14-09-2025
ORD02310,CUST0360,Lucknow,18:15.7,Cash on Delivery,Delivered,12-10-2025
ORD01987,CUST0511,Lucknow,58:59.9,Cash on Delivery,Delivered,16-08-2025
ORD03313,CUST0630,Jaipur,05:46.2,UPI,Delivered,02-12-2025
ORD04807,CUST0340,Mumbai,32:35.2,Debit Card,Delivered,22-02-2026
ORD00559,CUST0649,Pune,28:13.2,UPI,Delivered,15-04-2025
ORD02284,CUST0414,Mumbai,15:34.8,EMI,Delivered,16-09-2025
ORD04780,CUST0849,Lucknow,15:56.8,EMI,Delivered,24-04-2025
ORD03593,CUST0268,Lucknow,42:46.8,Debit Card,Delivered,23-02-2026
ORD02861,CUST0450,Ahmedabad,04:54.4,Credit Card,Delivered,31-01-2026
ORD03028,CUST0207,Mumbai,54:24.4,Credit Card,Delivered,25-01-2026
ORD02482,CUST0963,Bangalore,02:37.7,Cash on Delivery,Delivered,11-03-2026
ORD03494,CUST0669,Ahmedabad,33:09.9,UPI,Delivered,12-06-2025
ORD02053,CUST0380,Mumbai,42:35.8,Credit Card,Delivered,17-04-2025
ORD00898,CUST0296,Kolkata,16:00.7,Nykaa Wallet,Cancelled,18-12-2025
ORD03705,CUST0251,Lucknow,18:01.2,Credit Card,Delivered,05-10-2025
ORD04365,CUST0807,Delhi,49:02.2,UPI,Delivered,22-09-2025
ORD04223,CUST0181,Kolkata,25:14.3,Credit Card,Delivered,07-09-2025
ORD01967,CUST0053,Jaipur,45:06.9,Nykaa Wallet,Delivered,30-12-2025
ORD01505,CUST0272,Bangalore,55:17.0,Nykaa Wallet,Delivered,26-04-2025
ORD02165,CUST0034,Pune,49:18.6,EMI,Delivered,29-07-2025
ORD04055,CUST0513,Kolkata,06:22.4,Cash on Delivery,Delivered,25-01-2026
ORD04523,CUST0759,Mumbai,50:35.9,EMI,Delivered,06-10-2025
ORD01986,CUST0781,Bangalore,52:01.2,Debit Card,Delivered,24-08-2025
ORD03035,CUST0676,Bangalore,12:36.7,Debit Card,Delivered,29-10-2025
ORD03662,CUST0414,Mumbai,06:46.8,Cash on Delivery,Delivered,09-08-2025
ORD04712,CUST0665,Bangalore,36:08.2,Credit Card,Delivered,09-05-2025
ORD04510,CUST0237,Kolkata,41:59.7,Credit Card,Delivered,09-12-2025
ORD00428,CUST0031,Jaipur,00:25.7,EMI,Delivered,20-02-2026
ORD04836,CUST0505,Lucknow,59:36.7,Debit Card,Delivered,19-09-2025
ORD01690,CUST0375,Delhi,04:04.5,Nykaa Wallet,Cancelled,07-12-2025
ORD02277,CUST0338,Bangalore,24:54.3,Cash on Delivery,Delivered,19-04-2025
ORD03075,CUST0006,Delhi,37:31.5,UPI,Delivered,06-09-2025
ORD03061,CUST0113,Delhi,28:29.0,Nykaa Wallet,Delivered,05-02-2026
ORD01585,CUST0151,Lucknow,46:51.1,Cash on Delivery,Delivered,24-11-2025
ORD02271,CUST0812,Ahmedabad,05:26.4,Cash on Delivery,Delivered,02-11-2025
ORD00017,CUST0525,Chennai,16:57.8,Nykaa Wallet,Delivered,29-01-2026
ORD02411,CUST0081,Pune,55:09.0,Debit Card,Delivered,15-03-2026
ORD03636,CUST0935,Bangalore,26:57.8,Debit Card,Returned,08-06-2025
ORD02033,CUST0712,Ahmedabad,45:23.5,EMI,Delivered,01-09-2025
ORD03248,CUST0785,Mumbai,12:26.3,Cash on Delivery,Delivered,13-06-2025
ORD02649,CUST0304,Ahmedabad,18:35.8,UPI,Returned,28-03-2026
ORD01300,CUST0148,Ahmedabad,25:53.4,Debit Card,Returned,24-05-2025
ORD00252,CUST0613,Pune,54:13.2,Credit Card,Cancelled,17-05-2025
ORD01897,CUST0500,Ahmedabad,00:16.4,Debit Card,Delivered,24-12-2025
ORD04602,CUST0995,Hyderabad,21:36.5,Debit Card,Returned,24-04-2025
ORD03442,CUST0431,Bangalore,53:16.9,Nykaa Wallet,Returned,22-08-2025
ORD02644,CUST0355,Jaipur,35:08.0,Debit Card,Returned,09-07-2025
ORD03988,CUST0722,Jaipur,22:43.8,Debit Card,Delivered,12-10-2025
ORD00622,CUST0358,Pune,38:44.7,Cash on Delivery,Delivered,26-05-2025
ORD01354,CUST0148,Ahmedabad,35:57.3,UPI,Delivered,30-10-2025
ORD04876,CUST0394,Mumbai,08:26.9,Debit Card,Delivered,28-07-2025
ORD03990,CUST0858,Mumbai,01:09.2,Nykaa Wallet,Returned,31-12-2025
ORD01310,CUST0427,Hyderabad,43:40.8,EMI,Delivered,15-04-2025
ORD02675,CUST0400,Delhi,53:46.5,EMI,Cancelled,25-03-2026
ORD00846,CUST0781,Bangalore,42:50.9,Cash on Delivery,Returned,19-07-2025
ORD03166,CUST0962,Hyderabad,06:52.4,Credit Card,Delivered,07-12-2025
ORD02757,CUST0339,Bangalore,30:02.4,UPI,Delivered,28-01-2026
ORD00977,CUST0712,Ahmedabad,43:08.6,UPI,Delivered,12-01-2026
ORD03111,CUST0158,Pune,00:08.7,Credit Card,Delivered,12-10-2025
ORD02394,CUST0752,Mumbai,56:01.3,Cash on Delivery,Delivered,07-03-2026
ORD02133,CUST0208,Mumbai,18:43.6,EMI,Delivered,07-11-2025
ORD01430,CUST0092,Ahmedabad,46:09.9,Credit Card,Delivered,13-02-2026
ORD04139,CUST0870,Kolkata,58:22.0,EMI,Delivered,09-11-2025
ORD02327,CUST0635,Chennai,00:05.4,Credit Card,Delivered,27-02-2026
ORD04557,CUST0580,Lucknow,50:41.8,Nykaa Wallet,Delivered,01-06-2025
ORD01539,CUST0980,Ahmedabad,07:54.6,EMI,Delivered,13-09-2025
ORD02621,CUST0457,Ahmedabad,07:12.3,Debit Card,Delivered,01-12-2025
ORD02109,CUST0257,Ahmedabad,10:09.8,Credit Card,Delivered,26-05-2025
ORD03446,CUST0045,Pune,50:53.9,Debit Card,Delivered,03-09-2025
ORD04402,CUST0787,Ahmedabad,48:08.6,UPI,Delivered,11-03-2026
ORD04260,CUST0169,Kolkata,21:23.0,Debit Card,Returned,20-10-2025
ORD00406,CUST0484,Pune,27:57.6,Debit Card,Returned,01-10-2025
ORD03800,CUST0555,Mumbai,58:28.0,Cash on Delivery,Cancelled,16-10-2025
ORD03533,CUST0383,Kolkata,22:50.5,UPI,Delivered,14-07-2025
ORD03214,CUST0504,Mumbai,15:58.9,Nykaa Wallet,Delivered,30-10-2025
ORD00475,CUST0873,Ahmedabad,18:24.9,EMI,Delivered,28-12-2025
ORD03501,CUST0430,Mumbai,25:50.5,EMI,Delivered,14-04-2025
ORD00344,CUST0767,Chennai,48:07.1,Debit Card,Delivered,13-03-2026
ORD03051,CUST0201,Mumbai,47:57.9,Nykaa Wallet,Delivered,17-07-2025
ORD04852,CUST0229,Kolkata,51:05.2,EMI,Delivered,16-12-2025
ORD04413,CUST0879,Chennai,03:36.5,Cash on Delivery,Delivered,10-04-2025
ORD02495,CUST0369,Jaipur,21:45.0,UPI,Delivered,27-09-2025
ORD01784,CUST0177,Lucknow,27:35.9,EMI,Returned,09-05-2025
ORD00024,CUST0167,Delhi,46:37.1,Credit Card,Cancelled,02-09-2025
ORD02488,CUST0047,Ahmedabad,19:20.3,Cash on Delivery,Delivered,15-03-2026
ORD04579,CUST0424,Ahmedabad,28:09.7,EMI,Delivered,03-02-2026
ORD01046,CUST0068,Hyderabad,38:24.6,Cash on Delivery,Cancelled,01-01-2026
ORD04219,CUST0371,Hyderabad,30:47.4,UPI,Cancelled,05-02-2026
ORD00841,CUST0060,Bangalore,55:19.2,Debit Card,Returned,04-02-2026
ORD02112,CUST0669,Ahmedabad,05:43.9,Cash on Delivery,Cancelled,17-08-2025
ORD00359,CUST0887,Bangalore,49:59.2,UPI,Delivered,28-07-2025
ORD01128,CUST0239,Lucknow,46:48.2,Credit Card,Cancelled,22-08-2025
ORD03444,CUST0629,Delhi,56:06.6,Cash on Delivery,Delivered,17-03-2026
ORD03556,CUST0040,Chennai,59:46.2,Credit Card,Delivered,26-02-2026
ORD01318,CUST0515,Mumbai,05:01.2,UPI,Cancelled,28-02-2026
ORD00775,CUST0753,Lucknow,11:44.6,Nykaa Wallet,Delivered,28-04-2025
ORD04195,CUST0670,Bangalore,32:07.7,EMI,Delivered,30-10-2025
ORD04665,CUST0074,Kolkata,14:06.0,Credit Card,Delivered,02-03-2026
ORD00860,CUST0350,Pune,00:35.2,Cash on Delivery,Delivered,20-05-2025
ORD01799,CUST0845,Ahmedabad,41:57.9,Cash on Delivery,Delivered,27-11-2025
ORD04809,CUST0547,Mumbai,31:02.5,UPI,Delivered,31-07-2025
ORD00588,CUST0607,Jaipur,59:08.2,Nykaa Wallet,Delivered,14-07-2025
ORD03064,CUST0498,Pune,37:08.8,EMI,Cancelled,29-08-2025
ORD04887,CUST0430,Mumbai,15:01.5,Nykaa Wallet,Cancelled,21-10-2025
ORD02294,CUST0486,Pune,33:28.0,Cash on Delivery,Delivered,05-09-2025
ORD02895,CUST0572,Delhi,14:58.1,Nykaa Wallet,Delivered,05-11-2025
ORD04923,CUST0800,Hyderabad,44:53.5,UPI,Delivered,20-10-2025
ORD04843,CUST0929,Pune,47:45.2,UPI,Delivered,14-03-2026
ORD02037,CUST0344,Hyderabad,38:10.5,Credit Card,Delivered,11-02-2026
ORD01975,CUST0060,Bangalore,59:24.8,EMI,Delivered,13-02-2026
ORD01448,CUST0142,Hyderabad,43:49.9,Cash on Delivery,Delivered,30-09-2025
ORD01182,CUST0678,Bangalore,32:19.2,Debit Card,Cancelled,09-03-2026
ORD02530,CUST0703,Bangalore,43:42.3,Nykaa Wallet,Delivered,05-06-2025
ORD03365,CUST0776,Pune,57:50.8,EMI,Cancelled,23-12-2025
ORD03763,CUST0233,Ahmedabad,08:53.9,EMI,Delivered,13-10-2025
ORD02701,CUST0128,Jaipur,03:01.7,Debit Card,Returned,16-10-2025
ORD03477,CUST0495,Hyderabad,12:14.0,Nykaa Wallet,Delivered,03-08-2025
ORD02150,CUST0012,Ahmedabad,42:35.5,Cash on Delivery,Delivered,27-04-2025
ORD04920,CUST0024,Jaipur,11:49.6,Debit Card,Delivered,28-06-2025
ORD03695,CUST0107,Hyderabad,33:52.7,Debit Card,Delivered,10-12-2025
ORD02943,CUST0830,Pune,42:39.1,Credit Card,Delivered,07-10-2025
ORD04028,CUST0531,Jaipur,21:54.7,EMI,Returned,30-12-2025
ORD00956,CUST0426,Jaipur,17:19.9,Cash on Delivery,Delivered,26-10-2025
ORD01507,CUST0470,Kolkata,20:24.4,EMI,Returned,23-04-2025
ORD00514,CUST0275,Ahmedabad,05:36.6,Debit Card,Delivered,12-02-2026
ORD00366,CUST0404,Chennai,25:51.6,Debit Card,Delivered,15-04-2025
ORD03716,CUST0496,Ahmedabad,40:31.7,UPI,Cancelled,21-10-2025
ORD01462,CUST0335,Pune,03:48.7,Nykaa Wallet,Delivered,23-06-2025
ORD04518,CUST0542,Mumbai,44:31.2,Debit Card,Delivered,10-05-2025
ORD00833,CUST0565,Hyderabad,01:11.5,Nykaa Wallet,Returned,25-06-2025
ORD01221,CUST0285,Hyderabad,37:56.3,UPI,Delivered,05-02-2026
ORD02746,CUST0476,Mumbai,51:09.0,Cash on Delivery,Cancelled,27-12-2025
ORD03447,CUST0391,Ahmedabad,07:57.1,EMI,Delivered,28-08-2025
ORD00132,CUST0427,Hyderabad,46:25.8,Debit Card,Delivered,31-10-2025
ORD01697,CUST0200,Mumbai,36:56.8,UPI,Delivered,11-06-2025
ORD00256,CUST0036,Chennai,38:57.9,Credit Card,Delivered,05-07-2025
ORD04155,CUST0217,Lucknow,10:38.7,Cash on Delivery,Delivered,09-07-2025
ORD02348,CUST0151,Lucknow,45:31.3,Debit Card,Delivered,08-12-2025
ORD02522,CUST0709,Ahmedabad,50:33.3,Cash on Delivery,Delivered,08-12-2025
ORD01230,CUST0940,Bangalore,12:15.4,Cash on Delivery,Delivered,06-01-2026
ORD02308,CUST0058,Chennai,45:55.7,EMI,Delivered,17-08-2025
ORD01225,CUST0948,Chennai,45:01.8,EMI,Delivered,22-11-2025
ORD01924,CUST0202,Kolkata,40:47.1,Debit Card,Delivered,17-07-2025
ORD02406,CUST0036,Chennai,40:56.8,EMI,Delivered,17-03-2026
ORD01044,CUST0462,Bangalore,22:05.4,Nykaa Wallet,Delivered,03-02-2026
ORD03857,CUST0854,Bangalore,59:38.7,Nykaa Wallet,Returned,09-11-2025
ORD04083,CUST0556,Hyderabad,38:42.8,Credit Card,Delivered,14-05-2025
ORD04555,CUST0209,Kolkata,25:52.7,Cash on Delivery,Delivered,19-03-2026
ORD01260,CUST0881,Mumbai,59:52.1,EMI,Delivered,20-05-2025
ORD01395,CUST0443,Delhi,00:02.9,Credit Card,Cancelled,16-12-2025
ORD02076,CUST0389,Kolkata,13:27.5,EMI,Delivered,17-07-2025
ORD02169,CUST0609,Hyderabad,25:23.8,Cash on Delivery,Delivered,20-04-2025
ORD02974,CUST0688,Delhi,02:05.1,Debit Card,Delivered,18-01-2026
ORD01361,CUST0448,Jaipur,13:00.9,UPI,Delivered,14-01-2026
ORD03496,CUST0378,Jaipur,33:43.1,UPI,Delivered,30-08-2025
ORD03050,CUST0009,Chennai,57:35.8,Cash on Delivery,Delivered,02-10-2025
ORD01821,CUST0737,Pune,24:12.8,Cash on Delivery,Returned,25-02-2026
ORD02438,CUST0375,Delhi,23:38.1,Debit Card,Returned,29-06-2025
ORD02118,CUST0711,Pune,48:27.6,Nykaa Wallet,Delivered,28-10-2025
ORD00151,CUST0277,Ahmedabad,42:44.9,Cash on Delivery,Returned,02-09-2025
ORD00272,CUST0358,Pune,50:19.6,Debit Card,Delivered,09-10-2025
ORD01282,CUST0835,Chennai,07:03.9,Nykaa Wallet,Cancelled,10-10-2025
ORD01423,CUST0149,Ahmedabad,01:56.7,Credit Card,Returned,18-08-2025
ORD04175,CUST0697,Pune,57:10.0,Cash on Delivery,Delivered,29-12-2025
ORD02141,CUST0676,Bangalore,59:47.6,Credit Card,Delivered,06-11-2025
ORD04070,CUST0103,Delhi,03:40.2,EMI,Delivered,03-08-2025
ORD02363,CUST0430,Mumbai,13:39.5,Cash on Delivery,Delivered,08-10-2025
ORD02063,CUST0593,Jaipur,15:58.3,EMI,Cancelled,29-09-2025
ORD01737,CUST0914,Pune,07:09.3,Cash on Delivery,Delivered,17-08-2025
ORD01829,CUST0461,Bangalore,27:37.1,UPI,Delivered,29-05-2025
ORD01952,CUST0899,Jaipur,51:03.4,Debit Card,Cancelled,03-01-2026
ORD02636,CUST0886,Kolkata,50:05.7,UPI,Returned,28-12-2025
ORD04405,CUST0696,Hyderabad,02:39.8,Nykaa Wallet,Delivered,16-10-2025
ORD03195,CUST0934,Lucknow,27:35.0,Credit Card,Delivered,16-05-2025
ORD04225,CUST0963,Bangalore,37:09.7,UPI,Delivered,08-06-2025
ORD02460,CUST0103,Delhi,53:44.2,Cash on Delivery,Returned,21-04-2025
ORD01754,CUST0911,Hyderabad,41:44.2,Debit Card,Cancelled,13-05-2025
ORD01726,CUST0187,Mumbai,52:31.9,Cash on Delivery,Delivered,01-03-2026
ORD01056,CUST0037,Pune,00:00.8,Credit Card,Delivered,17-02-2026
ORD03896,CUST0791,Mumbai,40:28.4,Debit Card,Cancelled,21-08-2025
ORD00529,CUST0468,Ahmedabad,22:29.9,Nykaa Wallet,Delivered,17-06-2025
ORD00378,CUST0377,Lucknow,47:26.3,EMI,Cancelled,03-04-2025
ORD02287,CUST0809,Jaipur,24:52.3,UPI,Delivered,16-12-2025
ORD04137,CUST0722,Jaipur,54:22.3,Cash on Delivery,Returned,30-08-2025
ORD00852,CUST0470,Kolkata,04:11.2,UPI,Delivered,26-03-2026
ORD00399,CUST0306,Kolkata,13:30.8,Debit Card,Delivered,06-01-2026
ORD04901,CUST0846,Delhi,20:55.0,UPI,Delivered,31-12-2025
ORD03012,CUST0310,Lucknow,36:32.3,Debit Card,Delivered,15-11-2025
ORD00942,CUST0265,Jaipur,31:43.8,UPI,Delivered,05-12-2025
ORD02297,CUST0268,Lucknow,06:40.2,EMI,Cancelled,01-06-2025
ORD01730,CUST0479,Jaipur,42:28.5,Debit Card,Delivered,01-06-2025
ORD04394,CUST0533,Pune,46:29.9,Cash on Delivery,Delivered,14-11-2025
ORD00693,CUST0233,Ahmedabad,22:15.9,Nykaa Wallet,Returned,18-08-2025
ORD03505,CUST0664,Bangalore,32:49.5,UPI,Delivered,08-12-2025
ORD00581,CUST0272,Bangalore,25:17.2,Nykaa Wallet,Delivered,05-03-2026
ORD01338,CUST0269,Kolkata,47:47.1,Debit Card,Returned,05-02-2026
ORD01431,CUST0174,Bangalore,33:43.7,Credit Card,Delivered,22-04-2025
ORD01357,CUST0496,Ahmedabad,43:14.4,EMI,Delivered,29-08-2025
ORD02239,CUST0182,Pune,57:00.0,Debit Card,Returned,09-12-2025
ORD00806,CUST0159,Pune,05:09.7,Nykaa Wallet,Delivered,12-06-2025
ORD04431,CUST0757,Pune,36:23.0,EMI,Delivered,12-10-2025
ORD04576,CUST0267,Hyderabad,25:07.8,UPI,Delivered,04-04-2025
ORD03880,CUST0671,Jaipur,31:16.2,Credit Card,Delivered,10-03-2026
ORD00995,CUST0810,Pune,38:49.4,Nykaa Wallet,Delivered,10-07-2025
ORD03520,CUST0514,Hyderabad,13:45.8,Credit Card,Delivered,02-10-2025
ORD02199,CUST0271,Delhi,16:37.1,Nykaa Wallet,Delivered,30-12-2025
ORD02762,CUST0175,Delhi,31:33.9,Nykaa Wallet,Delivered,23-07-2025
ORD01681,CUST0147,Lucknow,13:34.3,Cash on Delivery,Delivered,16-10-2025
ORD01893,CUST0271,Delhi,47:40.7,Nykaa Wallet,Delivered,30-01-2026
ORD03809,CUST0366,Kolkata,46:58.7,UPI,Delivered,27-12-2025
ORD01499,CUST0172,Lucknow,33:45.6,EMI,Delivered,27-11-2025
ORD02028,CUST0418,Delhi,25:23.4,EMI,Returned,29-08-2025
ORD02713,CUST0600,Pune,45:05.0,UPI,Delivered,18-07-2025
ORD00912,CUST0436,Chennai,34:10.3,Credit Card,Delivered,10-05-2025
ORD02688,CUST0009,Chennai,35:08.5,Credit Card,Delivered,31-12-2025
ORD01913,CUST0257,Ahmedabad,19:14.4,EMI,Delivered,20-04-2025
ORD03298,CUST0035,Mumbai,34:50.1,UPI,Delivered,15-05-2025
ORD01379,CUST0916,Hyderabad,03:14.6,Nykaa Wallet,Delivered,21-10-2025
ORD02986,CUST0781,Bangalore,23:49.1,Credit Card,Returned,20-09-2025
ORD02269,CUST0337,Ahmedabad,46:55.0,Debit Card,Cancelled,14-06-2025
ORD04200,CUST0384,Bangalore,59:57.0,Cash on Delivery,Delivered,24-03-2026
ORD03174,CUST0347,Pune,46:17.3,Debit Card,Delivered,21-10-2025
ORD04922,CUST0265,Jaipur,37:57.6,Cash on Delivery,Delivered,03-04-2025
ORD04298,CUST0325,Delhi,16:38.3,Credit Card,Delivered,18-09-2025
ORD00260,CUST0902,Pune,22:16.8,UPI,Delivered,29-12-2025
ORD01862,CUST0975,Pune,33:03.6,EMI,Delivered,22-12-2025
ORD02307,CUST0110,Lucknow,35:58.8,Cash on Delivery,Delivered,15-08-2025
ORD02797,CUST0951,Bangalore,25:42.6,Debit Card,Delivered,23-02-2026
ORD01750,CUST0719,Ahmedabad,28:38.5,Cash on Delivery,Delivered,07-05-2025
ORD03434,CUST0111,Jaipur,41:32.3,Cash on Delivery,Cancelled,24-06-2025
ORD02734,CUST0331,Ahmedabad,47:46.0,Cash on Delivery,Delivered,13-05-2025
ORD02298,CUST0904,Ahmedabad,54:48.2,Cash on Delivery,Delivered,16-02-2026
ORD04476,CUST0149,Ahmedabad,59:24.2,UPI,Delivered,05-07-2025
ORD03039,CUST0788,Pune,59:11.5,Cash on Delivery,Delivered,02-04-2025
ORD01094,CUST0658,Delhi,15:44.2,Nykaa Wallet,Cancelled,08-06-2025
ORD00416,CUST0581,Lucknow,14:13.1,Cash on Delivery,Delivered,31-07-2025
ORD02749,CUST0987,Pune,39:09.6,Debit Card,Delivered,26-06-2025
ORD02917,CUST0854,Bangalore,54:41.1,Nykaa Wallet,Delivered,25-08-2025
ORD04254,CUST0281,Ahmedabad,12:47.5,Cash on Delivery,Delivered,29-08-2025
ORD00988,CUST0047,Ahmedabad,33:41.8,Nykaa Wallet,Delivered,15-12-2025
ORD00855,CUST0637,Chennai,39:59.8,Cash on Delivery,Cancelled,06-01-2026
ORD03230,CUST0983,Delhi,20:15.4,Nykaa Wallet,Delivered,18-09-2025
ORD01401,CUST0044,Delhi,02:55.0,UPI,Delivered,12-07-2025
ORD04359,CUST0397,Mumbai,05:24.2,EMI,Delivered,18-02-2026
ORD02099,CUST0363,Pune,01:44.4,Credit Card,Delivered,08-09-2025
ORD00745,CUST0593,Jaipur,31:21.3,Nykaa Wallet,Delivered,25-04-2025
ORD00978,CUST0563,Kolkata,47:08.0,Debit Card,Delivered,04-09-2025
ORD00392,CUST0758,Mumbai,20:56.4,Cash on Delivery,Delivered,25-03-2026
ORD02790,CUST0529,Ahmedabad,25:12.6,UPI,Delivered,20-11-2025
ORD01279,CUST0626,Pune,34:01.2,EMI,Delivered,27-02-2026
ORD01332,CUST0332,Hyderabad,26:25.0,UPI,Delivered,27-05-2025
ORD02780,CUST0392,Kolkata,10:04.2,Debit Card,Delivered,28-03-2026
ORD03202,CUST0868,Delhi,31:59.4,Credit Card,Delivered,10-07-2025
ORD02250,CUST0367,Mumbai,10:44.7,EMI,Delivered,15-04-2025
ORD04933,CUST0218,Mumbai,14:41.3,UPI,Delivered,28-01-2026
ORD02203,CUST0845,Ahmedabad,01:42.8,EMI,Cancelled,07-09-2025
ORD02730,CUST0234,Hyderabad,06:55.1,Nykaa Wallet,Returned,25-04-2025
ORD02040,CUST0793,Bangalore,21:59.2,Cash on Delivery,Delivered,10-05-2025
ORD03372,CUST0701,Mumbai,30:02.8,UPI,Cancelled,09-01-2026
ORD01060,CUST0049,Bangalore,55:29.5,UPI,Delivered,05-05-2025
ORD02916,CUST0379,Chennai,09:10.4,Credit Card,Returned,26-05-2025
ORD03898,CUST0147,Lucknow,55:54.5,Debit Card,Delivered,31-12-2025
ORD03144,CUST0699,Jaipur,48:47.1,Nykaa Wallet,Cancelled,23-03-2026
ORD00315,CUST0011,Delhi,09:30.8,Nykaa Wallet,Returned,10-10-2025
ORD02967,CUST0932,Delhi,31:43.2,Cash on Delivery,Delivered,08-02-2026
ORD02078,CUST0712,Ahmedabad,24:18.3,UPI,Returned,21-08-2025
ORD00585,CUST0923,Chennai,23:25.1,Nykaa Wallet,Delivered,12-04-2025
ORD00183,CUST0939,Mumbai,41:30.2,EMI,Delivered,30-08-2025
ORD03343,CUST0289,Ahmedabad,10:41.3,UPI,Delivered,12-05-2025
ORD04974,CUST0066,Delhi,53:53.1,Nykaa Wallet,Returned,23-12-2025
ORD03187,CUST0486,Pune,31:51.5,EMI,Delivered,11-02-2026
ORD03710,CUST0127,Lucknow,37:50.6,UPI,Delivered,28-03-2026
ORD03283,CUST0227,Hyderabad,40:19.6,EMI,Delivered,31-12-2025
ORD00523,CUST0653,Bangalore,43:24.2,Nykaa Wallet,Delivered,22-01-2026
ORD01789,CUST0325,Delhi,48:55.8,Nykaa Wallet,Delivered,30-10-2025
ORD04686,CUST0701,Mumbai,42:25.0,UPI,Delivered,25-06-2025
ORD04659,CUST0310,Lucknow,58:45.1,Cash on Delivery,Delivered,14-12-2025
ORD03418,CUST0616,Mumbai,26:12.2,Credit Card,Delivered,23-09-2025
ORD02279,CUST0461,Bangalore,11:55.0,Cash on Delivery,Delivered,15-07-2025
ORD02289,CUST0526,Lucknow,36:38.1,Debit Card,Delivered,29-09-2025
ORD01304,CUST0314,Pune,05:44.8,UPI,Delivered,29-01-2026
ORD01636,CUST0863,Pune,48:31.0,UPI,Delivered,31-08-2025
ORD00445,CUST0783,Kolkata,27:45.9,Debit Card,Delivered,17-11-2025
ORD00545,CUST0774,Pune,01:30.3,EMI,Cancelled,01-03-2026
ORD03073,CUST0417,Kolkata,02:06.4,EMI,Returned,07-11-2025
ORD02362,CUST0295,Lucknow,48:38.9,Credit Card,Delivered,22-01-2026
ORD02856,CUST0822,Jaipur,55:58.2,Credit Card,Returned,15-07-2025
ORD04398,CUST0092,Ahmedabad,53:47.0,Nykaa Wallet,Delivered,27-06-2025
ORD00469,CUST0931,Kolkata,59:32.0,UPI,Delivered,12-08-2025
ORD02497,CUST0850,Chennai,04:53.0,Cash on Delivery,Delivered,24-05-2025
ORD01417,CUST0976,Hyderabad,10:51.3,Debit Card,Delivered,23-01-2026
ORD01165,CUST0781,Bangalore,16:33.3,Nykaa Wallet,Delivered,19-04-2025
ORD04151,CUST0480,Hyderabad,15:22.1,EMI,Delivered,17-09-2025
ORD01540,CUST0532,Bangalore,23:22.0,Credit Card,Delivered,16-12-2025
ORD04068,CUST0718,Jaipur,54:07.1,UPI,Cancelled,06-01-2026
ORD01933,CUST0224,Delhi,04:47.3,Credit Card,Delivered,16-06-2025
ORD02953,CUST0037,Pune,18:41.3,EMI,Delivered,15-11-2025
ORD02927,CUST0474,Mumbai,55:31.5,Credit Card,Delivered,30-01-2026
ORD00051,CUST0412,Hyderabad,21:36.5,Debit Card,Delivered,25-09-2025
ORD03370,CUST0872,Bangalore,40:51.2,UPI,Delivered,13-05-2025
ORD04551,CUST0180,Pune,41:39.1,EMI,Cancelled,23-06-2025
ORD00534,CUST0959,Ahmedabad,25:21.7,Credit Card,Delivered,28-02-2026
ORD04668,CUST0633,Kolkata,54:28.8,Nykaa Wallet,Delivered,03-09-2025
ORD04540,CUST0284,Hyderabad,07:49.1,UPI,Delivered,10-09-2025
ORD00136,CUST0479,Jaipur,52:09.4,Nykaa Wallet,Delivered,13-09-2025
ORD00629,CUST0943,Ahmedabad,29:49.4,EMI,Delivered,12-07-2025
ORD01163,CUST0442,Pune,23:26.0,EMI,Delivered,17-02-2026
ORD00313,CUST0210,Lucknow,47:28.4,Credit Card,Cancelled,21-08-2025
ORD03134,CUST0056,Delhi,35:17.2,Debit Card,Delivered,29-08-2025
ORD03526,CUST0872,Bangalore,38:33.5,UPI,Delivered,22-11-2025
ORD02002,CUST0368,Mumbai,18:12.1,UPI,Returned,26-06-2025
ORD02225,CUST0911,Hyderabad,55:35.5,Nykaa Wallet,Delivered,20-04-2025
ORD03753,CUST0797,Kolkata,57:28.3,Credit Card,Returned,11-03-2026
ORD01497,CUST0969,Lucknow,35:32.4,UPI,Delivered,17-04-2025
ORD04992,CUST0517,Delhi,48:02.5,EMI,Delivered,19-03-2026
ORD02581,CUST0401,Jaipur,35:00.9,Nykaa Wallet,Delivered,27-07-2025
ORD00192,CUST0116,Chennai,01:11.6,Nykaa Wallet,Returned,17-05-2025
ORD02625,CUST0593,Jaipur,53:17.1,Nykaa Wallet,Delivered,11-07-2025
ORD01683,CUST0773,Hyderabad,23:37.6,Credit Card,Delivered,15-04-2025
ORD00756,CUST0901,Lucknow,50:27.0,Cash on Delivery,Delivered,02-03-2026
ORD03104,CUST0755,Hyderabad,21:25.1,Cash on Delivery,Delivered,31-08-2025
ORD00713,CUST0610,Bangalore,15:30.8,Debit Card,Delivered,27-02-2026
ORD01519,CUST0336,Ahmedabad,16:48.6,EMI,Cancelled,01-08-2025
ORD02036,CUST0312,Lucknow,07:30.4,EMI,Cancelled,17-02-2026
ORD03244,CUST0438,Hyderabad,55:40.7,Credit Card,Delivered,14-06-2025
ORD00829,CUST0954,Kolkata,36:49.8,Credit Card,Delivered,17-11-2025
ORD00802,CUST0930,Hyderabad,17:38.3,UPI,Delivered,27-02-2026
ORD02055,CUST0744,Lucknow,04:39.8,Nykaa Wallet,Returned,30-04-2025
ORD02597,CUST0635,Chennai,36:37.0,Cash on Delivery,Delivered,20-12-2025
ORD00553,CUST0525,Chennai,12:35.7,Credit Card,Delivered,05-08-2025
ORD03970,CUST0238,Jaipur,38:10.9,Debit Card,Delivered,12-06-2025
ORD03999,CUST0187,Mumbai,21:33.3,Cash on Delivery,Delivered,03-03-2026
ORD04039,CUST0887,Bangalore,38:17.6,Cash on Delivery,Cancelled,29-07-2025
ORD01248,CUST0536,Kolkata,27:15.5,Debit Card,Delivered,27-12-2025
ORD00968,CUST0693,Pune,55:51.3,UPI,Delivered,09-06-2025
ORD03713,CUST0124,Ahmedabad,13:29.9,Credit Card,Cancelled,03-02-2026
ORD03917,CUST0592,Jaipur,42:04.5,Debit Card,Delivered,08-11-2025
ORD02680,CUST0541,Bangalore,08:30.9,Nykaa Wallet,Delivered,18-05-2025
ORD04561,CUST0197,Pune,51:45.9,EMI,Delivered,21-05-2025
ORD03618,CUST0818,Delhi,06:49.0,Nykaa Wallet,Returned,25-04-2025
ORD04149,CUST0949,Jaipur,06:52.9,Nykaa Wallet,Delivered,29-10-2025
ORD01860,CUST0280,Mumbai,57:22.8,Nykaa Wallet,Delivered,17-01-2026
ORD03288,CUST0456,Chennai,38:20.4,Nykaa Wallet,Delivered,24-06-2025
ORD01953,CUST0559,Pune,06:38.0,Nykaa Wallet,Cancelled,16-11-2025
ORD03868,CUST0730,Kolkata,36:02.2,Debit Card,Delivered,14-12-2025
ORD00880,CUST0103,Delhi,14:47.2,Cash on Delivery,Returned,17-10-2025
ORD00421,CUST0461,Bangalore,03:11.5,Credit Card,Delivered,20-01-2026
ORD04343,CUST0258,Ahmedabad,25:21.4,Credit Card,Delivered,11-04-2025
ORD04937,CUST0190,Chennai,50:00.5,Nykaa Wallet,Cancelled,01-03-2026
ORD02027,CUST0721,Kolkata,01:28.4,UPI,Returned,15-03-2026
ORD03374,CUST0595,Mumbai,41:09.4,UPI,Delivered,05-02-2026
ORD00016,CUST0292,Mumbai,34:49.3,EMI,Delivered,03-07-2025
ORD04211,CUST0299,Delhi,36:53.3,Debit Card,Delivered,09-11-2025
ORD03957,CUST0834,Hyderabad,23:11.6,UPI,Delivered,29-12-2025
ORD01727,CUST0533,Pune,37:50.1,Debit Card,Delivered,13-01-2026
ORD01306,CUST0688,Delhi,45:23.9,UPI,Delivered,23-12-2025
ORD02079,CUST0820,Jaipur,55:31.9,Debit Card,Delivered,06-11-2025
ORD02416,CUST0655,Hyderabad,20:30.2,Credit Card,Delivered,15-03-2026
ORD01516,CUST0469,Jaipur,14:41.1,Credit Card,Delivered,07-04-2025
ORD00026,CUST0554,Mumbai,43:49.7,EMI,Delivered,19-12-2025
ORD03292,CUST0307,Lucknow,13:05.6,Credit Card,Delivered,23-09-2025
ORD04768,CUST0183,Mumbai,15:37.9,Credit Card,Cancelled,04-02-2026
ORD00524,CUST0714,Ahmedabad,34:27.6,Cash on Delivery,Returned,23-04-2025
ORD00279,CUST0653,Bangalore,07:53.3,Nykaa Wallet,Delivered,23-03-2026
ORD02157,CUST0860,Lucknow,50:25.4,UPI,Delivered,16-04-2025
ORD03247,CUST0182,Pune,09:42.7,EMI,Delivered,06-08-2025
ORD04157,CUST0014,Delhi,57:57.5,Credit Card,Delivered,19-05-2025
ORD03462,CUST0325,Delhi,39:53.1,EMI,Delivered,31-05-2025
ORD03033,CUST0392,Kolkata,10:17.4,Cash on Delivery,Delivered,09-01-2026
ORD03568,CUST0673,Mumbai,42:24.9,Credit Card,Delivered,12-11-2025
ORD04971,CUST0964,Kolkata,21:42.3,EMI,Delivered,07-07-2025
ORD04214,CUST0698,Lucknow,07:21.5,Cash on Delivery,Delivered,23-11-2025
ORD03497,CUST0165,Pune,46:18.4,Credit Card,Cancelled,12-06-2025
ORD01514,CUST0604,Pune,02:56.1,Credit Card,Delivered,08-09-2025
ORD01523,CUST0356,Chennai,41:54.3,Nykaa Wallet,Delivered,03-09-2025
ORD02465,CUST0352,Ahmedabad,21:07.2,Debit Card,Delivered,08-05-2025
ORD01144,CUST0292,Mumbai,26:34.2,Nykaa Wallet,Cancelled,20-01-2026
ORD00444,CUST0621,Delhi,30:23.0,Nykaa Wallet,Returned,15-07-2025
ORD02145,CUST0556,Hyderabad,25:41.4,Credit Card,Returned,07-11-2025
ORD01129,CUST0501,Chennai,32:09.1,EMI,Delivered,18-07-2025
ORD00491,CUST0358,Pune,25:35.9,Cash on Delivery,Delivered,22-01-2026
ORD04355,CUST0836,Mumbai,21:34.9,EMI,Delivered,05-05-2025
ORD00712,CUST0378,Jaipur,59:55.8,Credit Card,Cancelled,16-09-2025
ORD02681,CUST0486,Pune,14:11.5,Debit Card,Delivered,13-09-2025
ORD00336,CUST0435,Chennai,55:28.9,UPI,Delivered,02-01-2026
ORD04226,CUST0721,Kolkata,08:42.3,Credit Card,Returned,21-10-2025
ORD03862,CUST0939,Mumbai,22:57.7,Nykaa Wallet,Delivered,20-12-2025
ORD03199,CUST0991,Kolkata,05:54.2,Nykaa Wallet,Delivered,14-10-2025
ORD01489,CUST0079,Chennai,04:38.3,Cash on Delivery,Delivered,13-07-2025
ORD04511,CUST0671,Jaipur,31:04.8,EMI,Delivered,01-10-2025
ORD03412,CUST0577,Delhi,21:46.8,Debit Card,Returned,22-09-2025
ORD00867,CUST0895,Mumbai,09:49.1,UPI,Delivered,07-05-2025
ORD00528,CUST0929,Pune,58:43.9,Cash on Delivery,Delivered,04-06-2025
ORD01438,CUST0834,Hyderabad,26:06.5,Credit Card,Delivered,06-06-2025
ORD00519,CUST0623,Delhi,21:38.6,Cash on Delivery,Delivered,26-03-2026
ORD00247,CUST0237,Kolkata,08:32.6,Nykaa Wallet,Delivered,15-10-2025
ORD00864,CUST0922,Jaipur,26:44.0,EMI,Delivered,15-12-2025
ORD00112,CUST0641,Pune,40:30.2,Debit Card,Delivered,17-09-2025
ORD04574,CUST0409,Delhi,14:15.7,Nykaa Wallet,Delivered,26-10-2025
ORD03656,CUST0286,Chennai,44:27.7,Nykaa Wallet,Returned,30-03-2026
ORD03152,CUST0428,Kolkata,31:16.3,Debit Card,Delivered,03-02-2026
ORD04657,CUST0930,Hyderabad,24:57.8,Credit Card,Delivered,28-04-2025
ORD02154,CUST0535,Delhi,56:38.1,Nykaa Wallet,Delivered,14-08-2025
ORD00290,CUST0942,Lucknow,30:29.1,Debit Card,Delivered,10-07-2025
ORD00353,CUST0174,Bangalore,41:25.4,Debit Card,Delivered,28-12-2025
ORD04051,CUST0963,Bangalore,56:10.8,Debit Card,Delivered,17-09-2025
ORD02553,CUST0158,Pune,19:16.0,Debit Card,Delivered,04-05-2025
ORD01403,CUST0628,Hyderabad,35:17.4,Cash on Delivery,Delivered,28-07-2025
ORD01261,CUST0230,Jaipur,49:28.8,EMI,Delivered,16-01-2026
ORD03706,CUST0412,Hyderabad,40:12.9,Debit Card,Cancelled,31-03-2026
ORD00576,CUST0976,Hyderabad,58:18.4,Cash on Delivery,Delivered,07-11-2025
ORD00730,CUST0084,Lucknow,29:46.9,Credit Card,Delivered,19-06-2025
ORD00885,CUST0081,Pune,30:33.7,UPI,Returned,31-05-2025
ORD00278,CUST0044,Delhi,42:48.9,Cash on Delivery,Delivered,15-09-2025
ORD02670,CUST0581,Lucknow,23:21.5,Debit Card,Delivered,14-12-2025
ORD04278,CUST0234,Hyderabad,08:56.2,UPI,Cancelled,25-08-2025
ORD02447,CUST0281,Ahmedabad,50:53.2,Cash on Delivery,Delivered,10-02-2026
ORD04824,CUST0804,Pune,59:31.0,Cash on Delivery,Delivered,26-09-2025
ORD03522,CUST0970,Kolkata,48:30.2,Debit Card,Delivered,06-08-2025
ORD03026,CUST0480,Hyderabad,21:36.5,EMI,Delivered,25-07-2025
ORD02013,CUST0911,Hyderabad,40:09.1,EMI,Delivered,04-05-2025
ORD03846,CUST0935,Bangalore,30:45.9,Credit Card,Delivered,02-08-2025
ORD02570,CUST0409,Delhi,46:35.7,UPI,Delivered,17-07-2025
ORD00027,CUST0925,Chennai,23:11.0,Nykaa Wallet,Delivered,03-08-2025
ORD01019,CUST0702,Ahmedabad,45:05.1,EMI,Delivered,24-04-2025
ORD03303,CUST0439,Bangalore,49:04.0,Cash on Delivery,Returned,02-06-2025
ORD01867,CUST0844,Jaipur,31:02.2,UPI,Delivered,20-09-2025
ORD01170,CUST0384,Bangalore,54:33.7,Debit Card,Delivered,17-08-2025
ORD01134,CUST0197,Pune,59:27.7,Nykaa Wallet,Returned,05-08-2025
ORD03964,CUST0444,Pune,43:33.2,Nykaa Wallet,Delivered,15-06-2025
ORD00210,CUST0210,Lucknow,49:36.7,EMI,Delivered,21-11-2025
ORD03967,CUST0909,Hyderabad,56:47.7,UPI,Delivered,27-01-2026
ORD04153,CUST0689,Pune,30:29.9,EMI,Cancelled,06-08-2025
ORD04030,CUST0712,Ahmedabad,24:21.8,Credit Card,Delivered,12-06-2025
ORD02094,CUST0485,Mumbai,25:09.2,Debit Card,Returned,12-09-2025
ORD00979,CUST0365,Kolkata,56:48.7,Nykaa Wallet,Delivered,01-03-2026
ORD03638,CUST0568,Bangalore,50:50.5,Nykaa Wallet,Cancelled,27-04-2025
ORD03398,CUST0296,Kolkata,51:12.6,Cash on Delivery,Delivered,17-05-2025
ORD04826,CUST0894,Mumbai,00:05.5,Debit Card,Delivered,14-08-2025
ORD00265,CUST0493,Bangalore,40:17.6,Credit Card,Delivered,05-03-2026
ORD01664,CUST0926,Bangalore,18:07.5,Cash on Delivery,Delivered,26-10-2025
ORD03415,CUST0405,Mumbai,16:59.3,Cash on Delivery,Delivered,07-08-2025
ORD00327,CUST0035,Mumbai,51:53.9,Debit Card,Delivered,15-01-2026
ORD04203,CUST0384,Bangalore,43:36.8,Credit Card,Delivered,05-06-2025
ORD03563,CUST0307,Lucknow,37:33.4,Cash on Delivery,Delivered,13-04-2025
ORD04522,CUST0023,Jaipur,00:55.4,UPI,Delivered,29-05-2025
ORD01685,CUST0543,Ahmedabad,32:21.0,Debit Card,Delivered,22-09-2025
ORD03761,CUST0503,Jaipur,11:13.5,EMI,Delivered,19-03-2026
ORD00253,CUST0226,Hyderabad,45:14.6,Nykaa Wallet,Delivered,06-10-2025
ORD02051,CUST0956,Kolkata,22:17.8,Credit Card,Delivered,09-06-2025
ORD02558,CUST0386,Ahmedabad,33:40.8,Credit Card,Delivered,11-03-2026
ORD04170,CUST0850,Chennai,18:49.4,Debit Card,Delivered,26-12-2025
ORD01746,CUST0507,Pune,15:45.5,Nykaa Wallet,Returned,31-08-2025
ORD03355,CUST0238,Jaipur,24:47.8,Credit Card,Delivered,22-01-2026
ORD03046,CUST0345,Bangalore,59:07.9,Debit Card,Delivered,30-12-2025
ORD02633,CUST0203,Ahmedabad,52:43.4,UPI,Delivered,01-06-2025
ORD01861,CUST0097,Hyderabad,00:10.7,EMI,Returned,28-05-2025
ORD02227,CUST0098,Jaipur,07:57.2,Cash on Delivery,Delivered,15-06-2025
ORD00248,CUST0274,Jaipur,09:13.6,Debit Card,Delivered,13-08-2025
ORD04341,CUST0698,Lucknow,37:29.4,Debit Card,Returned,04-08-2025
ORD02616,CUST0275,Ahmedabad,37:01.1,Credit Card,Delivered,24-01-2026
ORD01824,CUST0489,Jaipur,53:50.4,Cash on Delivery,Delivered,14-02-2026
ORD02576,CUST0968,Pune,10:13.9,EMI,Delivered,13-09-2025
ORD00835,CUST0327,Delhi,56:11.9,UPI,Delivered,28-06-2025
ORD02853,CUST0907,Delhi,07:35.2,EMI,Delivered,09-09-2025
ORD03675,CUST0833,Ahmedabad,23:47.2,EMI,Delivered,08-06-2025
ORD03878,CUST0379,Chennai,27:15.7,UPI,Delivered,04-06-2025
ORD03760,CUST0677,Chennai,33:44.6,Nykaa Wallet,Delivered,10-11-2025
ORD03517,CUST0835,Chennai,27:57.6,Nykaa Wallet,Cancelled,19-06-2025
ORD04877,CUST0594,Pune,14:02.0,Credit Card,Delivered,16-01-2026
ORD04998,CUST0500,Ahmedabad,42:46.1,Credit Card,Delivered,13-11-2025
ORD02125,CUST0675,Lucknow,24:28.0,Nykaa Wallet,Delivered,10-06-2025
ORD03557,CUST0779,Bangalore,50:17.9,Cash on Delivery,Cancelled,19-07-2025
ORD01790,CUST0764,Kolkata,57:34.4,Debit Card,Delivered,19-02-2026
ORD00645,CUST0295,Lucknow,41:57.2,EMI,Cancelled,08-12-2025
ORD00780,CUST0209,Kolkata,40:59.9,Debit Card,Delivered,14-07-2025
ORD02575,CUST0059,Delhi,29:31.4,EMI,Delivered,14-09-2025
ORD02478,CUST0107,Hyderabad,49:02.8,Credit Card,Delivered,25-10-2025
ORD04020,CUST0680,Mumbai,28:09.8,UPI,Delivered,03-06-2025
ORD01041,CUST0835,Chennai,46:11.5,Credit Card,Delivered,18-02-2026
ORD00251,CUST0395,Jaipur,18:01.6,EMI,Delivered,26-11-2025
ORD03939,CUST0723,Mumbai,42:42.3,Cash on Delivery,Delivered,02-11-2025
ORD03577,CUST0436,Chennai,56:41.9,EMI,Delivered,20-08-2025
ORD04506,CUST0665,Bangalore,48:04.0,Nykaa Wallet,Delivered,30-07-2025
ORD04831,CUST0755,Hyderabad,14:49.8,UPI,Delivered,03-05-2025
ORD04589,CUST0626,Pune,31:44.1,Debit Card,Delivered,13-04-2025
ORD02126,CUST0809,Jaipur,56:59.0,Debit Card,Delivered,01-12-2025
ORD04045,CUST0681,Hyderabad,20:30.6,Cash on Delivery,Delivered,25-09-2025
ORD04080,CUST0177,Lucknow,03:14.9,Debit Card,Delivered,18-08-2025
ORD03031,CUST0359,Jaipur,48:51.7,EMI,Delivered,12-06-2025
ORD04164,CUST0570,Hyderabad,47:05.8,Nykaa Wallet,Cancelled,30-07-2025
ORD04954,CUST0780,Kolkata,59:48.4,Cash on Delivery,Cancelled,02-03-2026
ORD01616,CUST0515,Mumbai,05:51.0,UPI,Delivered,13-04-2025
ORD03457,CUST0724,Pune,23:58.1,Nykaa Wallet,Cancelled,25-02-2026
ORD03207,CUST0133,Hyderabad,01:56.8,Cash on Delivery,Delivered,21-10-2025
ORD00075,CUST0741,Mumbai,18:28.8,Nykaa Wallet,Delivered,08-05-2025
ORD02546,CUST0264,Bangalore,08:55.1,UPI,Delivered,11-10-2025
ORD00434,CUST0078,Mumbai,00:10.9,UPI,Delivered,19-10-2025
ORD02309,CUST0517,Delhi,09:37.3,EMI,Delivered,09-07-2025
ORD04303,CUST0085,Bangalore,14:58.6,Cash on Delivery,Delivered,21-11-2025
ORD03234,CUST0296,Kolkata,06:53.3,Nykaa Wallet,Delivered,21-06-2025
ORD00933,CUST0279,Ahmedabad,06:20.1,UPI,Returned,19-12-2025
ORD04384,CUST0207,Mumbai,14:38.4,Debit Card,Delivered,01-07-2025
ORD02716,CUST0951,Bangalore,24:24.8,Credit Card,Delivered,21-10-2025
ORD03219,CUST0387,Kolkata,08:55.7,Credit Card,Delivered,01-06-2025
ORD01692,CUST0990,Chennai,57:58.7,Nykaa Wallet,Delivered,20-01-2026
ORD04672,CUST0208,Mumbai,04:14.6,Cash on Delivery,Cancelled,13-06-2025
ORD01247,CUST0052,Jaipur,23:48.0,Credit Card,Delivered,19-03-2026
ORD01004,CUST0035,Mumbai,46:30.4,Credit Card,Delivered,15-09-2025
ORD00954,CUST0977,Lucknow,11:15.1,Credit Card,Delivered,17-05-2025
ORD02345,CUST0953,Ahmedabad,42:36.4,Debit Card,Returned,26-02-2026
ORD03588,CUST0985,Chennai,30:23.9,UPI,Delivered,15-02-2026
ORD01148,CUST0388,Bangalore,18:42.2,UPI,Delivered,24-12-2025
ORD03511,CUST0432,Jaipur,34:05.9,Debit Card,Delivered,27-05-2025
ORD04689,CUST0703,Bangalore,47:51.3,Debit Card,Delivered,14-02-2026
ORD04361,CUST0111,Jaipur,40:27.2,UPI,Delivered,02-09-2025
ORD01288,CUST0769,Jaipur,58:02.9,Nykaa Wallet,Delivered,31-05-2025
ORD04221,CUST0080,Chennai,01:23.9,Credit Card,Delivered,23-07-2025
ORD00725,CUST0637,Chennai,22:38.9,Debit Card,Delivered,27-05-2025
ORD02459,CUST0524,Pune,26:57.0,Nykaa Wallet,Delivered,15-01-2026
ORD00001,CUST0779,Bangalore,42:07.6,UPI,Delivered,02-01-2026
ORD02140,CUST0280,Mumbai,33:19.1,Credit Card,Returned,19-08-2025
ORD02391,CUST0360,Lucknow,58:54.4,Nykaa Wallet,Delivered,27-07-2025
ORD02640,CUST0436,Chennai,19:44.4,Cash on Delivery,Delivered,23-03-2026
ORD03725,CUST0169,Kolkata,37:53.8,EMI,Returned,21-01-2026
ORD01156,CUST0459,Mumbai,54:18.3,Nykaa Wallet,Returned,22-05-2025
ORD02525,CUST0811,Pune,51:19.2,Credit Card,Delivered,27-04-2025
ORD02534,CUST0926,Bangalore,04:48.9,Debit Card,Delivered,30-10-2025
ORD02441,CUST0240,Ahmedabad,09:08.5,UPI,Delivered,30-05-2025
ORD02834,CUST0367,Mumbai,03:42.2,EMI,Delivered,27-02-2026
ORD02383,CUST0619,Delhi,46:37.3,Nykaa Wallet,Cancelled,23-06-2025
ORD00393,CUST0350,Pune,01:49.5,EMI,Delivered,30-01-2026
ORD02135,CUST0603,Bangalore,17:49.2,Debit Card,Delivered,15-01-2026
ORD04489,CUST0719,Ahmedabad,31:00.4,UPI,Delivered,13-09-2025
ORD00869,CUST0566,Lucknow,39:08.6,Debit Card,Cancelled,18-11-2025
ORD02778,CUST0354,Lucknow,22:52.1,EMI,Returned,10-10-2025
ORD02339,CUST0761,Pune,04:31.8,Debit Card,Delivered,19-07-2025
ORD01008,CUST0181,Kolkata,27:42.3,Nykaa Wallet,Cancelled,04-02-2026
ORD03335,CUST0915,Delhi,11:23.8,Nykaa Wallet,Delivered,20-09-2025
ORD03942,CUST0294,Mumbai,25:12.3,Cash on Delivery,Delivered,15-11-2025
ORD04160,CUST0709,Ahmedabad,17:47.1,UPI,Delivered,05-05-2025
ORD04565,CUST0985,Chennai,56:36.7,UPI,Delivered,10-08-2025
ORD03512,CUST0880,Bangalore,01:48.6,Credit Card,Delivered,06-10-2025
ORD01070,CUST0022,Kolkata,08:56.1,Nykaa Wallet,Delivered,06-04-2025
ORD02068,CUST0805,Bangalore,42:26.7,Credit Card,Delivered,23-05-2025
ORD00536,CUST0771,Chennai,29:34.9,Nykaa Wallet,Returned,04-11-2025
ORD00507,CUST0744,Lucknow,29:38.8,UPI,Delivered,11-10-2025
ORD01594,CUST0300,Lucknow,31:55.1,Cash on Delivery,Delivered,31-05-2025
ORD03108,CUST0817,Hyderabad,00:14.6,Credit Card,Delivered,27-03-2026
ORD03997,CUST0778,Kolkata,51:04.3,Debit Card,Delivered,03-09-2025
ORD02578,CUST0235,Delhi,51:20.2,Debit Card,Delivered,12-08-2025
ORD04581,CUST0730,Kolkata,24:06.5,Credit Card,Returned,20-05-2025
ORD02758,CUST0079,Chennai,38:16.2,Cash on Delivery,Delivered,18-08-2025
ORD03233,CUST0981,Bangalore,10:55.4,Nykaa Wallet,Cancelled,14-06-2025
ORD02651,CUST0378,Jaipur,17:59.4,Debit Card,Returned,13-09-2025
ORD01905,CUST0967,Jaipur,53:27.2,UPI,Delivered,11-01-2026
ORD02104,CUST0750,Chennai,22:29.2,Debit Card,Cancelled,26-09-2025
ORD00691,CUST0926,Bangalore,09:00.0,Debit Card,Delivered,14-09-2025
ORD02142,CUST0657,Mumbai,16:08.8,Nykaa Wallet,Delivered,22-02-2026
ORD03559,CUST0034,Pune,50:38.4,Cash on Delivery,Delivered,27-08-2025
ORD00796,CUST0850,Chennai,53:29.3,UPI,Cancelled,01-01-2026
ORD03406,CUST0989,Jaipur,10:06.0,EMI,Returned,08-01-2026
ORD04130,CUST0307,Lucknow,18:25.5,Credit Card,Delivered,15-02-2026
ORD04296,CUST0393,Chennai,37:07.5,Debit Card,Delivered,21-04-2025
ORD03571,CUST0676,Bangalore,00:28.2,UPI,Delivered,09-09-2025
ORD02638,CUST0149,Ahmedabad,45:43.4,Cash on Delivery,Delivered,01-10-2025
ORD01898,CUST0421,Jaipur,51:26.5,Debit Card,Delivered,10-07-2025
ORD01093,CUST0042,Ahmedabad,15:06.4,Credit Card,Delivered,21-04-2025
ORD02909,CUST0191,Ahmedabad,43:11.4,Credit Card,Delivered,20-11-2025
ORD02069,CUST0852,Pune,16:26.9,Credit Card,Delivered,24-01-2026
ORD03080,CUST0320,Chennai,10:51.1,UPI,Delivered,11-03-2026
ORD00056,CUST0692,Delhi,28:23.5,Nykaa Wallet,Delivered,11-08-2025
ORD03696,CUST0263,Delhi,11:34.1,Cash on Delivery,Delivered,08-08-2025
ORD02376,CUST0595,Mumbai,36:12.6,EMI,Delivered,30-07-2025
ORD01048,CUST0164,Chennai,15:13.6,Cash on Delivery,Delivered,26-06-2025
ORD01069,CUST0453,Ahmedabad,20:47.8,Debit Card,Delivered,26-05-2025
ORD04357,CUST0411,Lucknow,28:02.4,EMI,Delivered,26-03-2026
ORD02521,CUST0045,Pune,35:45.0,Nykaa Wallet,Delivered,04-06-2025
ORD03655,CUST0641,Pune,39:26.8,EMI,Cancelled,17-09-2025
ORD04498,CUST0164,Chennai,00:43.2,Debit Card,Delivered,26-08-2025
ORD01817,CUST0342,Mumbai,33:04.2,Nykaa Wallet,Delivered,09-03-2026
ORD03875,CUST0864,Chennai,38:02.8,Credit Card,Delivered,08-10-2025
ORD00886,CUST0134,Pune,23:45.7,Debit Card,Delivered,14-05-2025
ORD00868,CUST0179,Bangalore,30:18.8,Debit Card,Delivered,30-11-2025
ORD01937,CUST0056,Delhi,32:58.2,Cash on Delivery,Delivered,22-07-2025
ORD01465,CUST0251,Lucknow,44:44.8,EMI,Returned,07-02-2026
ORD00264,CUST0569,Mumbai,46:53.1,Cash on Delivery,Delivered,18-05-2025
ORD00292,CUST0676,Bangalore,41:43.5,Debit Card,Delivered,20-07-2025
ORD03052,CUST0562,Ahmedabad,52:21.0,Debit Card,Delivered,26-02-2026
ORD00036,CUST0908,Hyderabad,16:50.6,Cash on Delivery,Delivered,05-01-2026
ORD00440,CUST0200,Mumbai,15:38.0,EMI,Delivered,16-06-2025
ORD00180,CUST0529,Ahmedabad,23:32.8,UPI,Delivered,17-08-2025
ORD00275,CUST0066,Delhi,08:31.9,Debit Card,Delivered,27-10-2025
ORD01676,CUST0029,Ahmedabad,12:36.6,Credit Card,Delivered,19-01-2026
ORD01468,CUST0466,Hyderabad,30:12.0,Nykaa Wallet,Delivered,04-06-2025
ORD03897,CUST0558,Pune,54:34.6,Cash on Delivery,Delivered,04-11-2025
ORD00834,CUST0761,Pune,19:18.2,UPI,Delivered,22-06-2025
ORD04104,CUST0699,Jaipur,47:19.5,Credit Card,Cancelled,16-10-2025
ORD04268,CUST0470,Kolkata,39:55.1,Nykaa Wallet,Delivered,29-11-2025
ORD02384,CUST0746,Bangalore,45:02.6,Debit Card,Returned,15-02-2026
ORD02314,CUST0871,Ahmedabad,56:34.5,Debit Card,Delivered,05-05-2025
ORD04301,CUST0783,Kolkata,57:26.1,Credit Card,Returned,13-08-2025
ORD00999,CUST0860,Lucknow,35:27.8,Credit Card,Delivered,30-06-2025
ORD04448,CUST0361,Bangalore,20:29.9,Credit Card,Delivered,28-08-2025
ORD04964,CUST0956,Kolkata,48:25.3,Cash on Delivery,Delivered,07-11-2025
ORD01625,CUST0865,Bangalore,21:53.0,Cash on Delivery,Delivered,20-03-2026
ORD01990,CUST0928,Chennai,37:17.1,Cash on Delivery,Delivered,08-02-2026
ORD04099,CUST0102,Ahmedabad,25:32.7,UPI,Delivered,10-07-2025
ORD00542,CUST0124,Ahmedabad,29:21.4,Debit Card,Delivered,10-03-2026
ORD00650,CUST0061,Chennai,52:12.6,UPI,Delivered,20-12-2025
ORD02820,CUST0150,Lucknow,07:07.5,EMI,Returned,24-08-2025
ORD02515,CUST0121,Ahmedabad,36:54.7,Nykaa Wallet,Returned,19-06-2025
ORD00647,CUST0212,Ahmedabad,47:47.8,UPI,Delivered,13-04-2025
ORD01948,CUST0646,Kolkata,04:32.4,Credit Card,Returned,14-09-2025
ORD02559,CUST0308,Lucknow,49:45.9,Debit Card,Delivered,17-04-2025
ORD01285,CUST0045,Pune,23:42.6,Credit Card,Cancelled,28-10-2025
ORD00584,CUST0205,Mumbai,30:40.9,EMI,Delivered,28-08-2025
ORD04005,CUST0621,Delhi,38:38.9,EMI,Delivered,21-01-2026
ORD04681,CUST0182,Pune,30:05.2,UPI,Delivered,06-05-2025
ORD03948,CUST0489,Jaipur,19:45.7,Cash on Delivery,Delivered,04-05-2025
ORD02892,CUST0281,Ahmedabad,45:02.0,EMI,Delivered,17-10-2025
ORD04108,CUST0342,Mumbai,11:11.8,Cash on Delivery,Returned,23-01-2026
ORD01224,CUST0870,Kolkata,38:51.4,Debit Card,Delivered,11-11-2025
ORD04334,CUST0340,Mumbai,58:09.4,Nykaa Wallet,Delivered,26-12-2025
ORD01185,CUST0479,Jaipur,24:02.1,Nykaa Wallet,Delivered,06-06-2025
ORD04404,CUST0865,Bangalore,13:42.6,EMI,Delivered,14-05-2025
ORD01201,CUST0232,Mumbai,47:03.8,EMI,Delivered,16-08-2025
ORD00763,CUST0709,Ahmedabad,04:44.9,Nykaa Wallet,Cancelled,06-03-2026
ORD04764,CUST0758,Mumbai,21:53.1,Cash on Delivery,Delivered,10-02-2026
ORD00778,CUST0728,Ahmedabad,36:03.5,Credit Card,Delivered,28-06-2025
ORD01494,CUST0654,Chennai,59:42.9,Nykaa Wallet,Delivered,13-02-2026
ORD03756,CUST1000,Lucknow,11:01.2,EMI,Cancelled,28-10-2025
ORD02885,CUST0832,Ahmedabad,39:13.9,Debit Card,Delivered,25-11-2025
ORD01939,CUST0432,Jaipur,24:08.1,EMI,Delivered,07-01-2026
ORD03561,CUST0353,Pune,06:03.7,Debit Card,Cancelled,16-02-2026
ORD01003,CUST0372,Delhi,43:49.9,EMI,Cancelled,01-10-2025
ORD02563,CUST0242,Pune,21:46.3,Cash on Delivery,Delivered,05-08-2025
ORD02527,CUST0816,Hyderabad,54:16.1,Credit Card,Delivered,16-09-2025
ORD02708,CUST0089,Jaipur,57:45.0,Credit Card,Delivered,21-02-2026
ORD02552,CUST0848,Ahmedabad,56:45.1,Cash on Delivery,Returned,15-01-2026
ORD02662,CUST0334,Bangalore,49:20.5,UPI,Delivered,05-02-2026
ORD04381,CUST0564,Chennai,22:59.3,Debit Card,Delivered,18-10-2025
ORD02769,CUST0782,Mumbai,42:03.6,Credit Card,Delivered,17-07-2025
ORD03949,CUST0724,Pune,33:54.6,Nykaa Wallet,Cancelled,27-02-2026
ORD00866,CUST0596,Lucknow,37:33.7,UPI,Delivered,05-06-2025
ORD04391,CUST0281,Ahmedabad,40:16.5,Cash on Delivery,Delivered,26-05-2025
ORD00143,CUST0143,Ahmedabad,48:22.4,Debit Card,Delivered,10-11-2025
ORD03318,CUST0771,Chennai,37:15.8,Debit Card,Delivered,29-06-2025
ORD01870,CUST0563,Kolkata,11:00.5,Debit Card,Delivered,26-02-2026
ORD02707,CUST0056,Delhi,33:17.7,UPI,Delivered,18-02-2026
ORD03544,CUST0955,Chennai,42:42.6,Cash on Delivery,Delivered,20-04-2025
ORD00065,CUST0616,Mumbai,51:29.7,Credit Card,Delivered,20-11-2025
ORD01511,CUST0486,Pune,03:35.9,Credit Card,Delivered,14-12-2025
ORD00609,CUST0261,Lucknow,38:48.6,UPI,Delivered,16-08-2025
ORD01838,CUST0031,Jaipur,16:54.3,Debit Card,Delivered,24-05-2025
ORD04749,CUST0694,Delhi,18:17.4,EMI,Returned,27-11-2025
ORD02692,CUST0508,Chennai,23:22.5,Cash on Delivery,Delivered,23-11-2025
ORD03785,CUST0963,Bangalore,21:01.6,EMI,Cancelled,07-10-2025
ORD01138,CUST0770,Ahmedabad,51:28.6,Nykaa Wallet,Delivered,17-07-2025
ORD03650,CUST0359,Jaipur,50:08.5,Nykaa Wallet,Delivered,09-02-2026
ORD01297,CUST0860,Lucknow,13:03.3,Debit Card,Delivered,17-02-2026
ORD03250,CUST0189,Bangalore,27:46.7,Cash on Delivery,Delivered,09-02-2026
ORD00914,CUST0136,Mumbai,29:38.7,EMI,Cancelled,14-05-2025
ORD00274,CUST0762,Ahmedabad,29:07.4,Credit Card,Returned,03-12-2025
ORD02240,CUST0219,Pune,03:13.6,Nykaa Wallet,Delivered,12-09-2025
ORD00537,CUST0683,Kolkata,27:40.6,Cash on Delivery,Cancelled,07-05-2025
ORD00397,CUST0078,Mumbai,08:04.8,Nykaa Wallet,Cancelled,01-06-2025
ORD04570,CUST0321,Lucknow,39:02.7,Cash on Delivery,Delivered,28-03-2026
ORD00560,CUST0160,Pune,25:51.6,EMI,Delivered,16-09-2025
ORD02543,CUST0015,Hyderabad,32:11.0,Debit Card,Delivered,26-11-2025
ORD02077,CUST0390,Kolkata,41:06.6,Credit Card,Cancelled,13-07-2025
ORD03300,CUST0688,Delhi,14:15.1,Credit Card,Delivered,15-04-2025
ORD04808,CUST0017,Mumbai,34:16.7,Cash on Delivery,Returned,04-07-2025
ORD02015,CUST0967,Jaipur,51:22.9,Cash on Delivery,Delivered,10-05-2025
ORD04378,CUST0122,Jaipur,07:48.7,Nykaa Wallet,Delivered,24-08-2025
ORD02615,CUST0082,Bangalore,46:07.7,Debit Card,Returned,19-10-2025
ORD04729,CUST0042,Ahmedabad,26:57.4,UPI,Delivered,11-05-2025
ORD02136,CUST0855,Chennai,06:08.5,Credit Card,Delivered,14-05-2025
ORD01071,CUST0083,Pune,29:55.7,UPI,Delivered,18-08-2025
ORD04206,CUST0153,Delhi,50:38.2,EMI,Delivered,07-01-2026
ORD04842,CUST0004,Pune,15:35.2,Cash on Delivery,Delivered,06-10-2025
ORD02401,CUST0410,Ahmedabad,09:57.5,UPI,Delivered,23-07-2025
ORD02208,CUST0532,Bangalore,40:57.0,EMI,Delivered,16-03-2026
ORD01546,CUST0628,Hyderabad,48:57.5,Nykaa Wallet,Delivered,04-06-2025
ORD04271,CUST0585,Ahmedabad,38:10.0,EMI,Returned,30-04-2025
ORD02623,CUST0423,Bangalore,59:27.5,Cash on Delivery,Delivered,15-08-2025
ORD04259,CUST0016,Chennai,10:37.4,Nykaa Wallet,Delivered,16-03-2026
ORD04545,CUST0431,Bangalore,25:23.7,Debit Card,Delivered,06-08-2025
ORD02611,CUST0263,Delhi,13:05.4,EMI,Delivered,11-07-2025
ORD01974,CUST0024,Jaipur,17:25.7,Credit Card,Delivered,16-06-2025
ORD04844,CUST0041,Delhi,22:17.6,EMI,Returned,12-07-2025
ORD00033,CUST0942,Lucknow,47:57.2,EMI,Delivered,27-09-2025
ORD03133,CUST0788,Pune,52:19.9,UPI,Delivered,20-06-2025
ORD03363,CUST0960,Mumbai,54:09.8,Cash on Delivery,Delivered,12-08-2025
ORD02925,CUST0671,Jaipur,15:24.4,Credit Card,Delivered,05-06-2025
ORD03323,CUST0536,Kolkata,29:07.8,UPI,Delivered,04-02-2026
ORD03986,CUST0044,Delhi,04:10.5,Nykaa Wallet,Delivered,07-05-2025
ORD04264,CUST0372,Delhi,03:06.4,Nykaa Wallet,Returned,27-12-2025
ORD04406,CUST0402,Jaipur,00:57.8,UPI,Delivered,30-06-2025
ORD01135,CUST0609,Hyderabad,54:24.1,Cash on Delivery,Delivered,01-12-2025
ORD00617,CUST0831,Kolkata,58:02.4,Debit Card,Delivered,10-10-2025
ORD02012,CUST0202,Kolkata,49:12.2,Debit Card,Delivered,04-04-2025
ORD04182,CUST0498,Pune,21:24.9,EMI,Delivered,14-03-2026
ORD03448,CUST0898,Bangalore,52:45.5,Cash on Delivery,Returned,16-05-2025
ORD03044,CUST0994,Ahmedabad,41:33.4,Debit Card,Delivered,30-12-2025
ORD00394,CUST0560,Mumbai,05:18.3,Credit Card,Cancelled,19-10-2025
ORD03426,CUST0376,Hyderabad,46:30.5,Cash on Delivery,Delivered,14-12-2025
ORD02962,CUST0734,Ahmedabad,55:18.0,Nykaa Wallet,Delivered,25-02-2026
ORD01805,CUST0203,Ahmedabad,49:42.3,UPI,Returned,26-05-2025
ORD04168,CUST0924,Hyderabad,43:32.0,EMI,Delivered,29-12-2025
ORD01231,CUST0846,Delhi,18:17.4,Cash on Delivery,Delivered,23-04-2025
ORD03310,CUST0644,Chennai,38:20.8,Credit Card,Returned,17-08-2025
ORD01573,CUST0391,Ahmedabad,43:10.6,Debit Card,Delivered,22-10-2025
ORD03137,CUST0500,Ahmedabad,53:04.1,Debit Card,Delivered,21-06-2025
ORD01204,CUST0469,Jaipur,57:26.1,Credit Card,Returned,05-04-2025
ORD01383,CUST0607,Jaipur,26:29.1,Credit Card,Delivered,26-07-2025
ORD03116,CUST0989,Jaipur,20:47.3,Debit Card,Delivered,26-05-2025
ORD01797,CUST0056,Delhi,38:39.7,Credit Card,Delivered,03-05-2025
ORD03724,CUST0642,Mumbai,51:02.1,UPI,Returned,08-11-2025
ORD01600,CUST0405,Mumbai,51:37.3,Cash on Delivery,Delivered,14-04-2025
ORD02660,CUST0092,Ahmedabad,34:49.0,Cash on Delivery,Returned,25-09-2025
ORD03114,CUST0505,Lucknow,37:50.9,Credit Card,Delivered,22-09-2025
ORD00590,CUST0417,Kolkata,04:09.8,Credit Card,Delivered,03-02-2026
ORD04564,CUST0654,Chennai,40:36.9,Credit Card,Delivered,03-01-2026
ORD03203,CUST0701,Mumbai,06:46.1,Credit Card,Delivered,08-03-2026
ORD00174,CUST0391,Ahmedabad,14:13.6,Cash on Delivery,Cancelled,12-08-2025
ORD04486,CUST0603,Bangalore,11:15.1,UPI,Delivered,25-02-2026
ORD02784,CUST0470,Kolkata,54:57.4,Credit Card,Delivered,08-06-2025
ORD04447,CUST0239,Lucknow,45:12.3,Cash on Delivery,Delivered,16-03-2026
ORD01311,CUST0451,Chennai,41:03.6,UPI,Delivered,10-07-2025
ORD02344,CUST0297,Bangalore,44:39.2,Nykaa Wallet,Delivered,11-01-2026
ORD04017,CUST0359,Jaipur,42:52.9,EMI,Delivered,02-09-2025
ORD04960,CUST0500,Ahmedabad,59:20.0,Credit Card,Delivered,28-11-2025
ORD00047,CUST0696,Hyderabad,07:06.5,EMI,Delivered,24-12-2025
ORD00119,CUST0866,Delhi,37:50.9,Debit Card,Delivered,17-04-2025
ORD03968,CUST0253,Hyderabad,55:24.3,EMI,Returned,17-07-2025
ORD04382,CUST0033,Chennai,16:32.3,Cash on Delivery,Delivered,22-10-2025
ORD04653,CUST0640,Jaipur,33:01.8,Nykaa Wallet,Delivered,26-01-2026
ORD02981,CUST0320,Chennai,51:40.8,Credit Card,Delivered,26-03-2026
ORD00820,CUST0972,Jaipur,11:08.5,UPI,Cancelled,20-11-2025
ORD03235,CUST0070,Bangalore,24:21.3,Nykaa Wallet,Delivered,10-12-2025
ORD03040,CUST0967,Jaipur,31:25.2,Nykaa Wallet,Returned,28-10-2025
ORD03840,CUST0302,Hyderabad,07:42.8,Debit Card,Delivered,01-10-2025
ORD04480,CUST0556,Hyderabad,07:25.9,Cash on Delivery,Returned,30-04-2025
ORD03045,CUST0439,Bangalore,00:11.7,Cash on Delivery,Delivered,26-04-2025
ORD04370,CUST0731,Delhi,06:47.8,Nykaa Wallet,Delivered,24-02-2026
ORD04126,CUST0871,Ahmedabad,33:35.0,Cash on Delivery,Delivered,31-12-2025
ORD02268,CUST0465,Kolkata,04:30.3,EMI,Cancelled,21-04-2025
ORD03915,CUST0863,Pune,12:46.7,Credit Card,Delivered,20-05-2025
ORD03833,CUST0419,Hyderabad,01:06.2,Credit Card,Delivered,25-02-2026
ORD02593,CUST0332,Hyderabad,54:59.6,Cash on Delivery,Cancelled,20-07-2025
ORD01549,CUST0042,Ahmedabad,00:29.6,Credit Card,Delivered,28-06-2025
ORD03422,CUST0832,Ahmedabad,04:56.0,EMI,Delivered,25-10-2025
ORD03354,CUST0683,Kolkata,17:07.7,Cash on Delivery,Delivered,26-11-2025
ORD01589,CUST0061,Chennai,43:30.5,UPI,Delivered,28-08-2025
ORD02221,CUST0360,Lucknow,30:26.1,EMI,Delivered,01-04-2025
ORD03386,CUST0059,Delhi,38:35.1,Credit Card,Delivered,18-02-2026
ORD00222,CUST0125,Lucknow,41:38.5,Cash on Delivery,Delivered,06-06-2025
ORD03395,CUST0666,Bangalore,00:51.9,Debit Card,Delivered,05-04-2025
ORD03054,CUST0033,Chennai,42:00.7,UPI,Delivered,27-02-2026
ORD02913,CUST0696,Hyderabad,12:13.3,EMI,Delivered,26-04-2025
ORD01406,CUST0705,Jaipur,20:34.1,EMI,Cancelled,07-07-2025
ORD00427,CUST0652,Lucknow,26:31.9,Cash on Delivery,Delivered,28-05-2025
ORD03160,CUST0970,Kolkata,51:03.5,Credit Card,Delivered,02-11-2025
ORD00706,CUST0875,Kolkata,09:35.6,Cash on Delivery,Delivered,28-11-2025
ORD04106,CUST0127,Lucknow,46:05.1,EMI,Delivered,03-11-2025
ORD00750,CUST0941,Chennai,24:03.8,Cash on Delivery,Delivered,20-09-2025
ORD01668,CUST0673,Mumbai,55:08.5,Credit Card,Delivered,13-10-2025
ORD00447,CUST0178,Pune,27:50.9,Debit Card,Delivered,14-08-2025
ORD00845,CUST0021,Mumbai,42:25.7,EMI,Delivered,06-07-2025
ORD01919,CUST0303,Lucknow,12:47.7,Nykaa Wallet,Cancelled,20-04-2025
ORD01238,CUST0635,Chennai,19:53.0,EMI,Delivered,17-06-2025
ORD01360,CUST0477,Lucknow,15:57.2,Credit Card,Cancelled,14-03-2026
ORD04048,CUST0731,Delhi,31:27.3,Debit Card,Delivered,08-03-2026
ORD00121,CUST0655,Hyderabad,13:48.2,Nykaa Wallet,Delivered,21-02-2026
ORD01407,CUST0395,Jaipur,08:22.5,Cash on Delivery,Returned,05-10-2025
ORD02854,CUST0173,Bangalore,18:19.4,Nykaa Wallet,Delivered,17-11-2025
ORD03172,CUST0562,Ahmedabad,52:18.0,UPI,Delivered,15-10-2025
ORD04728,CUST0159,Pune,25:42.7,UPI,Returned,25-08-2025
ORD04870,CUST0560,Mumbai,27:43.1,Debit Card,Delivered,07-01-2026
ORD03933,CUST0432,Jaipur,19:21.6,Debit Card,Returned,05-07-2025
ORD01587,CUST0652,Lucknow,56:20.2,Credit Card,Delivered,14-01-2026
ORD02008,CUST0472,Lucknow,28:48.3,EMI,Delivered,13-04-2025
ORD01037,CUST0349,Ahmedabad,12:44.0,Nykaa Wallet,Delivered,05-12-2025
ORD03979,CUST0299,Delhi,07:49.2,Debit Card,Delivered,05-04-2025
ORD00992,CUST0197,Pune,19:55.4,Credit Card,Delivered,05-01-2026
ORD03774,CUST0564,Chennai,26:13.1,Nykaa Wallet,Returned,22-08-2025
ORD03566,CUST0679,Bangalore,10:02.9,EMI,Cancelled,09-03-2026
ORD01958,CUST0677,Chennai,13:55.0,Credit Card,Returned,09-04-2025
ORD00354,CUST0801,Lucknow,21:19.6,Cash on Delivery,Delivered,02-08-2025
ORD00882,CUST0252,Delhi,00:04.6,Debit Card,Delivered,01-06-2025
ORD01428,CUST0308,Lucknow,35:02.6,EMI,Returned,18-03-2026
ORD00916,CUST0762,Ahmedabad,10:42.3,Credit Card,Delivered,17-02-2026
ORD04979,CUST0437,Pune,31:14.5,UPI,Delivered,15-04-2025
ORD04825,CUST0011,Delhi,34:45.8,Nykaa Wallet,Delivered,20-05-2025
ORD01617,CUST0936,Pune,14:06.7,UPI,Delivered,24-02-2026
ORD03995,CUST0612,Chennai,09:08.8,UPI,Delivered,11-05-2025
ORD04255,CUST0358,Pune,42:47.9,EMI,Returned,01-12-2025
ORD04639,CUST0789,Hyderabad,40:14.0,UPI,Delivered,11-01-2026
ORD01512,CUST0410,Ahmedabad,07:18.0,Debit Card,Delivered,12-01-2026
ORD00459,CUST0493,Bangalore,29:29.5,Nykaa Wallet,Delivered,05-03-2026
ORD03024,CUST0646,Kolkata,55:49.5,Debit Card,Delivered,31-05-2025
ORD01935,CUST0394,Mumbai,19:46.7,Cash on Delivery,Delivered,07-05-2025
ORD00948,CUST0207,Mumbai,26:36.3,Cash on Delivery,Delivered,11-05-2025
ORD02017,CUST0559,Pune,14:01.3,Cash on Delivery,Delivered,25-03-2026
ORD04114,CUST0171,Mumbai,27:54.0,Cash on Delivery,Cancelled,22-11-2025
ORD04536,CUST0912,Ahmedabad,00:54.2,EMI,Delivered,23-10-2025
ORD04760,CUST0801,Lucknow,51:22.9,UPI,Cancelled,05-02-2026
ORD03132,CUST0872,Bangalore,55:31.2,Cash on Delivery,Cancelled,28-01-2026
ORD03023,CUST0222,Delhi,22:08.6,Debit Card,Delivered,21-09-2025
ORD00904,CUST0917,Delhi,29:10.4,Debit Card,Delivered,15-11-2025
ORD00630,CUST0376,Hyderabad,48:42.3,UPI,Delivered,04-04-2025
ORD04771,CUST0705,Jaipur,45:33.7,UPI,Delivered,16-11-2025
ORD04697,CUST0978,Chennai,55:51.0,Credit Card,Delivered,07-10-2025
ORD01718,CUST0285,Hyderabad,36:59.7,EMI,Returned,17-06-2025
ORD03383,CUST0423,Bangalore,15:15.0,Cash on Delivery,Delivered,21-04-2025
ORD01908,CUST0481,Delhi,40:55.1,Cash on Delivery,Delivered,17-08-2025
ORD02889,CUST0050,Delhi,13:12.6,UPI,Delivered,16-12-2025
ORD03981,CUST0537,Kolkata,09:04.3,EMI,Delivered,28-04-2025
ORD02864,CUST0840,Lucknow,10:55.9,Nykaa Wallet,Returned,16-08-2025
ORD01657,CUST0068,Hyderabad,38:24.4,Debit Card,Delivered,04-03-2026
ORD02965,CUST0617,Chennai,48:33.1,Credit Card,Delivered,26-06-2025
ORD02931,CUST0209,Kolkata,49:23.4,Debit Card,Delivered,11-07-2025
ORD02432,CUST0406,Delhi,01:34.8,Cash on Delivery,Delivered,04-02-2026
ORD03892,CUST0204,Delhi,13:14.6,EMI,Delivered,25-09-2025
ORD04162,CUST0163,Mumbai,05:45.9,Nykaa Wallet,Returned,15-02-2026
ORD00250,CUST0428,Kolkata,04:22.6,Debit Card,Delivered,13-09-2025
ORD02683,CUST0382,Bangalore,47:30.8,Cash on Delivery,Returned,16-05-2025
ORD03120,CUST0830,Pune,25:54.8,Cash on Delivery,Delivered,05-06-2025
ORD04358,CUST0743,Hyderabad,51:26.2,Credit Card,Delivered,21-03-2026
ORD03666,CUST0421,Jaipur,08:10.2,Credit Card,Delivered,18-01-2026
ORD04894,CUST0487,Lucknow,22:18.7,Credit Card,Delivered,30-11-2025
ORD01871,CUST0426,Jaipur,34:49.1,Debit Card,Delivered,11-03-2026
ORD00022,CUST0810,Pune,44:02.0,EMI,Returned,04-11-2025
ORD01992,CUST0396,Kolkata,52:08.3,EMI,Delivered,14-12-2025
ORD03936,CUST0556,Hyderabad,35:54.2,Cash on Delivery,Delivered,23-10-2025
ORD04436,CUST0319,Kolkata,47:54.7,EMI,Delivered,22-12-2025
ORD02322,CUST0935,Bangalore,40:28.0,Nykaa Wallet,Delivered,21-03-2026
ORD00177,CUST0838,Chennai,21:47.7,Credit Card,Delivered,17-07-2025
ORD00601,CUST0342,Mumbai,37:45.0,EMI,Cancelled,20-10-2025
ORD03961,CUST0773,Hyderabad,03:49.5,UPI,Delivered,24-02-2026
ORD00398,CUST0560,Mumbai,38:58.6,Credit Card,Delivered,16-02-2026
ORD04335,CUST0494,Bangalore,59:20.5,UPI,Delivered,02-01-2026
ORD01997,CUST0820,Jaipur,39:15.9,UPI,Returned,23-07-2025
ORD04247,CUST0674,Chennai,53:36.8,EMI,Returned,16-01-2026
ORD02588,CUST0535,Delhi,54:28.1,UPI,Returned,14-10-2025
ORD03008,CUST0719,Ahmedabad,13:09.0,Credit Card,Delivered,20-06-2025
ORD01377,CUST0411,Lucknow,16:18.6,Nykaa Wallet,Delivered,19-05-2025
ORD01389,CUST0835,Chennai,00:12.6,EMI,Delivered,18-11-2025
ORD01554,CUST0488,Chennai,09:05.3,EMI,Delivered,19-12-2025
ORD00840,CUST0804,Pune,57:57.2,Nykaa Wallet,Returned,08-01-2026
ORD04416,CUST0547,Mumbai,47:33.7,Credit Card,Delivered,01-03-2026
ORD01033,CUST0410,Ahmedabad,53:32.3,Debit Card,Returned,25-04-2025
ORD00053,CUST0803,Pune,31:44.0,Credit Card,Delivered,15-09-2025
ORD04285,CUST0965,Delhi,58:36.6,Nykaa Wallet,Delivered,12-08-2025
ORD03482,CUST0494,Bangalore,47:05.6,Debit Card,Delivered,09-04-2025
ORD04136,CUST0600,Pune,08:23.6,Nykaa Wallet,Delivered,30-06-2025
ORD00476,CUST0474,Mumbai,29:58.3,Debit Card,Delivered,23-03-2026
ORD02446,CUST0564,Chennai,39:48.0,Credit Card,Delivered,12-01-2026
ORD03206,CUST0845,Ahmedabad,30:58.5,EMI,Delivered,21-06-2025
ORD00044,CUST0610,Bangalore,11:45.8,EMI,Cancelled,16-05-2025
ORD01982,CUST0860,Lucknow,59:42.9,Nykaa Wallet,Delivered,22-04-2025
ORD00357,CUST0241,Hyderabad,29:46.0,Debit Card,Delivered,30-04-2025
ORD01331,CUST0533,Pune,36:22.5,Credit Card,Delivered,09-08-2025
ORD01146,CUST0552,Delhi,09:57.9,Cash on Delivery,Delivered,24-01-2026
ORD01917,CUST0145,Hyderabad,01:30.0,EMI,Delivered,02-02-2026
ORD01719,CUST0794,Chennai,21:28.3,Debit Card,Delivered,28-12-2025
ORD03436,CUST0841,Bangalore,52:43.6,EMI,Delivered,05-08-2025
ORD03837,CUST0962,Hyderabad,36:21.1,Nykaa Wallet,Delivered,29-05-2025
ORD03542,CUST0763,Pune,26:00.1,Debit Card,Delivered,11-11-2025
ORD04495,CUST0313,Chennai,10:40.3,Cash on Delivery,Delivered,20-05-2025
ORD03553,CUST0052,Jaipur,06:27.4,EMI,Delivered,04-04-2025
ORD04662,CUST0798,Bangalore,38:48.5,EMI,Delivered,26-06-2025
ORD03481,CUST0352,Ahmedabad,48:13.1,Credit Card,Delivered,22-01-2026
ORD02720,CUST0374,Jaipur,49:05.1,Credit Card,Delivered,05-12-2025
ORD00923,CUST0609,Hyderabad,30:29.3,Debit Card,Delivered,28-06-2025
ORD02622,CUST0816,Hyderabad,24:08.4,Debit Card,Delivered,01-08-2025
ORD02843,CUST0113,Delhi,40:12.6,Cash on Delivery,Delivered,16-11-2025
ORD04969,CUST0611,Delhi,50:34.1,Debit Card,Delivered,26-10-2025
ORD00007,CUST0577,Delhi,45:29.2,Credit Card,Cancelled,06-10-2025
ORD02847,CUST0567,Chennai,00:28.9,Cash on Delivery,Cancelled,30-03-2026
ORD02080,CUST0373,Hyderabad,53:24.8,Credit Card,Returned,16-12-2025
ORD03029,CUST0147,Lucknow,14:29.0,Cash on Delivery,Returned,13-11-2025
ORD00682,CUST0210,Lucknow,29:40.0,EMI,Delivered,28-01-2026
ORD01245,CUST0848,Ahmedabad,16:36.8,EMI,Delivered,25-11-2025
ORD04786,CUST0300,Lucknow,39:03.8,UPI,Delivered,16-10-2025
ORD02934,CUST0541,Bangalore,13:28.0,Cash on Delivery,Delivered,30-11-2025
ORD03321,CUST0547,Mumbai,08:48.9,UPI,Cancelled,06-07-2025
ORD00755,CUST0336,Ahmedabad,50:06.1,Cash on Delivery,Delivered,16-12-2025
ORD00346,CUST0978,Chennai,41:50.3,UPI,Delivered,12-09-2025
ORD00793,CUST0982,Mumbai,27:12.5,Credit Card,Delivered,19-04-2025
ORD00757,CUST0506,Bangalore,12:01.9,Cash on Delivery,Delivered,23-06-2025
ORD04821,CUST0573,Bangalore,47:11.3,EMI,Delivered,05-10-2025
ORD00371,CUST0194,Chennai,30:06.6,Nykaa Wallet,Delivered,11-04-2025
ORD02372,CUST0971,Ahmedabad,14:59.6,Cash on Delivery,Delivered,25-12-2025
ORD01704,CUST0535,Delhi,32:48.1,EMI,Delivered,09-07-2025
ORD03289,CUST0165,Pune,10:37.2,EMI,Delivered,09-06-2025
ORD00900,CUST0490,Chennai,02:04.7,UPI,Delivered,28-10-2025
ORD03894,CUST0933,Lucknow,55:23.2,UPI,Cancelled,05-03-2026
ORD01493,CUST0750,Chennai,39:58.6,EMI,Delivered,26-02-2026
ORD04702,CUST0678,Bangalore,04:54.9,UPI,Cancelled,26-05-2025
ORD04915,CUST0598,Lucknow,40:44.8,UPI,Delivered,19-08-2025
ORD01925,CUST0378,Jaipur,26:02.2,EMI,Delivered,30-06-2025
ORD04470,CUST0571,Hyderabad,23:11.0,Credit Card,Cancelled,25-02-2026
ORD01771,CUST0462,Bangalore,43:13.8,UPI,Delivered,29-01-2026
ORD02845,CUST0268,Lucknow,09:02.5,Debit Card,Delivered,10-01-2026
ORD02442,CUST0525,Chennai,53:18.7,Debit Card,Delivered,28-01-2026
ORD01483,CUST0947,Mumbai,54:42.6,Cash on Delivery,Delivered,02-09-2025
ORD01206,CUST0190,Chennai,53:24.3,UPI,Delivered,19-08-2025
ORD01036,CUST0828,Chennai,43:09.7,Credit Card,Delivered,10-04-2025
ORD03685,CUST0619,Delhi,09:45.7,EMI,Delivered,03-04-2025
ORD02043,CUST0230,Jaipur,30:47.0,Debit Card,Delivered,09-09-2025
ORD03429,CUST0431,Bangalore,53:18.7,Nykaa Wallet,Delivered,10-05-2025
ORD03070,CUST0893,Kolkata,59:29.5,UPI,Delivered,06-03-2026
ORD03156,CUST0154,Ahmedabad,56:45.5,Cash on Delivery,Returned,07-12-2025
ORD04746,CUST0651,Lucknow,16:27.6,Debit Card,Delivered,30-03-2026
ORD02878,CUST0093,Mumbai,01:37.6,Credit Card,Delivered,11-05-2025
ORD01931,CUST0923,Chennai,29:34.5,Cash on Delivery,Cancelled,11-01-2026
ORD00087,CUST0955,Chennai,33:50.4,Nykaa Wallet,Delivered,11-07-2025
ORD03471,CUST0757,Pune,19:23.4,Nykaa Wallet,Returned,17-05-2025
ORD04156,CUST0198,Hyderabad,15:29.7,Debit Card,Delivered,07-03-2026
ORD02453,CUST0558,Pune,08:30.3,Credit Card,Delivered,04-04-2025
ORD04778,CUST0350,Pune,53:40.2,Nykaa Wallet,Delivered,01-11-2025
ORD03123,CUST0443,Delhi,50:27.1,EMI,Delivered,10-03-2026
ORD04445,CUST0684,Jaipur,21:08.7,Credit Card,Delivered,22-11-2025
ORD03001,CUST0298,Pune,16:13.1,Credit Card,Delivered,10-04-2025
ORD00076,CUST0729,Delhi,15:06.3,Cash on Delivery,Delivered,04-12-2025
ORD03945,CUST0618,Delhi,26:53.6,Nykaa Wallet,Delivered,11-11-2025
ORD00734,CUST0479,Jaipur,35:32.0,Nykaa Wallet,Cancelled,10-08-2025
ORD02887,CUST0198,Hyderabad,35:31.3,Debit Card,Delivered,08-05-2025
ORD02700,CUST0994,Ahmedabad,23:15.6,Nykaa Wallet,Delivered,15-02-2026
ORD01159,CUST0786,Jaipur,08:21.3,UPI,Delivered,01-11-2025
ORD00023,CUST0978,Chennai,11:26.8,Debit Card,Delivered,06-03-2026
ORD03972,CUST0083,Pune,36:23.2,Debit Card,Delivered,17-06-2025
ORD02694,CUST0691,Jaipur,40:23.1,Nykaa Wallet,Delivered,26-09-2025
ORD04753,CUST0373,Hyderabad,39:59.1,Credit Card,Delivered,06-11-2025
ORD01482,CUST0173,Bangalore,55:03.0,UPI,Delivered,02-05-2025
ORD03249,CUST0386,Ahmedabad,04:28.2,Nykaa Wallet,Returned,05-03-2026
ORD03381,CUST0282,Bangalore,11:08.4,Credit Card,Delivered,01-08-2025
ORD01030,CUST0268,Lucknow,17:03.8,Nykaa Wallet,Delivered,24-05-2025
ORD02750,CUST0654,Chennai,16:48.8,Debit Card,Delivered,05-07-2025
ORD03043,CUST0317,Jaipur,22:25.9,Credit Card,Delivered,13-06-2025
ORD01020,CUST0767,Chennai,34:22.4,EMI,Delivered,07-02-2026
ORD02896,CUST0919,Pune,37:24.9,UPI,Delivered,19-02-2026
ORD02172,CUST0577,Delhi,29:19.6,Cash on Delivery,Delivered,16-03-2026
ORD03803,CUST0059,Delhi,46:13.3,EMI,Delivered,20-01-2026
ORD01193,CUST0246,Bangalore,49:33.4,Credit Card,Delivered,04-10-2025
ORD04078,CUST0222,Delhi,03:14.8,Cash on Delivery,Delivered,09-08-2025
ORD03938,CUST0617,Chennai,25:21.4,EMI,Delivered,03-12-2025
ORD02606,CUST0051,Delhi,49:10.7,Debit Card,Delivered,23-06-2025
ORD03823,CUST0515,Mumbai,03:57.0,Debit Card,Delivered,15-12-2025
ORD03090,CUST0433,Kolkata,44:53.5,Credit Card,Delivered,22-10-2025
ORD04698,CUST0292,Mumbai,13:26.5,UPI,Cancelled,03-02-2026
ORD04084,CUST0993,Kolkata,28:29.3,Credit Card,Delivered,09-11-2025
ORD02567,CUST0659,Lucknow,41:09.1,Debit Card,Delivered,28-08-2025
ORD03719,CUST0180,Pune,10:20.2,UPI,Delivered,02-11-2025
ORD00391,CUST0459,Mumbai,11:55.3,UPI,Cancelled,19-07-2025
ORD04925,CUST0741,Mumbai,36:03.2,Debit Card,Delivered,23-07-2025
ORD00215,CUST0539,Bangalore,50:43.8,EMI,Delivered,20-05-2025
ORD04024,CUST0512,Delhi,18:19.6,Cash on Delivery,Delivered,28-09-2025
ORD04172,CUST0307,Lucknow,08:37.5,Debit Card,Cancelled,21-10-2025
ORD03860,CUST0657,Mumbai,10:55.3,EMI,Delivered,17-08-2025
ORD03543,CUST0605,Ahmedabad,46:05.6,Cash on Delivery,Returned,11-03-2026
ORD02641,CUST0530,Kolkata,42:35.3,EMI,Delivered,11-09-2025
ORD03193,CUST0157,Pune,33:24.4,Nykaa Wallet,Delivered,04-04-2025
ORD01804,CUST0813,Delhi,45:42.6,Cash on Delivery,Delivered,24-11-2025
ORD04517,CUST0024,Jaipur,19:26.9,Cash on Delivery,Delivered,23-02-2026
ORD01212,CUST0823,Chennai,36:41.7,UPI,Delivered,13-01-2026
ORD01914,CUST0913,Lucknow,11:33.8,EMI,Cancelled,14-03-2026
ORD01873,CUST0363,Pune,22:40.2,Debit Card,Delivered,28-11-2025
ORD04148,CUST0527,Mumbai,47:40.9,EMI,Delivered,03-06-2025
ORD01743,CUST0842,Bangalore,36:46.9,EMI,Delivered,16-02-2026
ORD01181,CUST0321,Lucknow,55:15.8,Cash on Delivery,Cancelled,16-05-2025
ORD04161,CUST0020,Kolkata,04:33.0,Debit Card,Returned,18-06-2025
ORD03742,CUST0624,Chennai,18:55.4,UPI,Delivered,10-05-2025
ORD02049,CUST0847,Chennai,51:43.0,Credit Card,Delivered,09-07-2025
ORD01287,CUST0511,Lucknow,22:16.5,EMI,Delivered,03-08-2025
ORD02796,CUST0082,Bangalore,33:48.6,Cash on Delivery,Delivered,16-01-2026
ORD02761,CUST0939,Mumbai,45:39.1,Cash on Delivery,Delivered,28-03-2026
ORD02286,CUST0387,Kolkata,07:02.1,Cash on Delivery,Delivered,15-10-2025
ORD03284,CUST0027,Chennai,08:31.2,Cash on Delivery,Delivered,12-11-2025
ORD04856,CUST0056,Delhi,08:58.2,Cash on Delivery,Delivered,07-01-2026
ORD02491,CUST0064,Bangalore,17:07.8,Cash on Delivery,Delivered,17-04-2025
ORD01051,CUST0712,Ahmedabad,31:35.1,Debit Card,Delivered,14-01-2026
ORD01259,CUST0213,Delhi,38:24.6,Cash on Delivery,Delivered,15-07-2025
ORD04460,CUST0041,Delhi,08:28.2,Credit Card,Delivered,20-12-2025
ORD02455,CUST0657,Mumbai,33:16.6,Nykaa Wallet,Delivered,27-10-2025
ORD01334,CUST0927,Chennai,06:24.2,EMI,Delivered,15-03-2026
ORD04759,CUST0518,Pune,21:22.7,Credit Card,Delivered,10-04-2025
ORD02334,CUST0486,Pune,44:08.5,Nykaa Wallet,Delivered,14-12-2025
ORD00857,CUST0182,Pune,34:30.8,Debit Card,Delivered,02-04-2025
ORD04185,CUST0647,Chennai,22:13.4,Cash on Delivery,Delivered,06-10-2025
ORD01374,CUST0660,Hyderabad,14:14.0,Nykaa Wallet,Delivered,15-08-2025
ORD02966,CUST0105,Kolkata,55:45.3,Nykaa Wallet,Returned,10-06-2025
ORD02047,CUST0606,Bangalore,38:58.6,UPI,Delivered,10-03-2026
ORD04866,CUST0103,Delhi,38:21.4,Nykaa Wallet,Delivered,08-09-2025
ORD04650,CUST0446,Pune,01:06.3,Debit Card,Delivered,04-12-2025
ORD04724,CUST0826,Chennai,59:41.6,UPI,Delivered,10-01-2026
ORD01623,CUST0231,Kolkata,32:34.6,Credit Card,Delivered,21-04-2025
ORD00863,CUST0334,Bangalore,03:24.8,Credit Card,Delivered,31-08-2025
ORD00462,CUST0012,Ahmedabad,39:47.1,UPI,Delivered,09-01-2026
ORD00400,CUST0223,Jaipur,50:07.4,EMI,Cancelled,11-07-2025
ORD03175,CUST0353,Pune,00:51.8,EMI,Delivered,30-11-2025
ORD04323,CUST0468,Ahmedabad,09:26.6,Nykaa Wallet,Delivered,26-12-2025
ORD03546,CUST0384,Bangalore,01:00.4,Cash on Delivery,Delivered,14-08-2025
ORD01710,CUST0858,Mumbai,02:31.6,Cash on Delivery,Cancelled,19-05-2025
ORD02035,CUST0200,Mumbai,45:30.2,Credit Card,Delivered,10-03-2026
ORD00830,CUST0675,Lucknow,57:25.7,Nykaa Wallet,Delivered,12-01-2026
ORD03135,CUST0402,Jaipur,39:12.2,UPI,Delivered,23-07-2025
ORD01758,CUST0654,Chennai,07:20.1,Cash on Delivery,Delivered,06-04-2025
ORD03408,CUST0894,Mumbai,07:25.0,Cash on Delivery,Delivered,28-06-2025
ORD03665,CUST0246,Bangalore,27:44.2,UPI,Delivered,02-05-2025
ORD01949,CUST0739,Ahmedabad,00:47.9,UPI,Delivered,30-12-2025
ORD00474,CUST0496,Ahmedabad,34:17.3,UPI,Delivered,16-10-2025
ORD04504,CUST0861,Jaipur,11:51.3,UPI,Delivered,21-10-2025
ORD03227,CUST0525,Chennai,01:29.6,Nykaa Wallet,Delivered,11-01-2026
ORD04534,CUST0578,Mumbai,21:18.9,Credit Card,Delivered,07-05-2025
ORD02151,CUST0919,Pune,56:52.2,EMI,Delivered,01-05-2025
ORD04401,CUST0766,Ahmedabad,26:25.1,EMI,Cancelled,17-12-2025
ORD01219,CUST0202,Kolkata,19:32.2,Nykaa Wallet,Delivered,12-04-2025
ORD04699,CUST0084,Lucknow,12:01.3,Credit Card,Cancelled,07-12-2025
ORD02821,CUST0798,Bangalore,26:11.4,Debit Card,Cancelled,27-01-2026
ORD04505,CUST0989,Jaipur,53:13.3,Credit Card,Delivered,12-12-2025
ORD01396,CUST0010,Lucknow,31:24.3,Debit Card,Delivered,30-10-2025
ORD04892,CUST0382,Bangalore,32:06.5,Debit Card,Delivered,25-06-2025
ORD02462,CUST0556,Hyderabad,58:00.5,Debit Card,Delivered,31-12-2025
ORD02835,CUST0215,Pune,15:53.8,Nykaa Wallet,Delivered,29-10-2025
ORD01950,CUST0041,Delhi,21:21.0,Credit Card,Delivered,24-02-2026
ORD04252,CUST0002,Lucknow,46:43.0,Nykaa Wallet,Delivered,23-06-2025
ORD04708,CUST0849,Lucknow,08:56.7,Nykaa Wallet,Returned,26-03-2026
ORD01520,CUST0238,Jaipur,40:23.0,UPI,Delivered,26-06-2025
ORD04908,CUST0087,Mumbai,48:14.9,EMI,Cancelled,25-08-2025
ORD01522,CUST0533,Pune,55:19.6,Nykaa Wallet,Delivered,08-07-2025
ORD03016,CUST0267,Hyderabad,13:03.2,Cash on Delivery,Returned,15-04-2025
ORD00741,CUST0519,Pune,59:25.2,EMI,Returned,29-06-2025
ORD03223,CUST0451,Chennai,57:10.6,Cash on Delivery,Delivered,11-11-2025
ORD04575,CUST0587,Ahmedabad,47:08.4,Cash on Delivery,Delivered,14-11-2025
ORD04493,CUST0705,Jaipur,00:54.9,Debit Card,Delivered,02-04-2025
ORD01665,CUST0948,Chennai,17:14.3,EMI,Delivered,10-02-2026
ORD04209,CUST0871,Ahmedabad,54:58.7,Nykaa Wallet,Delivered,24-09-2025
ORD01100,CUST0362,Hyderabad,09:19.6,UPI,Delivered,15-07-2025
ORD03923,CUST0074,Kolkata,07:18.0,UPI,Cancelled,09-04-2025
ORD02004,CUST0300,Lucknow,29:17.5,Debit Card,Delivered,16-06-2025
ORD01085,CUST0680,Mumbai,45:20.2,Credit Card,Delivered,23-03-2026
ORD01553,CUST0538,Hyderabad,21:00.7,Cash on Delivery,Delivered,11-04-2025
ORD03589,CUST0565,Hyderabad,50:53.4,UPI,Delivered,20-06-2025
ORD03088,CUST0781,Bangalore,09:03.8,Debit Card,Cancelled,14-12-2025
ORD03424,CUST0109,Jaipur,11:26.3,Nykaa Wallet,Delivered,31-08-2025
ORD04449,CUST0592,Jaipur,38:29.2,EMI,Delivered,06-02-2026
ORD03715,CUST0294,Mumbai,13:34.4,UPI,Delivered,04-09-2025
ORD04757,CUST0435,Chennai,46:00.9,Debit Card,Delivered,10-07-2025
ORD01655,CUST0232,Mumbai,48:16.7,UPI,Cancelled,09-11-2025
ORD01641,CUST0052,Jaipur,34:57.1,Cash on Delivery,Delivered,14-07-2025
ORD01881,CUST0261,Lucknow,48:00.5,UPI,Delivered,10-08-2025
ORD02160,CUST0496,Ahmedabad,24:43.2,UPI,Delivered,04-11-2025
ORD00621,CUST0536,Kolkata,41:23.2,Debit Card,Cancelled,18-06-2025
ORD03911,CUST0898,Bangalore,08:13.8,Nykaa Wallet,Delivered,03-02-2026
ORD00767,CUST0294,Mumbai,14:53.2,Cash on Delivery,Delivered,20-10-2025
ORD00810,CUST0038,Lucknow,06:15.4,Debit Card,Cancelled,09-10-2025
ORD01909,CUST0041,Delhi,55:47.0,Nykaa Wallet,Delivered,15-01-2026
ORD02252,CUST0824,Ahmedabad,14:47.0,Cash on Delivery,Delivered,19-07-2025
ORD00784,CUST0795,Jaipur,25:35.0,Cash on Delivery,Delivered,18-09-2025
ORD03534,CUST0510,Hyderabad,05:19.1,Debit Card,Cancelled,10-12-2025
ORD04798,CUST0804,Pune,18:32.0,Credit Card,Delivered,08-03-2026
ORD00509,CUST0383,Kolkata,31:58.4,Cash on Delivery,Delivered,18-07-2025
ORD04181,CUST0815,Ahmedabad,22:37.2,Nykaa Wallet,Returned,07-10-2025
ORD02869,CUST0637,Chennai,53:32.4,Cash on Delivery,Delivered,10-08-2025
ORD02149,CUST0869,Pune,42:53.3,EMI,Delivered,03-04-2025
ORD02926,CUST0151,Lucknow,19:35.1,UPI,Returned,08-04-2025
ORD01055,CUST0707,Kolkata,17:50.2,EMI,Delivered,24-11-2025
ORD00352,CUST0672,Kolkata,54:05.7,Debit Card,Delivered,17-06-2025
ORD03316,CUST0497,Lucknow,37:38.8,Credit Card,Delivered,14-05-2025
ORD02795,CUST0895,Mumbai,38:34.5,UPI,Delivered,02-07-2025
ORD03811,CUST0537,Kolkata,23:09.9,EMI,Delivered,11-01-2026
ORD01432,CUST0079,Chennai,07:19.8,Credit Card,Delivered,09-11-2025
ORD04898,CUST0358,Pune,31:57.1,Cash on Delivery,Delivered,26-11-2025
ORD01105,CUST0097,Hyderabad,37:34.4,Cash on Delivery,Delivered,24-08-2025
ORD02712,CUST0437,Pune,22:23.7,Cash on Delivery,Returned,26-02-2026
ORD02935,CUST0084,Lucknow,15:25.8,Nykaa Wallet,Delivered,17-01-2026
ORD01879,CUST0511,Lucknow,03:20.0,Debit Card,Delivered,07-01-2026
ORD00922,CUST0010,Lucknow,12:31.2,Cash on Delivery,Delivered,11-06-2025
ORD02873,CUST0788,Pune,02:15.3,Credit Card,Delivered,15-06-2025
ORD04205,CUST0814,Chennai,59:24.0,Credit Card,Delivered,16-03-2026
ORD00154,CUST0553,Bangalore,50:13.5,Cash on Delivery,Delivered,25-04-2025
ORD04216,CUST0188,Lucknow,04:28.5,Credit Card,Returned,13-07-2025
ORD00267,CUST0484,Pune,56:22.0,Nykaa Wallet,Cancelled,24-05-2025
ORD03087,CUST0295,Lucknow,11:48.3,Cash on Delivery,Delivered,16-06-2025
ORD04508,CUST0252,Delhi,16:17.7,EMI,Delivered,08-11-2025
ORD02766,CUST0510,Hyderabad,26:07.8,Debit Card,Returned,19-09-2025
ORD02335,CUST0042,Ahmedabad,09:01.9,Nykaa Wallet,Returned,24-04-2025
ORD00063,CUST0057,Pune,09:06.7,EMI,Delivered,08-10-2025
ORD00045,CUST0888,Delhi,48:44.7,Debit Card,Delivered,25-07-2025
ORD04032,CUST0595,Mumbai,15:40.1,Nykaa Wallet,Delivered,29-05-2025
ORD01889,CUST0534,Kolkata,03:26.0,Cash on Delivery,Returned,17-08-2025
ORD00155,CUST0104,Pune,02:12.2,Cash on Delivery,Delivered,27-01-2026
ORD02194,CUST0773,Hyderabad,37:42.9,Nykaa Wallet,Returned,15-05-2025
ORD01028,CUST0247,Delhi,28:13.6,EMI,Delivered,10-09-2025
ORD02254,CUST0117,Kolkata,04:36.9,EMI,Returned,17-05-2025
ORD04899,CUST0928,Chennai,10:24.5,Credit Card,Delivered,25-12-2025
ORD00724,CUST0994,Ahmedabad,24:44.0,UPI,Delivered,23-07-2025
ORD00050,CUST0945,Pune,44:21.8,UPI,Delivered,18-08-2025
ORD00654,CUST0440,Kolkata,22:40.3,Nykaa Wallet,Delivered,03-03-2026
ORD00034,CUST0480,Hyderabad,28:33.1,EMI,Returned,11-12-2025
ORD04026,CUST0951,Bangalore,19:23.8,Credit Card,Delivered,06-12-2025
ORD00442,CUST0594,Pune,32:52.0,Nykaa Wallet,Delivered,02-03-2026
ORD01855,CUST0797,Kolkata,59:50.7,Nykaa Wallet,Delivered,30-09-2025
ORD03606,CUST0606,Bangalore,03:27.5,Debit Card,Returned,04-02-2026
ORD00910,CUST0103,Delhi,50:52.5,Nykaa Wallet,Delivered,27-08-2025
ORD03747,CUST0463,Bangalore,31:20.2,Debit Card,Cancelled,17-01-2026
ORD00674,CUST0196,Kolkata,49:16.2,EMI,Delivered,16-01-2026
ORD04947,CUST0456,Chennai,15:05.1,Credit Card,Delivered,22-02-2026
ORD04380,CUST0400,Delhi,56:19.1,Debit Card,Delivered,17-04-2025
ORD01557,CUST0240,Ahmedabad,52:35.1,Credit Card,Delivered,10-03-2026
ORD00165,CUST0171,Mumbai,46:13.6,Nykaa Wallet,Delivered,15-06-2025
ORD04611,CUST0786,Jaipur,50:26.7,Credit Card,Returned,02-04-2025
ORD01632,CUST0930,Hyderabad,51:12.3,Credit Card,Delivered,22-07-2025
ORD00100,CUST0654,Chennai,31:30.6,Debit Card,Delivered,08-07-2025
ORD01800,CUST0781,Bangalore,33:35.0,Debit Card,Cancelled,06-09-2025
ORD03525,CUST0906,Lucknow,10:25.0,Nykaa Wallet,Delivered,24-02-2026
ORD04344,CUST0911,Hyderabad,00:41.9,UPI,Delivered,02-01-2026
ORD03155,CUST0901,Lucknow,02:57.9,UPI,Cancelled,14-08-2025
ORD02434,CUST0539,Bangalore,09:02.9,Credit Card,Delivered,23-09-2025
ORD01391,CUST0366,Kolkata,08:26.7,Cash on Delivery,Delivered,03-10-2025
ORD00890,CUST0290,Lucknow,06:12.1,Credit Card,Delivered,07-01-2026
ORD04531,CUST0721,Kolkata,22:43.3,Credit Card,Returned,30-10-2025
ORD03782,CUST0568,Bangalore,50:15.8,Nykaa Wallet,Delivered,28-06-2025
ORD03364,CUST0600,Pune,58:49.3,Credit Card,Delivered,13-02-2026
ORD04177,CUST0470,Kolkata,47:26.4,Cash on Delivery,Delivered,02-02-2026
ORD02336,CUST0256,Pune,18:37.5,EMI,Delivered,12-01-2026
ORD04631,CUST0723,Mumbai,31:03.4,UPI,Delivered,28-10-2025
ORD04171,CUST0865,Bangalore,37:17.8,Cash on Delivery,Delivered,31-05-2025
ORD00989,CUST0977,Lucknow,19:39.3,Credit Card,Delivered,23-07-2025
ORD03743,CUST0823,Chennai,45:04.4,UPI,Delivered,01-03-2026
ORD00526,CUST0208,Mumbai,31:00.8,Nykaa Wallet,Delivered,15-05-2025
ORD02303,CUST0250,Lucknow,16:58.2,EMI,Delivered,12-09-2025
ORD03282,CUST0823,Chennai,02:56.3,Nykaa Wallet,Delivered,25-02-2026
ORD02531,CUST0363,Pune,04:14.6,Nykaa Wallet,Returned,16-05-2025
ORD00113,CUST0727,Delhi,24:17.0,Cash on Delivery,Delivered,10-06-2025
ORD02987,CUST0224,Delhi,06:12.8,Debit Card,Delivered,30-07-2025
ORD04819,CUST0520,Chennai,54:19.3,Cash on Delivery,Delivered,27-11-2025
ORD03014,CUST0496,Ahmedabad,10:38.0,Cash on Delivery,Delivered,19-06-2025
ORD00580,CUST0189,Bangalore,29:39.0,Cash on Delivery,Delivered,30-01-2026
ORD02475,CUST0356,Chennai,52:12.7,Cash on Delivery,Delivered,25-04-2025
ORD01686,CUST0860,Lucknow,23:46.6,Credit Card,Delivered,22-06-2025
ORD03908,CUST0089,Jaipur,59:06.4,Debit Card,Cancelled,08-01-2026
ORD01125,CUST0950,Delhi,17:10.9,UPI,Cancelled,11-07-2025
ORD01622,CUST0238,Jaipur,48:12.7,Cash on Delivery,Cancelled,15-08-2025
ORD00201,CUST0811,Pune,34:44.2,Debit Card,Delivered,12-12-2025
ORD02595,CUST0534,Kolkata,46:27.9,Debit Card,Cancelled,11-11-2025
ORD02882,CUST0204,Delhi,48:46.0,Cash on Delivery,Delivered,05-02-2026
ORD02282,CUST0240,Ahmedabad,30:47.7,Debit Card,Delivered,17-09-2025
ORD03527,CUST0621,Delhi,06:43.1,Credit Card,Delivered,07-10-2025
ORD00986,CUST0033,Chennai,37:04.4,Debit Card,Returned,29-04-2025
ORD03670,CUST0366,Kolkata,01:52.7,Nykaa Wallet,Delivered,04-07-2025
ORD00896,CUST0211,Ahmedabad,14:40.9,UPI,Delivered,20-12-2025
ORD02375,CUST0990,Chennai,49:43.9,Cash on Delivery,Delivered,17-09-2025
ORD04201,CUST0073,Pune,50:45.4,EMI,Delivered,16-10-2025
ORD00293,CUST0227,Hyderabad,32:03.6,Cash on Delivery,Delivered,31-12-2025
ORD02932,CUST0687,Ahmedabad,33:30.4,UPI,Delivered,20-07-2025
ORD02132,CUST0428,Kolkata,21:41.6,Cash on Delivery,Cancelled,22-05-2025
ORD02704,CUST0775,Pune,06:53.8,UPI,Returned,17-04-2025
ORD00929,CUST0826,Chennai,48:23.4,Credit Card,Delivered,18-09-2025
ORD01400,CUST0960,Mumbai,28:25.2,Cash on Delivery,Delivered,25-07-2025
ORD02971,CUST0063,Delhi,53:32.2,EMI,Delivered,02-12-2025
ORD01325,CUST0591,Chennai,21:14.9,Nykaa Wallet,Delivered,10-08-2025
ORD00813,CUST0022,Kolkata,45:45.2,UPI,Returned,30-05-2025
ORD02159,CUST0403,Jaipur,00:33.7,EMI,Delivered,29-05-2025
ORD02048,CUST0255,Delhi,16:28.5,EMI,Delivered,22-12-2025
ORD03311,CUST0267,Hyderabad,32:32.9,Debit Card,Delivered,05-12-2025
ORD02850,CUST0757,Pune,30:58.1,Cash on Delivery,Delivered,03-02-2026
ORD00457,CUST0456,Chennai,19:24.9,Debit Card,Delivered,21-10-2025
ORD00568,CUST0716,Mumbai,22:25.2,Credit Card,Delivered,20-08-2025
ORD00957,CUST0126,Jaipur,03:50.8,EMI,Delivered,22-08-2025
ORD02457,CUST0592,Jaipur,43:20.5,Credit Card,Delivered,27-09-2025
ORD02111,CUST0814,Chennai,01:52.4,Nykaa Wallet,Delivered,05-04-2025
ORD01757,CUST0196,Kolkata,16:43.9,Cash on Delivery,Delivered,18-12-2025
ORD00284,CUST0001,Bangalore,51:28.0,UPI,Delivered,23-06-2025
ORD03071,CUST0321,Lucknow,53:25.0,Cash on Delivery,Delivered,20-09-2025
ORD02029,CUST0904,Ahmedabad,07:09.7,Cash on Delivery,Delivered,09-06-2025
ORD02562,CUST0264,Bangalore,42:32.6,Nykaa Wallet,Cancelled,30-11-2025
ORD00145,CUST0743,Hyderabad,21:57.7,EMI,Delivered,08-08-2025
ORD02439,CUST0371,Hyderabad,54:39.1,Cash on Delivery,Returned,28-06-2025
ORD02373,CUST0597,Jaipur,51:22.8,Credit Card,Returned,05-02-2026
ORD02677,CUST0031,Jaipur,15:26.6,EMI,Cancelled,27-06-2025
ORD00997,CUST0794,Chennai,31:20.4,Nykaa Wallet,Delivered,16-11-2025
ORD04609,CUST0721,Kolkata,28:42.2,Cash on Delivery,Delivered,04-06-2025
ORD02445,CUST0363,Pune,02:17.6,Nykaa Wallet,Returned,07-03-2026
ORD01510,CUST0903,Jaipur,06:25.9,UPI,Delivered,17-05-2025
ORD03324,CUST0453,Ahmedabad,40:46.7,Cash on Delivery,Delivered,16-11-2025
ORD01640,CUST0820,Jaipur,24:04.6,Nykaa Wallet,Delivered,04-04-2025
ORD03325,CUST0385,Lucknow,36:51.9,EMI,Cancelled,03-06-2025
ORD04283,CUST0200,Mumbai,32:42.7,UPI,Delivered,19-06-2025
ORD02171,CUST0521,Lucknow,50:10.3,Debit Card,Delivered,12-10-2025
ORD03281,CUST0642,Mumbai,14:40.0,Debit Card,Delivered,17-05-2025
ORD00854,CUST0800,Hyderabad,23:39.6,Nykaa Wallet,Delivered,02-04-2025
ORD01830,CUST0632,Ahmedabad,39:09.9,UPI,Delivered,21-02-2026
ORD04021,CUST0963,Bangalore,51:14.5,Nykaa Wallet,Delivered,02-12-2025
ORD04726,CUST0971,Ahmedabad,38:23.2,Cash on Delivery,Delivered,07-01-2026
ORD02630,CUST0517,Delhi,59:36.4,UPI,Delivered,07-03-2026
ORD03079,CUST0168,Bangalore,46:33.3,UPI,Delivered,08-07-2025
ORD04479,CUST0404,Chennai,10:23.9,Debit Card,Delivered,24-05-2025
ORD04891,CUST0904,Ahmedabad,45:01.3,UPI,Delivered,17-12-2025
ORD03603,CUST0839,Kolkata,01:58.0,EMI,Delivered,18-03-2026
ORD03849,CUST0438,Hyderabad,41:14.7,Cash on Delivery,Delivered,19-03-2026
ORD01856,CUST0421,Jaipur,35:02.1,EMI,Delivered,19-08-2025
ORD02355,CUST0816,Hyderabad,57:28.8,Credit Card,Returned,25-06-2025
ORD00773,CUST0171,Mumbai,01:48.8,Credit Card,Delivered,11-07-2025
ORD02519,CUST0626,Pune,02:14.0,Nykaa Wallet,Returned,30-05-2025
ORD04389,CUST0108,Kolkata,37:45.9,Credit Card,Delivered,27-09-2025
ORD01906,CUST0078,Mumbai,59:42.1,EMI,Cancelled,28-12-2025
ORD01936,CUST0574,Kolkata,48:51.1,EMI,Delivered,30-01-2026
ORD00732,CUST0435,Chennai,12:08.8,Debit Card,Returned,11-11-2025
ORD03189,CUST0655,Hyderabad,45:53.7,UPI,Returned,18-02-2026
ORD00437,CUST0484,Pune,31:02.6,UPI,Delivered,25-03-2026
ORD00728,CUST0402,Jaipur,09:00.8,Cash on Delivery,Returned,26-01-2026
ORD03391,CUST0524,Pune,53:17.9,Credit Card,Delivered,13-02-2026
ORD03118,CUST0354,Lucknow,21:42.8,UPI,Delivered,30-01-2026
ORD02313,CUST0353,Pune,48:43.5,EMI,Delivered,09-11-2025
ORD00164,CUST0255,Delhi,07:10.7,Nykaa Wallet,Delivered,27-11-2025
ORD04417,CUST0168,Bangalore,14:24.6,Credit Card,Delivered,03-12-2025
ORD02321,CUST0982,Mumbai,22:20.1,UPI,Delivered,13-04-2025
ORD01453,CUST0755,Hyderabad,23:29.8,Nykaa Wallet,Delivered,08-10-2025
ORD01562,CUST0256,Pune,32:52.0,Nykaa Wallet,Delivered,10-01-2026
ORD03368,CUST0560,Mumbai,30:49.4,Cash on Delivery,Returned,23-10-2025
ORD01973,CUST0229,Kolkata,32:42.1,Credit Card,Delivered,08-10-2025
ORD02589,CUST0484,Pune,35:10.3,Cash on Delivery,Delivered,13-08-2025
ORD01849,CUST0098,Jaipur,34:37.3,Cash on Delivery,Delivered,28-11-2025
ORD02496,CUST0812,Ahmedabad,43:34.1,Cash on Delivery,Delivered,21-12-2025
ORD01032,CUST0725,Delhi,52:07.5,Cash on Delivery,Cancelled,19-07-2025
ORD01076,CUST0492,Ahmedabad,31:58.6,Cash on Delivery,Delivered,08-01-2026
ORD00405,CUST0944,Bangalore,50:49.3,UPI,Delivered,01-10-2025
ORD00296,CUST0976,Hyderabad,00:03.1,EMI,Delivered,20-07-2025
ORD02823,CUST0226,Hyderabad,48:23.4,EMI,Returned,09-01-2026
ORD00685,CUST0066,Delhi,30:27.8,UPI,Delivered,08-08-2025
ORD01736,CUST0046,Chennai,52:51.2,EMI,Cancelled,14-11-2025
ORD04612,CUST0469,Jaipur,40:18.2,Debit Card,Delivered,05-05-2025
ORD03605,CUST0858,Mumbai,46:43.9,Debit Card,Cancelled,15-03-2026
ORD02809,CUST0062,Mumbai,57:20.0,Credit Card,Delivered,15-08-2025
ORD01109,CUST0392,Kolkata,55:57.5,Cash on Delivery,Delivered,23-08-2025
ORD01107,CUST0328,Jaipur,38:38.7,EMI,Returned,13-12-2025
ORD00879,CUST0043,Chennai,24:51.1,EMI,Delivered,04-12-2025
ORD01745,CUST0855,Chennai,16:21.1,Debit Card,Delivered,22-06-2025
ORD01752,CUST0585,Ahmedabad,28:51.6,Cash on Delivery,Delivered,05-09-2025
ORD01007,CUST0409,Delhi,49:01.3,Debit Card,Delivered,05-06-2025
ORD00443,CUST0967,Jaipur,51:19.5,Debit Card,Delivered,23-05-2025
ORD03759,CUST0020,Kolkata,48:26.2,Debit Card,Delivered,04-01-2026
ORD02513,CUST0358,Pune,04:18.2,Credit Card,Returned,19-08-2025
ORD02458,CUST0428,Kolkata,13:25.5,Credit Card,Delivered,04-09-2025
ORD01074,CUST0697,Pune,24:17.4,Credit Card,Delivered,22-06-2025
ORD03038,CUST0248,Kolkata,38:15.2,UPI,Delivered,11-09-2025
ORD00011,CUST0343,Chennai,23:18.6,Credit Card,Delivered,02-08-2025
ORD00146,CUST0145,Hyderabad,35:44.5,Credit Card,Delivered,29-04-2025
ORD00042,CUST0037,Pune,39:26.8,Debit Card,Delivered,29-05-2025
ORD00179,CUST0317,Jaipur,33:37.7,Cash on Delivery,Cancelled,24-11-2025
ORD00299,CUST0876,Kolkata,56:12.7,Debit Card,Delivered,04-11-2025
ORD00235,CUST0382,Bangalore,21:20.4,EMI,Delivered,12-10-2025
ORD00466,CUST0219,Pune,48:41.4,Cash on Delivery,Delivered,12-01-2026
ORD02461,CUST0250,Lucknow,49:39.3,Credit Card,Delivered,13-08-2025
ORD02912,CUST0650,Kolkata,45:38.6,Cash on Delivery,Cancelled,21-04-2025
ORD04995,CUST0079,Chennai,12:29.6,Cash on Delivery,Returned,04-07-2025
ORD00790,CUST0114,Ahmedabad,53:20.2,Cash on Delivery,Delivered,19-09-2025
ORD03259,CUST0513,Kolkata,16:24.2,Nykaa Wallet,Delivered,30-03-2026
ORD03384,CUST0620,Lucknow,49:32.2,Cash on Delivery,Delivered,29-08-2025
ORD02900,CUST0053,Jaipur,44:29.6,UPI,Delivered,24-04-2025
ORD03410,CUST0294,Mumbai,27:19.0,Nykaa Wallet,Delivered,08-03-2026
ORD01969,CUST0524,Pune,20:15.2,UPI,Returned,03-08-2025
ORD04802,CUST0017,Mumbai,59:05.9,Nykaa Wallet,Delivered,01-11-2025
ORD00310,CUST0048,Jaipur,20:17.9,UPI,Delivered,13-07-2025
ORD00905,CUST0506,Bangalore,20:37.1,Cash on Delivery,Cancelled,11-01-2026
ORD03019,CUST0090,Jaipur,19:40.3,UPI,Delivered,10-10-2025
ORD01796,CUST0713,Pune,41:15.6,Cash on Delivery,Delivered,24-07-2025
ORD02951,CUST0879,Chennai,32:08.2,Nykaa Wallet,Returned,17-06-2025
ORD01874,CUST0793,Bangalore,35:17.6,Debit Card,Delivered,21-03-2026
ORD04087,CUST0351,Kolkata,38:03.5,Nykaa Wallet,Delivered,24-06-2025
ORD04097,CUST0691,Jaipur,10:47.8,Credit Card,Delivered,17-09-2025
ORD00892,CUST0125,Lucknow,04:22.5,UPI,Returned,05-05-2025
ORD02954,CUST0897,Kolkata,24:28.2,EMI,Delivered,16-04-2025
ORD01133,CUST0917,Delhi,31:29.3,EMI,Delivered,01-02-2026
ORD03647,CUST0728,Ahmedabad,04:06.5,UPI,Delivered,25-01-2026
ORD04527,CUST0807,Delhi,52:59.7,Cash on Delivery,Delivered,30-12-2025
ORD03513,CUST0302,Hyderabad,55:43.0,Cash on Delivery,Cancelled,07-02-2026
ORD01702,CUST0197,Pune,01:54.7,Debit Card,Delivered,25-07-2025
ORD03884,CUST0036,Chennai,14:41.7,Nykaa Wallet,Delivered,05-03-2026
ORD03982,CUST0437,Pune,17:48.6,Debit Card,Returned,17-11-2025
ORD01506,CUST0780,Kolkata,34:22.3,Cash on Delivery,Delivered,15-09-2025
ORD01420,CUST0953,Ahmedabad,10:09.1,EMI,Delivered,06-03-2026
ORD02879,CUST0385,Lucknow,46:21.7,EMI,Cancelled,06-04-2025
ORD00754,CUST0459,Mumbai,33:14.4,UPI,Delivered,07-11-2025
ORD03037,CUST0906,Lucknow,57:58.0,Credit Card,Delivered,24-01-2026
ORD00987,CUST0912,Ahmedabad,20:32.4,Nykaa Wallet,Delivered,19-07-2025
ORD00111,CUST0113,Delhi,02:37.4,Cash on Delivery,Delivered,02-10-2025
ORD00166,CUST0528,Hyderabad,54:33.2,Nykaa Wallet,Delivered,27-04-2025
ORD03871,CUST0913,Lucknow,18:16.6,Cash on Delivery,Delivered,24-05-2025
ORD02672,CUST0820,Jaipur,37:58.6,Cash on Delivery,Delivered,03-09-2025
ORD01920,CUST0448,Jaipur,50:32.5,Credit Card,Delivered,21-03-2026
ORD00309,CUST0710,Chennai,26:31.9,Nykaa Wallet,Delivered,30-06-2025
ORD04452,CUST0314,Pune,55:32.7,Debit Card,Delivered,23-02-2026
ORD02973,CUST0602,Bangalore,58:48.9,Credit Card,Delivered,29-06-2025
ORD03413,CUST0701,Mumbai,36:37.2,Nykaa Wallet,Delivered,07-12-2025
ORD00605,CUST0731,Delhi,48:40.5,Cash on Delivery,Delivered,09-02-2026
ORD04121,CUST0561,Chennai,00:51.5,Nykaa Wallet,Delivered,02-08-2025
ORD03427,CUST0003,Delhi,21:19.9,EMI,Returned,06-06-2025
ORD04591,CUST0348,Pune,27:50.7,EMI,Returned,04-08-2025
ORD02844,CUST0689,Pune,18:53.9,EMI,Delivered,12-03-2026
ORD02503,CUST0088,Chennai,16:58.0,Nykaa Wallet,Delivered,05-05-2025
ORD01985,CUST0855,Chennai,55:29.8,Nykaa Wallet,Delivered,09-01-2026
ORD02139,CUST0162,Jaipur,31:37.2,Credit Card,Delivered,02-05-2025
ORD01597,CUST0183,Mumbai,21:31.6,EMI,Delivered,04-01-2026
ORD00752,CUST0407,Jaipur,07:38.6,EMI,Delivered,28-03-2026
ORD00579,CUST0617,Chennai,16:17.0,Debit Card,Delivered,06-08-2025
ORD01364,CUST0430,Mumbai,14:42.0,Debit Card,Delivered,26-04-2025
ORD01392,CUST0143,Ahmedabad,46:40.8,Debit Card,Delivered,10-09-2025
ORD00659,CUST0966,Mumbai,25:15.7,Credit Card,Delivered,25-02-2026
ORD02168,CUST0646,Kolkata,11:27.6,Nykaa Wallet,Delivered,24-03-2026
ORD01339,CUST0525,Chennai,49:41.0,Credit Card,Cancelled,27-01-2026
ORD00998,CUST0724,Pune,31:35.2,EMI,Delivered,10-12-2025
ORD00607,CUST0747,Hyderabad,56:21.7,UPI,Delivered,28-03-2026
ORD02618,CUST0034,Pune,39:58.1,Nykaa Wallet,Delivered,23-12-2025
ORD04250,CUST0609,Hyderabad,12:41.3,Cash on Delivery,Delivered,15-09-2025
ORD03017,CUST0188,Lucknow,27:37.4,Cash on Delivery,Delivered,08-04-2025
ORD02371,CUST0915,Delhi,11:24.4,EMI,Delivered,29-05-2025
ORD01663,CUST0572,Delhi,26:54.2,Debit Card,Delivered,17-10-2025
ORD01315,CUST0951,Bangalore,47:17.8,Nykaa Wallet,Cancelled,27-02-2026
ORD00049,CUST0554,Mumbai,00:02.4,Debit Card,Returned,02-08-2025
ORD03465,CUST0526,Lucknow,59:18.7,UPI,Delivered,04-04-2025
ORD02385,CUST0780,Kolkata,22:54.6,Cash on Delivery,Delivered,03-12-2025
ORD00206,CUST0573,Bangalore,43:56.6,Nykaa Wallet,Delivered,24-03-2026
ORD01308,CUST0905,Mumbai,29:07.5,EMI,Delivered,17-07-2025
ORD03452,CUST0138,Chennai,16:31.8,Cash on Delivery,Delivered,25-04-2025
ORD02360,CUST0887,Bangalore,14:02.3,Nykaa Wallet,Delivered,26-11-2025
ORD01186,CUST0636,Chennai,55:28.0,Credit Card,Delivered,24-03-2026
ORD03409,CUST0793,Bangalore,17:38.2,Credit Card,Delivered,25-11-2025
ORD01017,CUST0556,Hyderabad,24:11.3,Nykaa Wallet,Cancelled,13-03-2026
ORD03863,CUST0456,Chennai,46:36.9,EMI,Delivered,08-06-2025
ORD00389,CUST0808,Chennai,10:56.9,Debit Card,Delivered,02-01-2026
ORD00228,CUST0173,Bangalore,50:18.4,Credit Card,Returned,12-04-2025
ORD01518,CUST0417,Kolkata,30:08.7,UPI,Delivered,13-09-2025
ORD01890,CUST0142,Hyderabad,30:44.1,UPI,Delivered,16-08-2025
ORD00139,CUST0230,Jaipur,50:36.8,Nykaa Wallet,Cancelled,20-03-2026
ORD02061,CUST0929,Pune,49:14.0,Cash on Delivery,Delivered,02-02-2026
ORD04542,CUST0296,Kolkata,57:20.6,Debit Card,Cancelled,06-09-2025
ORD04244,CUST0665,Bangalore,04:06.8,Debit Card,Delivered,21-06-2025
ORD01027,CUST0250,Lucknow,44:40.1,EMI,Delivered,21-06-2025
ORD00301,CUST0028,Hyderabad,30:02.4,UPI,Delivered,15-02-2026
ORD03380,CUST0615,Pune,55:40.1,Debit Card,Delivered,30-05-2025
ORD01174,CUST0616,Mumbai,22:56.9,Debit Card,Delivered,06-11-2025
ORD04407,CUST0167,Delhi,44:30.5,Credit Card,Delivered,30-04-2025
ORD02550,CUST0649,Pune,16:12.3,EMI,Delivered,26-10-2025
ORD04857,CUST0993,Kolkata,17:31.5,EMI,Delivered,02-07-2025
ORD03334,CUST0276,Ahmedabad,14:37.0,Credit Card,Delivered,12-03-2026
ORD04588,CUST0428,Kolkata,26:15.1,EMI,Delivered,11-03-2026
ORD04629,CUST0933,Lucknow,22:05.2,UPI,Delivered,23-02-2026
ORD04241,CUST0181,Kolkata,57:58.7,Debit Card,Delivered,07-12-2025
ORD00470,CUST0756,Bangalore,16:06.6,Credit Card,Delivered,03-04-2025
ORD03269,CUST0230,Jaipur,12:07.2,Debit Card,Delivered,13-06-2025
ORD04306,CUST0382,Bangalore,56:32.3,Cash on Delivery,Delivered,22-10-2025
ORD03056,CUST0369,Jaipur,05:24.3,Credit Card,Delivered,11-12-2025
ORD02179,CUST0198,Hyderabad,01:34.4,Debit Card,Returned,25-08-2025
ORD01981,CUST0160,Pune,15:16.2,Nykaa Wallet,Returned,12-03-2026
ORD02038,CUST0939,Mumbai,54:04.4,EMI,Delivered,26-05-2025
ORD04438,CUST0433,Kolkata,07:25.3,UPI,Delivered,14-04-2025
ORD04125,CUST0275,Ahmedabad,09:04.9,Credit Card,Delivered,12-12-2025
ORD02090,CUST0297,Bangalore,57:44.0,Nykaa Wallet,Delivered,16-04-2025
ORD01194,CUST0775,Pune,36:52.7,Credit Card,Delivered,24-11-2025
ORD04079,CUST0438,Hyderabad,22:51.4,EMI,Delivered,01-03-2026
ORD02152,CUST0102,Ahmedabad,08:02.1,Credit Card,Delivered,27-04-2025
ORD04987,CUST0479,Jaipur,21:54.8,Cash on Delivery,Returned,20-03-2026
ORD02729,CUST0379,Chennai,19:32.2,Debit Card,Delivered,18-05-2025
ORD02610,CUST0162,Jaipur,04:29.0,EMI,Delivered,29-03-2026
ORD00095,CUST0756,Bangalore,01:54.4,Credit Card,Delivered,30-04-2025
ORD00616,CUST0662,Jaipur,41:53.9,Cash on Delivery,Returned,27-04-2025
ORD00052,CUST0060,Bangalore,39:40.8,Nykaa Wallet,Delivered,26-10-2025
ORD03903,CUST0636,Chennai,39:30.5,Cash on Delivery,Delivered,14-01-2026
ORD00697,CUST0878,Bangalore,53:26.0,Debit Card,Delivered,07-01-2026
ORD01649,CUST0149,Ahmedabad,11:52.6,Nykaa Wallet,Delivered,25-10-2025
ORD00061,CUST0468,Ahmedabad,08:29.9,Debit Card,Cancelled,10-07-2025
ORD01611,CUST0864,Chennai,59:27.5,Debit Card,Delivered,26-09-2025
ORD01723,CUST0334,Bangalore,41:46.1,EMI,Delivered,25-10-2025
ORD00332,CUST0277,Ahmedabad,28:33.2,Cash on Delivery,Delivered,23-01-2026
ORD04977,CUST0096,Ahmedabad,14:56.7,Cash on Delivery,Delivered,23-01-2026
ORD00981,CUST0171,Mumbai,39:22.7,Credit Card,Cancelled,31-01-2026
ORD02725,CUST0030,Hyderabad,19:07.9,Debit Card,Delivered,13-05-2025
ORD02827,CUST0216,Pune,36:20.7,EMI,Delivered,18-11-2025
ORD01564,CUST0969,Lucknow,55:05.7,Debit Card,Cancelled,23-02-2026
ORD03470,CUST0620,Lucknow,27:01.5,Credit Card,Delivered,07-12-2025
ORD03801,CUST0165,Pune,57:00.5,Debit Card,Delivered,21-12-2025
ORD01457,CUST0419,Hyderabad,45:30.2,Credit Card,Delivered,10-07-2025
ORD02631,CUST0258,Ahmedabad,04:18.4,EMI,Delivered,27-07-2025
ORD01215,CUST0610,Bangalore,47:02.0,EMI,Delivered,10-09-2025
ORD03872,CUST0945,Pune,01:10.0,EMI,Delivered,08-10-2025
ORD00679,CUST0361,Bangalore,28:45.9,Credit Card,Delivered,17-03-2026
ORD03213,CUST0989,Jaipur,49:39.0,UPI,Delivered,01-10-2025
ORD00453,CUST0421,Jaipur,10:22.4,UPI,Delivered,03-05-2025
ORD02249,CUST0855,Chennai,32:22.0,Debit Card,Delivered,19-11-2025
ORD01803,CUST0767,Chennai,32:38.8,Debit Card,Cancelled,14-06-2025
ORD02839,CUST0529,Ahmedabad,24:06.2,Nykaa Wallet,Delivered,11-02-2026
ORD02086,CUST0756,Bangalore,15:18.0,Debit Card,Delivered,29-10-2025
ORD01929,CUST0556,Hyderabad,39:25.1,Nykaa Wallet,Delivered,05-01-2026
ORD00066,CUST0895,Mumbai,58:00.6,Credit Card,Delivered,10-10-2025
ORD00897,CUST0379,Chennai,35:54.4,Cash on Delivery,Delivered,09-07-2025
ORD03712,CUST0760,Ahmedabad,47:50.5,Nykaa Wallet,Delivered,02-07-2025
ORD02266,CUST0332,Hyderabad,06:02.5,UPI,Delivered,30-01-2026
ORD00888,CUST0411,Lucknow,37:11.0,Nykaa Wallet,Delivered,10-04-2025
ORD03789,CUST0243,Lucknow,34:13.9,UPI,Delivered,05-09-2025
ORD02500,CUST0335,Pune,00:12.9,Nykaa Wallet,Delivered,04-07-2025
ORD04679,CUST0684,Jaipur,56:32.0,Credit Card,Delivered,24-09-2025
ORD04912,CUST0683,Kolkata,58:56.4,Credit Card,Delivered,28-03-2026
ORD03176,CUST0861,Jaipur,26:49.7,Debit Card,Delivered,08-05-2025
ORD03739,CUST0562,Ahmedabad,09:25.1,Credit Card,Delivered,11-06-2025
ORD03204,CUST0855,Chennai,16:59.7,UPI,Cancelled,29-09-2025
ORD04889,CUST0449,Delhi,50:10.4,Cash on Delivery,Cancelled,15-11-2025
ORD00395,CUST0208,Mumbai,24:31.9,Debit Card,Delivered,13-10-2025
ORD02984,CUST0881,Mumbai,33:28.3,Cash on Delivery,Delivered,28-03-2026
ORD01327,CUST0254,Bangalore,42:57.3,Nykaa Wallet,Delivered,14-04-2025
ORD02545,CUST0938,Kolkata,22:57.1,Debit Card,Delivered,01-05-2025
ORD00556,CUST0492,Ahmedabad,36:28.6,Credit Card,Delivered,22-01-2026
ORD02679,CUST0302,Hyderabad,22:31.5,Cash on Delivery,Delivered,11-01-2026
ORD03486,CUST0507,Pune,13:52.3,Nykaa Wallet,Delivered,27-01-2026
ORD02215,CUST0040,Chennai,36:16.1,Cash on Delivery,Delivered,02-04-2025
ORD03925,CUST0833,Ahmedabad,50:21.0,Cash on Delivery,Delivered,28-10-2025
ORD01413,CUST0393,Chennai,31:18.2,EMI,Delivered,30-08-2025
ORD03170,CUST0016,Chennai,53:49.8,Debit Card,Delivered,07-08-2025
ORD02353,CUST0281,Ahmedabad,58:10.0,EMI,Delivered,10-07-2025
ORD00412,CUST0759,Mumbai,11:11.0,Nykaa Wallet,Delivered,11-09-2025
ORD00658,CUST0901,Lucknow,13:35.1,EMI,Delivered,24-03-2026
ORD00081,CUST0456,Chennai,38:08.3,Debit Card,Delivered,29-12-2025
ORD02066,CUST0348,Pune,48:12.3,Cash on Delivery,Delivered,31-05-2025
ORD01995,CUST0320,Chennai,31:42.4,Credit Card,Returned,20-08-2025
ORD01078,CUST0371,Hyderabad,52:20.2,Debit Card,Delivered,14-06-2025
ORD02963,CUST0584,Kolkata,52:46.9,Cash on Delivery,Delivered,04-01-2026
ORD02789,CUST0038,Lucknow,10:04.6,Cash on Delivery,Returned,22-02-2026
ORD02696,CUST0780,Kolkata,00:55.2,Nykaa Wallet,Delivered,05-09-2025
ORD00603,CUST0203,Ahmedabad,10:38.6,Debit Card,Delivered,31-12-2025
ORD04475,CUST0670,Bangalore,01:03.0,Credit Card,Delivered,20-03-2026
ORD01819,CUST0167,Delhi,27:27.4,Debit Card,Delivered,15-11-2025
ORD01979,CUST0564,Chennai,35:17.4,Debit Card,Delivered,20-07-2025
ORD03400,CUST0781,Bangalore,59:08.8,Credit Card,Cancelled,09-03-2026
ORD00575,CUST0311,Hyderabad,39:21.2,UPI,Cancelled,01-12-2025
ORD02361,CUST0963,Bangalore,12:30.8,Debit Card,Returned,09-02-2026
ORD01280,CUST0565,Hyderabad,16:29.3,EMI,Delivered,09-11-2025
ORD03315,CUST0279,Ahmedabad,18:20.8,Credit Card,Returned,22-12-2025
ORD00895,CUST0796,Lucknow,09:30.0,EMI,Delivered,16-08-2025
ORD04458,CUST0410,Ahmedabad,29:35.2,Debit Card,Delivered,03-04-2025
ORD00297,CUST0662,Jaipur,42:04.5,Nykaa Wallet,Delivered,07-08-2025
ORD00809,CUST0257,Ahmedabad,17:59.9,Nykaa Wallet,Cancelled,06-09-2025
ORD02471,CUST0049,Bangalore,46:16.2,Credit Card,Delivered,24-09-2025
ORD01005,CUST0614,Delhi,38:33.9,UPI,Delivered,06-07-2025
ORD03317,CUST0697,Pune,53:25.2,Credit Card,Delivered,25-10-2025
ORD01846,CUST0970,Kolkata,37:44.6,Credit Card,Cancelled,24-03-2026
ORD02082,CUST0463,Bangalore,46:22.0,UPI,Delivered,10-10-2025
ORD04644,CUST0391,Ahmedabad,44:12.8,EMI,Delivered,10-06-2025
ORD01624,CUST0840,Lucknow,47:23.8,Cash on Delivery,Delivered,18-12-2025
ORD02580,CUST0024,Jaipur,14:10.4,EMI,Delivered,27-11-2025
ORD02538,CUST0111,Jaipur,54:21.7,Debit Card,Delivered,10-04-2025
ORD01965,CUST0504,Mumbai,14:05.0,UPI,Delivered,21-03-2026
ORD03572,CUST0973,Hyderabad,29:56.5,Debit Card,Delivered,17-03-2026
ORD03549,CUST0896,Lucknow,10:58.4,Debit Card,Returned,18-10-2025
ORD03681,CUST0251,Lucknow,49:23.4,EMI,Delivered,15-01-2026
ORD03983,CUST0961,Delhi,14:38.6,Credit Card,Delivered,03-03-2026
ORD02437,CUST0043,Chennai,16:42.3,Cash on Delivery,Delivered,05-12-2025
ORD04880,CUST0042,Ahmedabad,57:15.1,UPI,Delivered,13-06-2025
ORD04113,CUST0781,Bangalore,09:38.4,Nykaa Wallet,Returned,25-06-2025
ORD03677,CUST0778,Kolkata,04:36.1,Cash on Delivery,Delivered,14-07-2025
ORD02456,CUST0195,Hyderabad,15:23.8,Cash on Delivery,Cancelled,12-06-2025
ORD03926,CUST0188,Lucknow,20:38.0,UPI,Delivered,21-06-2025
ORD01073,CUST0668,Ahmedabad,09:04.5,EMI,Delivered,25-08-2025
ORD00452,CUST0112,Hyderabad,13:15.2,Credit Card,Delivered,27-06-2025
ORD03484,CUST0081,Pune,22:49.4,UPI,Delivered,12-07-2025
ORD01200,CUST0336,Ahmedabad,25:39.0,Debit Card,Cancelled,24-04-2025
ORD01534,CUST0127,Lucknow,43:50.9,Credit Card,Returned,30-12-2025
ORD04208,CUST0641,Pune,54:02.6,Nykaa Wallet,Delivered,25-09-2025
ORD02972,CUST0150,Lucknow,06:35.6,Cash on Delivery,Delivered,05-12-2025
ORD03358,CUST0977,Lucknow,17:01.1,EMI,Delivered,03-10-2025
ORD03319,CUST0943,Ahmedabad,05:37.2,Cash on Delivery,Returned,19-08-2025
ORD03463,CUST0598,Lucknow,11:11.4,Debit Card,Returned,28-06-2025
ORD04573,CUST0201,Mumbai,27:45.7,Cash on Delivery,Delivered,02-09-2025
ORD00966,CUST0006,Delhi,34:49.6,Nykaa Wallet,Returned,06-12-2025
ORD02257,CUST0188,Lucknow,44:42.9,Debit Card,Delivered,28-05-2025
ORD02469,CUST0617,Chennai,11:54.0,UPI,Delivered,15-05-2025
ORD00652,CUST0622,Delhi,09:53.9,UPI,Delivered,20-06-2025
ORD01169,CUST0332,Hyderabad,41:36.8,EMI,Delivered,31-12-2025
ORD03455,CUST0181,Kolkata,06:53.4,Credit Card,Delivered,13-07-2025
ORD04934,CUST0393,Chennai,54:59.9,Credit Card,Delivered,02-05-2025
ORD02755,CUST0694,Delhi,05:58.4,Credit Card,Delivered,13-05-2025
ORD03509,CUST0624,Chennai,06:57.2,Credit Card,Cancelled,27-05-2025
ORD03117,CUST0425,Kolkata,03:50.7,Debit Card,Delivered,05-10-2025
ORD04289,CUST0590,Lucknow,29:24.4,Cash on Delivery,Delivered,29-12-2025
ORD02449,CUST0747,Hyderabad,32:57.1,Credit Card,Delivered,20-05-2025
ORD00187,CUST0790,Mumbai,13:44.3,Nykaa Wallet,Delivered,11-03-2026
ORD04896,CUST0501,Chennai,35:14.6,Debit Card,Delivered,02-05-2025
ORD04293,CUST0850,Chennai,00:16.7,EMI,Delivered,08-10-2025
ORD02840,CUST0307,Lucknow,03:08.2,EMI,Delivered,26-04-2025
ORD01079,CUST0289,Ahmedabad,04:44.0,Nykaa Wallet,Delivered,04-03-2026
ORD02637,CUST0149,Ahmedabad,24:15.8,Credit Card,Delivered,13-04-2025
ORD03652,CUST0829,Bangalore,01:56.6,Debit Card,Delivered,21-04-2025
ORD00611,CUST0913,Lucknow,06:22.4,EMI,Delivered,10-02-2026
ORD01220,CUST0960,Mumbai,10:52.7,Credit Card,Delivered,07-01-2026
ORD02352,CUST0472,Lucknow,28:19.2,Nykaa Wallet,Delivered,12-04-2025
ORD03586,CUST0737,Pune,17:37.3,Nykaa Wallet,Delivered,29-08-2025
ORD03909,CUST0718,Jaipur,12:59.8,Nykaa Wallet,Delivered,23-02-2026
ORD04875,CUST0513,Kolkata,03:23.6,Cash on Delivery,Cancelled,21-10-2025
ORD04501,CUST0113,Delhi,50:01.3,Nykaa Wallet,Delivered,12-02-2026
ORD00003,CUST0590,Lucknow,10:45.3,Debit Card,Cancelled,25-09-2025
ORD00311,CUST0536,Kolkata,35:03.8,Debit Card,Delivered,06-09-2025
ORD04340,CUST0999,Jaipur,59:36.7,UPI,Delivered,04-11-2025
ORD00618,CUST0072,Mumbai,43:33.9,Credit Card,Delivered,16-05-2025
ORD04040,CUST0705,Jaipur,07:37.5,Cash on Delivery,Delivered,31-07-2025
ORD01721,CUST0381,Hyderabad,41:01.4,Debit Card,Cancelled,10-12-2025
ORD02312,CUST0383,Kolkata,39:49.2,UPI,Cancelled,06-12-2025
ORD00410,CUST0139,Jaipur,19:38.5,Nykaa Wallet,Delivered,26-01-2026
ORD02182,CUST0382,Bangalore,22:52.6,Cash on Delivery,Cancelled,07-09-2025
ORD02793,CUST0104,Pune,22:54.2,Cash on Delivery,Delivered,19-06-2025
ORD01648,CUST0505,Lucknow,52:31.7,EMI,Delivered,25-03-2026
ORD03762,CUST0861,Jaipur,03:31.9,UPI,Delivered,27-10-2025
ORD01307,CUST0842,Bangalore,03:29.2,Nykaa Wallet,Delivered,06-12-2025
ORD01010,CUST0677,Chennai,06:32.1,Cash on Delivery,Delivered,14-03-2026
ORD00557,CUST0129,Pune,21:24.0,Credit Card,Delivered,14-10-2025
ORD01595,CUST0737,Pune,44:38.5,Cash on Delivery,Delivered,20-06-2025
ORD04516,CUST0551,Jaipur,48:24.2,EMI,Delivered,27-02-2026
ORD04646,CUST0473,Jaipur,37:52.1,Cash on Delivery,Delivered,15-10-2025
ORD04353,CUST0321,Lucknow,10:47.6,EMI,Returned,30-10-2025
ORD00289,CUST0631,Mumbai,18:29.2,Cash on Delivery,Delivered,20-02-2026
ORD01963,CUST0359,Jaipur,54:19.7,EMI,Delivered,14-03-2026
ORD04111,CUST0817,Hyderabad,35:24.9,EMI,Delivered,04-11-2025
ORD04006,CUST0551,Jaipur,47:09.3,Cash on Delivery,Delivered,27-06-2025
ORD04546,CUST0370,Ahmedabad,43:49.3,EMI,Delivered,11-03-2026
ORD00555,CUST0409,Delhi,31:22.5,Nykaa Wallet,Delivered,02-01-2026
ORD01404,CUST0136,Mumbai,06:08.6,Cash on Delivery,Returned,24-02-2026
ORD04483,CUST0750,Chennai,37:17.2,Credit Card,Returned,28-04-2025
ORD01577,CUST0045,Pune,44:24.0,Debit Card,Cancelled,07-11-2025
ORD03993,CUST0445,Chennai,38:39.4,Credit Card,Delivered,10-01-2026
ORD01854,CUST0424,Ahmedabad,49:12.8,Debit Card,Delivered,08-10-2025
ORD04688,CUST0717,Mumbai,52:46.2,Credit Card,Returned,18-07-2025
ORD00877,CUST0722,Jaipur,51:46.5,EMI,Delivered,25-03-2026
ORD01049,CUST0332,Hyderabad,33:49.3,Debit Card,Delivered,11-10-2025
ORD00589,CUST0427,Hyderabad,32:32.4,UPI,Delivered,21-09-2025
ORD02742,CUST0776,Pune,36:44.6,UPI,Delivered,18-08-2025
ORD03022,CUST0516,Jaipur,59:11.3,Debit Card,Returned,22-06-2025
ORD01014,CUST0762,Ahmedabad,50:36.8,Debit Card,Returned,02-04-2025
ORD00390,CUST0829,Bangalore,24:41.1,EMI,Delivered,10-07-2025
ORD00048,CUST0428,Kolkata,35:46.5,Debit Card,Delivered,26-08-2025
ORD02246,CUST0359,Jaipur,59:38.4,Debit Card,Delivered,27-07-2025
ORD02087,CUST0554,Mumbai,55:31.0,Credit Card,Delivered,13-02-2026
ORD04769,CUST0691,Jaipur,27:39.0,Debit Card,Delivered,04-06-2025
ORD03271,CUST0594,Pune,12:09.4,Cash on Delivery,Delivered,29-12-2025
ORD01689,CUST0766,Ahmedabad,25:52.1,UPI,Cancelled,18-03-2026
ORD00626,CUST0127,Lucknow,32:12.4,Nykaa Wallet,Delivered,16-06-2025
ORD04963,CUST0884,Hyderabad,33:55.3,Debit Card,Delivered,28-07-2025
ORD00059,CUST0154,Ahmedabad,29:49.2,Cash on Delivery,Delivered,27-09-2025
ORD01486,CUST0233,Ahmedabad,41:05.9,Credit Card,Delivered,22-06-2025
ORD04994,CUST0604,Pune,57:23.8,EMI,Cancelled,20-04-2025
ORD00432,CUST0562,Ahmedabad,39:50.6,Cash on Delivery,Cancelled,05-02-2026
ORD04276,CUST0785,Mumbai,23:19.3,Debit Card,Cancelled,05-06-2025
ORD04961,CUST0277,Ahmedabad,05:20.0,Debit Card,Delivered,05-08-2025
ORD00958,CUST0792,Pune,23:00.5,Nykaa Wallet,Delivered,10-01-2026
ORD00345,CUST0077,Kolkata,00:59.1,UPI,Returned,09-06-2025
ORD02957,CUST0813,Delhi,55:19.0,UPI,Delivered,08-05-2025
ORD04547,CUST0428,Kolkata,09:15.0,Cash on Delivery,Delivered,22-10-2025
ORD02865,CUST0607,Jaipur,07:21.8,Cash on Delivery,Returned,06-03-2026
ORD01416,CUST0588,Ahmedabad,13:49.2,Credit Card,Returned,15-09-2025
ORD01180,CUST0538,Hyderabad,47:45.4,Credit Card,Returned,02-05-2025
ORD02341,CUST0969,Lucknow,13:05.7,Debit Card,Delivered,23-07-2025
ORD04116,CUST0227,Hyderabad,57:59.5,Cash on Delivery,Cancelled,19-11-2025
ORD04827,CUST0934,Lucknow,05:03.2,Credit Card,Delivered,27-11-2025
ORD02181,CUST0137,Lucknow,11:08.7,EMI,Returned,17-06-2025
ORD02723,CUST0989,Jaipur,54:04.1,Credit Card,Delivered,10-06-2025
ORD01179,CUST0816,Hyderabad,56:54.0,Cash on Delivery,Delivered,06-05-2025
ORD03121,CUST0443,Delhi,03:23.5,Credit Card,Returned,21-01-2026
ORD01203,CUST0940,Bangalore,41:17.4,Credit Card,Delivered,15-07-2025
ORD03507,CUST0211,Ahmedabad,07:50.6,Nykaa Wallet,Delivered,11-02-2026
ORD04981,CUST0601,Delhi,36:14.6,UPI,Delivered,30-05-2025
ORD02870,CUST0145,Hyderabad,17:50.8,Debit Card,Delivered,27-01-2026
ORD03816,CUST0323,Hyderabad,37:15.4,Cash on Delivery,Cancelled,27-09-2025
ORD02961,CUST0272,Bangalore,11:24.0,Credit Card,Delivered,03-09-2025
ORD04420,CUST0343,Chennai,33:53.4,Nykaa Wallet,Delivered,06-08-2025
ORD04198,CUST0709,Ahmedabad,50:24.9,Nykaa Wallet,Delivered,01-04-2025
ORD03020,CUST0721,Kolkata,20:29.9,Cash on Delivery,Delivered,02-09-2025
ORD01868,CUST0741,Mumbai,37:32.2,Cash on Delivery,Delivered,29-06-2025
ORD00376,CUST0063,Delhi,11:05.8,EMI,Delivered,22-06-2025
ORD00887,CUST0616,Mumbai,43:36.0,UPI,Delivered,09-12-2025
ORD03053,CUST0715,Mumbai,54:05.3,Debit Card,Delivered,15-04-2025
ORD00800,CUST0415,Lucknow,56:47.4,Credit Card,Delivered,05-10-2025
ORD04000,CUST0700,Chennai,48:07.2,Credit Card,Returned,27-12-2025
ORD01454,CUST0088,Chennai,43:20.2,EMI,Cancelled,12-06-2025
ORD04590,CUST0358,Pune,25:44.7,UPI,Returned,26-05-2025
ORD01544,CUST0355,Jaipur,34:49.0,UPI,Delivered,22-12-2025
ORD00696,CUST0308,Lucknow,49:11.7,EMI,Delivered,02-11-2025
ORD01729,CUST0252,Delhi,09:22.4,Nykaa Wallet,Delivered,14-12-2025
ORD04754,CUST0560,Mumbai,21:05.8,EMI,Cancelled,04-01-2026
ORD01515,CUST0124,Ahmedabad,53:53.6,Nykaa Wallet,Delivered,22-12-2025
ORD03287,CUST0563,Kolkata,37:23.9,Debit Card,Cancelled,31-03-2026
ORD00150,CUST0889,Pune,31:07.7,UPI,Delivered,31-12-2025
ORD00799,CUST0528,Hyderabad,21:17.7,EMI,Delivered,27-06-2025
ORD03178,CUST0445,Chennai,03:39.9,Credit Card,Delivered,14-12-2025
ORD04861,CUST0803,Pune,09:38.3,Debit Card,Delivered,04-10-2025
ORD02423,CUST0294,Mumbai,57:27.2,Nykaa Wallet,Delivered,17-03-2026
ORD03147,CUST0843,Bangalore,27:40.2,Nykaa Wallet,Delivered,27-04-2025
ORD00612,CUST0059,Delhi,15:17.3,Credit Card,Delivered,06-09-2025
ORD03177,CUST0107,Hyderabad,17:49.3,Nykaa Wallet,Returned,20-10-2025
ORD04598,CUST0047,Ahmedabad,43:52.5,UPI,Delivered,08-07-2025
ORD01601,CUST0967,Jaipur,55:14.2,Cash on Delivery,Delivered,18-07-2025
ORD01480,CUST0481,Delhi,04:14.8,EMI,Cancelled,06-06-2025
ORD01558,CUST0449,Delhi,43:52.3,EMI,Delivered,18-10-2025
ORD03097,CUST0588,Ahmedabad,39:27.2,Cash on Delivery,Delivered,10-10-2025
ORD00544,CUST0400,Delhi,34:15.3,EMI,Delivered,05-02-2026
ORD02191,CUST0056,Delhi,07:53.4,Nykaa Wallet,Delivered,26-01-2026
ORD02759,CUST0511,Lucknow,35:51.9,Nykaa Wallet,Delivered,17-08-2025
ORD00573,CUST0443,Delhi,58:50.4,UPI,Delivered,28-04-2025
ORD01343,CUST0044,Delhi,56:10.9,EMI,Delivered,07-05-2025
ORD01646,CUST0346,Mumbai,15:26.4,Debit Card,Delivered,27-11-2025
ORD01439,CUST0457,Ahmedabad,52:22.2,Credit Card,Delivered,25-05-2025
ORD03922,CUST0048,Jaipur,34:05.7,EMI,Cancelled,13-01-2026
ORD03941,CUST0632,Ahmedabad,36:49.7,UPI,Delivered,09-12-2025
ORD01837,CUST0796,Lucknow,44:17.3,Debit Card,Returned,24-09-2025
ORD00634,CUST0829,Bangalore,58:00.6,UPI,Delivered,13-08-2025
ORD03550,CUST0018,Ahmedabad,07:18.0,EMI,Delivered,02-12-2025
ORD04310,CUST0475,Chennai,34:02.8,Debit Card,Delivered,02-05-2025
ORD00827,CUST0254,Bangalore,38:28.9,Credit Card,Delivered,27-05-2025
ORD00847,CUST0932,Delhi,28:05.0,Nykaa Wallet,Returned,13-10-2025
ORD04996,CUST0850,Chennai,11:22.1,Debit Card,Cancelled,22-11-2025
ORD01740,CUST0583,Mumbai,39:48.0,Debit Card,Cancelled,07-08-2025
ORD04928,CUST0029,Ahmedabad,41:14.1,Credit Card,Delivered,27-06-2025
ORD03082,CUST0179,Bangalore,32:45.8,Credit Card,Delivered,28-08-2025
ORD00178,CUST0381,Hyderabad,37:22.7,EMI,Delivered,28-04-2025
ORD04282,CUST0553,Bangalore,11:56.1,Debit Card,Returned,18-12-2025
ORD03594,CUST0857,Hyderabad,52:50.7,Cash on Delivery,Cancelled,07-10-2025
ORD04720,CUST0006,Delhi,05:01.5,Debit Card,Returned,23-10-2025
ORD02992,CUST0584,Kolkata,50:14.3,Credit Card,Cancelled,12-06-2025
ORD02323,CUST0632,Ahmedabad,00:02.0,Credit Card,Delivered,12-07-2025
ORD00314,CUST0545,Jaipur,04:47.8,EMI,Delivered,06-07-2025
ORD04621,CUST0051,Delhi,16:49.0,UPI,Delivered,05-11-2025
ORD02748,CUST0055,Hyderabad,22:02.4,Debit Card,Delivered,08-07-2025
ORD00592,CUST0123,Bangalore,16:04.8,Debit Card,Delivered,18-05-2025
ORD04412,CUST0819,Pune,26:04.1,EMI,Returned,02-06-2025
ORD04465,CUST0253,Hyderabad,41:31.9,Debit Card,Delivered,26-08-2025
ORD02799,CUST0063,Delhi,29:13.5,EMI,Delivered,21-03-2026
ORD02791,CUST0325,Delhi,17:19.1,Cash on Delivery,Delivered,06-09-2025
ORD04423,CUST0603,Bangalore,15:17.0,Debit Card,Delivered,04-09-2025
ORD03595,CUST0536,Kolkata,36:03.0,Credit Card,Delivered,03-11-2025
ORD02771,CUST0984,Hyderabad,52:46.5,Nykaa Wallet,Cancelled,02-02-2026
ORD02412,CUST0607,Jaipur,45:30.6,EMI,Delivered,15-05-2025
ORD02608,CUST0407,Jaipur,27:11.3,Credit Card,Returned,15-12-2025
ORD01386,CUST0203,Ahmedabad,18:18.4,EMI,Delivered,18-12-2025
ORD01250,CUST0407,Jaipur,24:29.8,Debit Card,Delivered,25-08-2025
ORD03068,CUST0084,Lucknow,30:42.4,Credit Card,Delivered,22-07-2025
ORD02093,CUST0905,Mumbai,59:02.7,UPI,Delivered,17-05-2025
ORD02768,CUST0138,Chennai,03:08.6,Cash on Delivery,Delivered,18-09-2025
ORD02351,CUST0772,Pune,25:51.9,Nykaa Wallet,Cancelled,30-09-2025
ORD03971,CUST0311,Hyderabad,57:12.2,Nykaa Wallet,Cancelled,22-04-2025
ORD03937,CUST0043,Chennai,10:31.8,Credit Card,Delivered,23-11-2025
ORD02505,CUST0692,Delhi,08:12.2,Cash on Delivery,Returned,16-02-2026
ORD00094,CUST0252,Delhi,35:05.6,Debit Card,Cancelled,24-11-2025
ORD04281,CUST0163,Mumbai,37:17.7,Nykaa Wallet,Delivered,23-03-2026
ORD01414,CUST0678,Bangalore,24:30.8,Cash on Delivery,Cancelled,12-10-2025
ORD00656,CUST0610,Bangalore,47:41.0,EMI,Delivered,20-04-2025
ORD00716,CUST0443,Delhi,33:45.7,UPI,Delivered,04-06-2025
ORD02512,CUST0034,Pune,56:18.2,Debit Card,Delivered,28-12-2025
ORD00173,CUST0654,Chennai,37:19.4,UPI,Delivered,27-08-2025
ORD04651,CUST0646,Kolkata,56:24.4,Nykaa Wallet,Delivered,21-08-2025
ORD04351,CUST0055,Hyderabad,09:29.5,Credit Card,Delivered,18-06-2025
ORD03387,CUST0965,Delhi,22:41.2,Nykaa Wallet,Delivered,02-04-2025
ORD00955,CUST0253,Hyderabad,31:05.0,Credit Card,Cancelled,04-10-2025
ORD03831,CUST0818,Delhi,11:20.0,Debit Card,Delivered,19-06-2025
ORD03480,CUST0420,Chennai,42:47.4,Nykaa Wallet,Delivered,21-04-2025
ORD04783,CUST0210,Lucknow,14:24.7,Nykaa Wallet,Delivered,25-12-2025
ORD02381,CUST0199,Pune,22:46.2,Credit Card,Delivered,02-08-2025
ORD02144,CUST0247,Delhi,44:04.9,Cash on Delivery,Delivered,05-11-2025
ORD02687,CUST0881,Mumbai,28:35.1,UPI,Delivered,10-12-2025
ORD02396,CUST0670,Bangalore,41:53.2,Nykaa Wallet,Delivered,11-12-2025
ORD03703,CUST0272,Bangalore,16:06.4,Nykaa Wallet,Delivered,13-03-2026
ORD01602,CUST0100,Chennai,33:06.7,UPI,Delivered,08-04-2025
ORD02188,CUST0250,Lucknow,02:18.5,Credit Card,Delivered,25-02-2026
ORD02174,CUST0237,Kolkata,06:55.3,Nykaa Wallet,Cancelled,21-11-2025
ORD04193,CUST0081,Pune,14:55.7,Debit Card,Delivered,30-04-2025
ORD03385,CUST0384,Bangalore,53:26.6,Nykaa Wallet,Delivered,28-05-2025
ORD00875,CUST0688,Delhi,08:25.3,Nykaa Wallet,Delivered,13-03-2026
ORD01651,CUST0804,Pune,50:35.7,Nykaa Wallet,Delivered,06-04-2025
ORD03390,CUST0458,Delhi,26:50.4,Cash on Delivery,Delivered,07-11-2025
ORD01290,CUST0716,Mumbai,31:04.0,UPI,Delivered,28-04-2025
ORD01424,CUST0782,Mumbai,22:21.0,EMI,Delivered,14-09-2025
ORD04839,CUST0095,Hyderabad,22:34.7,Cash on Delivery,Delivered,21-11-2025
ORD00060,CUST0044,Delhi,47:15.8,EMI,Delivered,23-09-2025
ORD04738,CUST0479,Jaipur,20:47.7,EMI,Cancelled,17-11-2025
ORD03498,CUST0208,Mumbai,45:30.3,Credit Card,Delivered,16-05-2025
ORD01475,CUST0951,Bangalore,27:11.1,Credit Card,Delivered,21-11-2025
ORD00613,CUST0131,Delhi,39:29.8,EMI,Delivered,07-09-2025
ORD04610,CUST0176,Mumbai,59:10.5,Nykaa Wallet,Returned,05-01-2026
ORD04641,CUST0406,Delhi,42:58.7,Cash on Delivery,Returned,08-02-2026
ORD00938,CUST0367,Mumbai,14:12.2,Credit Card,Cancelled,24-12-2025
ORD01087,CUST0005,Pune,11:59.3,Nykaa Wallet,Returned,16-05-2025
ORD01440,CUST0891,Delhi,21:32.7,UPI,Delivered,27-12-2025
ORD00225,CUST0778,Kolkata,15:02.1,Nykaa Wallet,Cancelled,13-11-2025
ORD00771,CUST0541,Bangalore,15:08.3,Nykaa Wallet,Delivered,31-01-2026
ORD03506,CUST0697,Pune,53:30.5,Cash on Delivery,Delivered,08-05-2025
ORD00010,CUST0070,Bangalore,27:25.9,Cash on Delivery,Delivered,23-03-2026
ORD00738,CUST0925,Chennai,06:11.5,Nykaa Wallet,Delivered,01-02-2026
ORD01213,CUST0421,Jaipur,55:51.8,Debit Card,Returned,17-11-2025
ORD04049,CUST0618,Delhi,09:19.7,Nykaa Wallet,Delivered,27-03-2026
ORD01857,CUST0855,Chennai,10:32.2,EMI,Delivered,16-12-2025
ORD03643,CUST0785,Mumbai,55:28.7,Debit Card,Delivered,22-12-2025
ORD03701,CUST0055,Hyderabad,32:28.3,Credit Card,Delivered,26-01-2026
ORD00167,CUST0859,Bangalore,51:35.8,Credit Card,Delivered,13-11-2025
ORD02264,CUST0219,Pune,05:51.1,Cash on Delivery,Returned,19-07-2025
ORD04442,CUST0697,Pune,53:42.6,Cash on Delivery,Delivered,15-03-2026
ORD03141,CUST0349,Ahmedabad,20:18.6,Debit Card,Delivered,18-04-2025
ORD01291,CUST0197,Pune,18:17.6,Debit Card,Cancelled,25-07-2025
ORD04535,CUST0684,Jaipur,46:13.8,Debit Card,Delivered,23-06-2025
ORD00331,CUST0107,Hyderabad,02:22.6,Credit Card,Delivered,27-09-2025
ORD03565,CUST0562,Ahmedabad,00:54.8,Nykaa Wallet,Delivered,11-07-2025
ORD03965,CUST0304,Ahmedabad,54:08.2,Cash on Delivery,Delivered,20-01-2026
ORD02085,CUST0287,Delhi,27:47.5,EMI,Returned,09-12-2025
ORD01612,CUST0381,Hyderabad,31:32.6,Debit Card,Cancelled,14-08-2025
ORD02103,CUST0118,Mumbai,09:38.0,Debit Card,Delivered,09-02-2026
ORD04667,CUST0607,Jaipur,33:38.1,Credit Card,Delivered,05-12-2025
ORD04262,CUST0479,Jaipur,07:14.8,EMI,Delivered,05-05-2025
ORD02072,CUST0409,Delhi,16:19.4,Nykaa Wallet,Delivered,22-05-2025
ORD04556,CUST0487,Lucknow,58:54.3,Cash on Delivery,Cancelled,28-12-2025
ORD03266,CUST0825,Jaipur,01:04.2,Credit Card,Delivered,13-04-2025
ORD00374,CUST0665,Bangalore,07:50.4,UPI,Delivered,25-02-2026
ORD00764,CUST0368,Mumbai,01:15.9,Credit Card,Delivered,25-03-2026
ORD02842,CUST0545,Jaipur,05:03.3,Cash on Delivery,Returned,22-04-2025
ORD00008,CUST0698,Lucknow,59:50.8,Credit Card,Delivered,01-05-2025
ORD02190,CUST0634,Bangalore,23:37.0,Cash on Delivery,Returned,01-11-2025
ORD03277,CUST0240,Ahmedabad,33:02.7,Credit Card,Delivered,17-05-2025
ORD04041,CUST0822,Jaipur,02:29.6,Nykaa Wallet,Returned,23-08-2025
ORD03657,CUST0084,Lucknow,22:29.7,UPI,Delivered,12-10-2025
ORD02866,CUST0078,Mumbai,59:20.6,Credit Card,Delivered,25-10-2025
ORD00893,CUST0131,Delhi,06:24.2,EMI,Delivered,03-08-2025
ORD02928,CUST0272,Bangalore,57:00.7,Nykaa Wallet,Returned,03-03-2026
ORD02216,CUST0141,Delhi,05:17.0,UPI,Delivered,23-10-2025
ORD00430,CUST0491,Pune,37:23.5,EMI,Delivered,20-10-2025
ORD02402,CUST0861,Jaipur,41:18.3,Credit Card,Delivered,25-12-2025
ORD04345,CUST0479,Jaipur,36:47.3,Cash on Delivery,Cancelled,06-06-2025
ORD00495,CUST0595,Mumbai,09:56.0,EMI,Delivered,11-12-2025
ORD02828,CUST0658,Delhi,43:25.9,Cash on Delivery,Delivered,18-01-2026
ORD02690,CUST0116,Chennai,24:21.6,Cash on Delivery,Delivered,13-04-2025
ORD01529,CUST0126,Jaipur,43:51.0,Debit Card,Cancelled,30-09-2025
ORD01802,CUST0723,Mumbai,18:11.9,EMI,Cancelled,09-03-2026
ORD01298,CUST0248,Kolkata,43:57.9,Credit Card,Returned,23-08-2025
ORD02947,CUST0176,Mumbai,00:21.5,Cash on Delivery,Delivered,14-09-2025
ORD04893,CUST0767,Chennai,03:02.5,Credit Card,Cancelled,07-06-2025
ORD04637,CUST0552,Delhi,17:15.9,UPI,Delivered,07-04-2025
ORD00714,CUST0088,Chennai,19:16.0,UPI,Delivered,22-04-2025
ORD01376,CUST0560,Mumbai,43:03.2,EMI,Cancelled,03-06-2025
ORD00643,CUST0312,Lucknow,34:04.9,UPI,Delivered,11-02-2026
ORD04228,CUST0212,Ahmedabad,06:49.6,Debit Card,Delivered,16-09-2025
ORD02368,CUST0810,Pune,20:46.9,UPI,Delivered,31-03-2026
ORD01788,CUST0043,Chennai,34:31.4,UPI,Delivered,21-02-2026
ORD04440,CUST0780,Kolkata,30:14.3,Credit Card,Cancelled,17-01-2026
ORD01249,CUST0709,Ahmedabad,13:17.3,Credit Card,Delivered,11-10-2025
ORD00115,CUST0722,Jaipur,48:37.9,Nykaa Wallet,Delivered,15-09-2025
ORD02676,CUST0386,Ahmedabad,11:40.2,Cash on Delivery,Delivered,19-08-2025
ORD04520,CUST0671,Jaipur,40:15.6,Credit Card,Delivered,01-01-2026
ORD00535,CUST0125,Lucknow,47:37.9,EMI,Cancelled,21-02-2026
ORD02226,CUST0611,Delhi,39:34.2,Debit Card,Delivered,09-05-2025
ORD00512,CUST0218,Mumbai,26:36.0,Credit Card,Cancelled,20-08-2025
ORD02930,CUST0281,Ahmedabad,30:08.7,Cash on Delivery,Delivered,15-01-2026
ORD03093,CUST0065,Hyderabad,11:07.5,Nykaa Wallet,Delivered,15-05-2025
ORD00090,CUST0052,Jaipur,09:09.7,Credit Card,Delivered,13-06-2025
ORD04444,CUST0662,Jaipur,22:37.8,Cash on Delivery,Delivered,22-07-2025
ORD00781,CUST0904,Ahmedabad,22:52.7,Debit Card,Delivered,20-07-2025
ORD02454,CUST0400,Delhi,51:53.3,Credit Card,Delivered,18-09-2025
ORD03813,CUST0441,Hyderabad,43:37.3,Credit Card,Delivered,25-11-2025
ORD01187,CUST0863,Pune,52:02.9,UPI,Delivered,09-10-2025
ORD04349,CUST0055,Hyderabad,53:13.4,Nykaa Wallet,Delivered,04-02-2026
ORD00364,CUST0223,Jaipur,50:48.2,Cash on Delivery,Delivered,16-01-2026
ORD00114,CUST0556,Hyderabad,17:05.5,Credit Card,Cancelled,18-11-2025
ORD00383,CUST0572,Delhi,16:50.4,Nykaa Wallet,Returned,27-05-2025
ORD04815,CUST0668,Ahmedabad,32:07.0,Cash on Delivery,Delivered,23-07-2025
ORD04419,CUST0271,Delhi,40:14.1,UPI,Delivered,29-05-2025
ORD04034,CUST0626,Pune,36:07.6,Cash on Delivery,Delivered,31-03-2026
ORD02993,CUST0377,Lucknow,21:39.2,UPI,Delivered,27-08-2025
ORD04207,CUST0106,Hyderabad,40:16.1,Debit Card,Delivered,19-04-2025
ORD04978,CUST0890,Bangalore,13:28.9,UPI,Delivered,08-11-2025
ORD04599,CUST0488,Chennai,41:08.9,UPI,Delivered,16-01-2026
ORD01785,CUST0308,Lucknow,58:52.6,Debit Card,Delivered,23-11-2025
ORD01273,CUST0273,Jaipur,42:50.5,Cash on Delivery,Delivered,01-09-2025
ORD01276,CUST0043,Chennai,54:00.6,Nykaa Wallet,Delivered,14-06-2025
ORD04851,CUST0013,Chennai,18:49.8,Credit Card,Delivered,17-12-2025
ORD03473,CUST0438,Hyderabad,39:02.9,EMI,Returned,23-03-2026
ORD04727,CUST0206,Lucknow,58:06.0,Nykaa Wallet,Returned,06-05-2025
ORD00148,CUST0964,Kolkata,22:35.6,Credit Card,Delivered,19-06-2025
ORD03255,CUST0967,Jaipur,17:52.3,Credit Card,Delivered,06-09-2025
ORD00341,CUST0255,Delhi,51:05.7,Nykaa Wallet,Delivered,14-08-2025
ORD04042,CUST0969,Lucknow,03:42.4,EMI,Delivered,20-05-2025
ORD00680,CUST0849,Lucknow,23:42.0,UPI,Returned,06-06-2025
ORD03125,CUST0014,Delhi,09:28.9,UPI,Returned,28-12-2025
ORD01806,CUST0161,Mumbai,47:33.2,Cash on Delivery,Delivered,11-08-2025
ORD01108,CUST0903,Jaipur,29:02.1,Nykaa Wallet,Delivered,06-06-2025
ORD02473,CUST0446,Pune,43:32.9,Credit Card,Cancelled,24-04-2025
ORD00449,CUST0830,Pune,22:53.3,Nykaa Wallet,Delivered,10-09-2025
ORD04096,CUST0712,Ahmedabad,42:50.4,UPI,Returned,21-05-2025
ORD00089,CUST0477,Lucknow,46:30.9,Credit Card,Delivered,11-02-2026
ORD01528,CUST0760,Ahmedabad,45:55.1,Nykaa Wallet,Delivered,30-12-2025
ORD00639,CUST0186,Mumbai,52:22.3,Debit Card,Delivered,06-12-2025
ORD04873,CUST0602,Bangalore,43:13.7,Nykaa Wallet,Delivered,12-09-2025
ORD02421,CUST0260,Mumbai,43:30.5,Credit Card,Cancelled,09-12-2025
ORD03000,CUST0585,Ahmedabad,38:30.7,UPI,Delivered,13-07-2025
ORD04456,CUST0867,Jaipur,27:05.5,Nykaa Wallet,Delivered,27-12-2025
ORD00029,CUST0732,Kolkata,44:07.6,EMI,Delivered,22-09-2025
ORD02369,CUST0234,Hyderabad,20:54.0,Credit Card,Delivered,07-12-2025
ORD02494,CUST0986,Pune,27:08.9,EMI,Delivered,29-10-2025
ORD03069,CUST0479,Jaipur,59:24.7,EMI,Delivered,11-02-2026
ORD00418,CUST0957,Hyderabad,24:18.1,EMI,Delivered,05-01-2026
ORD00232,CUST0770,Ahmedabad,37:24.4,Credit Card,Delivered,02-06-2025
ORD04578,CUST0393,Chennai,20:18.6,Debit Card,Delivered,30-09-2025
ORD04919,CUST0688,Delhi,08:35.2,Nykaa Wallet,Cancelled,14-02-2026
ORD01556,CUST0934,Lucknow,25:01.9,Credit Card,Delivered,14-01-2026
ORD04356,CUST0942,Lucknow,39:17.5,Cash on Delivery,Delivered,30-09-2025
ORD04188,CUST0762,Ahmedabad,31:25.2,Credit Card,Delivered,16-07-2025
ORD04122,CUST0284,Hyderabad,02:17.4,Debit Card,Delivered,16-02-2026
ORD04496,CUST0832,Ahmedabad,57:34.1,Debit Card,Delivered,21-03-2026
ORD02425,CUST0321,Lucknow,22:43.4,EMI,Delivered,26-07-2025
ORD03845,CUST0098,Jaipur,12:40.8,EMI,Delivered,09-04-2025
ORD02418,CUST0848,Ahmedabad,24:44.5,Nykaa Wallet,Delivered,19-02-2026
ORD00237,CUST0376,Hyderabad,54:41.1,Debit Card,Delivered,13-07-2025
ORD01894,CUST0231,Kolkata,29:16.9,EMI,Delivered,16-05-2025
ORD03893,CUST0039,Delhi,51:48.4,Nykaa Wallet,Delivered,12-08-2025
ORD01696,CUST0768,Ahmedabad,38:11.5,UPI,Returned,03-11-2025
ORD04267,CUST0126,Jaipur,28:33.5,EMI,Cancelled,08-07-2025
ORD02584,CUST0165,Pune,19:02.4,UPI,Delivered,06-01-2026
ORD02046,CUST0573,Bangalore,46:13.6,Cash on Delivery,Delivered,04-07-2025
ORD02753,CUST0642,Mumbai,51:58.3,Nykaa Wallet,Returned,22-04-2025
ORD02499,CUST0546,Kolkata,11:58.5,UPI,Returned,19-02-2026
ORD02183,CUST0821,Delhi,10:01.0,EMI,Returned,19-09-2025
ORD04047,CUST0757,Pune,31:53.5,Debit Card,Delivered,18-02-2026
ORD01687,CUST0533,Pune,58:13.4,Nykaa Wallet,Delivered,12-07-2025
ORD03575,CUST0129,Pune,08:09.4,Credit Card,Delivered,11-03-2026
ORD03290,CUST0522,Mumbai,09:35.6,EMI,Delivered,22-09-2025
ORD00471,CUST0784,Hyderabad,17:10.7,EMI,Delivered,13-10-2025
ORD02146,CUST0243,Lucknow,50:15.0,Nykaa Wallet,Returned,11-12-2025
ORD02860,CUST0653,Bangalore,21:34.2,Debit Card,Cancelled,25-11-2025
ORD00082,CUST0614,Delhi,55:52.8,Nykaa Wallet,Returned,09-07-2025
ORD04085,CUST0204,Delhi,10:14.1,Credit Card,Delivered,25-11-2025
ORD04986,CUST0125,Lucknow,30:06.6,Nykaa Wallet,Delivered,18-08-2025
ORD04916,CUST0391,Ahmedabad,40:16.1,Credit Card,Cancelled,30-12-2025
ORD03680,CUST0386,Ahmedabad,39:11.5,UPI,Delivered,08-11-2025
ORD00862,CUST0920,Delhi,28:08.9,Debit Card,Delivered,28-11-2025
ORD01072,CUST0994,Ahmedabad,48:39.8,Credit Card,Delivered,22-10-2025
ORD00463,CUST0891,Delhi,50:46.4,EMI,Delivered,16-05-2025
ORD00595,CUST0783,Kolkata,21:56.9,Nykaa Wallet,Delivered,01-05-2025
ORD02193,CUST0709,Ahmedabad,37:49.9,Debit Card,Delivered,13-10-2025
ORD00681,CUST0162,Jaipur,04:31.8,Debit Card,Cancelled,22-10-2025
ORD02825,CUST0493,Bangalore,46:12.0,Cash on Delivery,Delivered,09-08-2025
ORD04467,CUST0699,Jaipur,55:05.0,Cash on Delivery,Delivered,01-12-2025
ORD04092,CUST0287,Delhi,59:18.6,Nykaa Wallet,Delivered,20-06-2025
ORD00347,CUST0379,Chennai,57:41.2,Credit Card,Delivered,06-02-2026
ORD04567,CUST0399,Ahmedabad,39:43.8,EMI,Delivered,30-01-2026
ORD04707,CUST0210,Lucknow,40:34.8,Debit Card,Delivered,12-06-2025
ORD01596,CUST0601,Delhi,58:06.6,Credit Card,Delivered,21-06-2025
ORD01161,CUST0254,Bangalore,30:47.4,Credit Card,Cancelled,25-08-2025
ORD04613,CUST0640,Jaipur,14:29.7,Credit Card,Delivered,10-09-2025
ORD03296,CUST0066,Delhi,02:33.1,Nykaa Wallet,Returned,25-02-2026
ORD00125,CUST0742,Ahmedabad,44:59.6,Debit Card,Delivered,20-11-2025
ORD02646,CUST0516,Jaipur,18:33.4,EMI,Delivered,26-02-2026
ORD04229,CUST0723,Mumbai,37:03.1,EMI,Delivered,18-05-2025
ORD01490,CUST0669,Ahmedabad,16:34.8,EMI,Delivered,20-06-2025
ORD03637,CUST0777,Ahmedabad,30:36.4,UPI,Delivered,17-05-2025
ORD03648,CUST0822,Jaipur,10:56.4,Credit Card,Cancelled,22-03-2026
ORD00300,CUST0679,Bangalore,14:58.5,Credit Card,Delivered,05-03-2026
ORD04120,CUST0524,Pune,39:37.7,Credit Card,Delivered,23-03-2026
ORD00950,CUST0595,Mumbai,37:25.3,EMI,Delivered,05-06-2025
ORD02573,CUST0738,Chennai,26:32.3,Debit Card,Delivered,25-06-2025
ORD01257,CUST0959,Ahmedabad,51:59.5,Cash on Delivery,Delivered,21-07-2025
ORD04336,CUST0402,Jaipur,28:11.3,Debit Card,Returned,01-02-2026
ORD00815,CUST0868,Delhi,38:50.7,Debit Card,Delivered,24-06-2025
ORD01272,CUST0861,Jaipur,52:16.0,EMI,Delivered,16-12-2025
ORD00702,CUST0889,Pune,12:53.3,Credit Card,Cancelled,08-12-2025
ORD00562,CUST0569,Mumbai,22:56.5,UPI,Delivered,08-12-2025
ORD02333,CUST0842,Bangalore,31:22.9,EMI,Delivered,02-06-2025
ORD04649,CUST0880,Bangalore,34:20.5,Debit Card,Delivered,05-12-2025
ORD00020,CUST0879,Chennai,42:48.7,UPI,Delivered,03-03-2026
ORD03791,CUST0895,Mumbai,32:41.5,Cash on Delivery,Delivered,29-07-2025
ORD03808,CUST0862,Ahmedabad,31:58.5,EMI,Delivered,09-01-2026
ORD00144,CUST0905,Mumbai,16:08.4,Cash on Delivery,Delivered,11-04-2025
ORD04706,CUST0020,Kolkata,11:42.6,EMI,Delivered,23-11-2025
ORD04258,CUST0388,Bangalore,21:49.3,UPI,Delivered,20-12-2025
ORD02468,CUST0996,Mumbai,38:01.9,Cash on Delivery,Returned,12-08-2025
ORD02648,CUST0608,Bangalore,30:00.1,EMI,Delivered,31-07-2025
ORD01167,CUST0196,Kolkata,20:38.1,UPI,Delivered,15-03-2026
ORD02875,CUST0966,Mumbai,39:25.2,UPI,Delivered,06-05-2025
ORD01278,CUST0147,Lucknow,34:23.2,Debit Card,Returned,16-04-2025
ORD03531,CUST0177,Lucknow,47:37.5,Credit Card,Returned,15-09-2025
ORD01852,CUST0307,Lucknow,07:52.6,Credit Card,Delivered,06-02-2026
ORD02508,CUST0936,Pune,48:33.5,Debit Card,Delivered,06-03-2026
ORD03622,CUST0422,Mumbai,56:47.1,UPI,Delivered,31-03-2026
ORD04199,CUST0847,Chennai,02:51.2,UPI,Delivered,30-01-2026
ORD00591,CUST0547,Mumbai,45:23.7,Credit Card,Delivered,08-03-2026
ORD02862,CUST0615,Pune,55:38.2,Debit Card,Delivered,18-12-2025
ORD03454,CUST0913,Lucknow,41:21.9,UPI,Delivered,13-11-2025
ORD04300,CUST0110,Lucknow,04:47.5,UPI,Cancelled,24-01-2026
ORD03153,CUST0242,Pune,44:15.5,UPI,Delivered,04-11-2025
ORD04906,CUST0098,Jaipur,55:48.1,Cash on Delivery,Delivered,17-01-2026
ORD00454,CUST0377,Lucknow,36:32.1,Debit Card,Delivered,28-06-2025
ORD04007,CUST0101,Chennai,05:19.4,UPI,Delivered,02-05-2025
ORD02000,CUST0979,Hyderabad,56:39.7,Cash on Delivery,Returned,04-09-2025
ORD04822,CUST0723,Mumbai,25:55.5,Debit Card,Cancelled,16-12-2025
ORD01067,CUST0422,Mumbai,06:39.6,UPI,Delivered,12-11-2025
ORD01474,CUST0735,Chennai,19:17.3,Credit Card,Cancelled,21-04-2025
ORD02863,CUST0860,Lucknow,05:12.3,Debit Card,Delivered,16-08-2025
ORD00205,CUST0695,Lucknow,02:22.6,Cash on Delivery,Cancelled,16-08-2025
ORD04849,CUST0505,Lucknow,49:37.8,UPI,Delivered,20-12-2025
ORD00819,CUST0217,Lucknow,35:26.1,Credit Card,Cancelled,26-12-2025
ORD00991,CUST0863,Pune,51:01.8,Cash on Delivery,Delivered,01-06-2025
ORD03009,CUST0819,Pune,56:13.1,Nykaa Wallet,Cancelled,07-12-2025
ORD03142,CUST0232,Mumbai,57:54.1,Debit Card,Delivered,17-08-2025
ORD01464,CUST0396,Kolkata,09:26.0,EMI,Delivered,22-06-2025
ORD04739,CUST0629,Delhi,26:21.7,Cash on Delivery,Delivered,16-12-2025
ORD00338,CUST0042,Ahmedabad,02:33.8,EMI,Cancelled,30-10-2025
ORD00884,CUST0166,Hyderabad,17:01.5,Cash on Delivery,Delivered,17-01-2026
ORD00196,CUST0638,Ahmedabad,05:14.6,Credit Card,Returned,24-01-2026
ORD00572,CUST0141,Delhi,52:05.3,Debit Card,Delivered,04-11-2025
ORD01381,CUST0089,Jaipur,19:59.1,Cash on Delivery,Delivered,11-11-2025
ORD00281,CUST0669,Ahmedabad,28:30.1,Debit Card,Delivered,12-03-2026
ORD02571,CUST0140,Ahmedabad,10:32.8,UPI,Delivered,27-05-2025
ORD00485,CUST0357,Ahmedabad,35:05.3,Nykaa Wallet,Delivered,04-12-2025
ORD02743,CUST0071,Jaipur,56:10.7,Nykaa Wallet,Delivered,21-04-2025
ORD03299,CUST0435,Chennai,00:01.9,Debit Card,Delivered,05-08-2025
ORD02060,CUST0919,Pune,40:15.5,Nykaa Wallet,Cancelled,07-11-2025
ORD03754,CUST0871,Ahmedabad,40:55.8,Cash on Delivery,Delivered,17-03-2026
ORD03822,CUST0541,Bangalore,23:45.8,Nykaa Wallet,Cancelled,28-01-2026
ORD03500,CUST0503,Jaipur,49:11.8,Nykaa Wallet,Delivered,08-05-2025
ORD02030,CUST0875,Kolkata,32:39.2,Nykaa Wallet,Delivered,16-05-2025
ORD01002,CUST0563,Kolkata,01:04.6,Nykaa Wallet,Delivered,23-09-2025
ORD03935,CUST0025,Mumbai,07:48.8,Debit Card,Delivered,20-02-2026
ORD04615,CUST0565,Hyderabad,12:21.4,Credit Card,Delivered,22-02-2026
ORD04232,CUST0191,Ahmedabad,25:09.7,UPI,Delivered,23-08-2025
ORD04418,CUST0284,Hyderabad,29:31.5,EMI,Delivered,21-06-2025
ORD03612,CUST0039,Delhi,53:38.2,Debit Card,Delivered,24-08-2025
ORD02838,CUST0643,Chennai,15:49.6,Cash on Delivery,Delivered,30-08-2025
ORD00642,CUST0951,Bangalore,07:45.7,Debit Card,Delivered,15-08-2025
ORD03931,CUST0226,Hyderabad,20:32.9,Cash on Delivery,Delivered,19-11-2025
ORD00664,CUST0670,Bangalore,57:51.5,Debit Card,Returned,07-11-2025
ORD01608,CUST0752,Mumbai,33:00.7,Nykaa Wallet,Delivered,01-03-2026
ORD00104,CUST0213,Delhi,59:30.1,EMI,Delivered,30-01-2026
ORD03066,CUST0851,Jaipur,48:30.4,EMI,Delivered,16-10-2025
ORD03829,CUST0248,Kolkata,30:55.1,Credit Card,Delivered,11-07-2025
ORD02117,CUST0010,Lucknow,36:30.3,Credit Card,Delivered,28-11-2025
ORD03236,CUST0673,Mumbai,58:27.0,Nykaa Wallet,Delivered,09-02-2026
ORD02751,CUST0808,Chennai,36:10.4,Credit Card,Delivered,10-10-2025
ORD02924,CUST0179,Bangalore,33:43.2,Debit Card,Delivered,03-07-2025
ORD03302,CUST0140,Ahmedabad,15:22.8,Cash on Delivery,Delivered,26-06-2025
ORD00287,CUST0306,Kolkata,11:59.9,EMI,Delivered,02-10-2025
ORD01344,CUST0234,Hyderabad,00:18.3,Nykaa Wallet,Delivered,15-10-2025
ORD02738,CUST0095,Hyderabad,12:16.2,Nykaa Wallet,Delivered,10-04-2025
ORD04190,CUST0203,Ahmedabad,07:25.5,Cash on Delivery,Delivered,14-12-2025
ORD01891,CUST0836,Mumbai,14:39.6,UPI,Delivered,20-12-2025
ORD04140,CUST0561,Chennai,08:18.4,Credit Card,Delivered,02-09-2025
ORD00369,CUST0803,Pune,35:58.8,UPI,Returned,02-12-2025
ORD01293,CUST0182,Pune,47:08.1,Cash on Delivery,Delivered,05-12-2025
ORD03382,CUST0247,Delhi,42:58.8,Nykaa Wallet,Delivered,12-10-2025
ORD01345,CUST0863,Pune,49:10.7,Credit Card,Delivered,25-04-2025
ORD03960,CUST0380,Mumbai,29:34.7,Cash on Delivery,Returned,04-08-2025
ORD03100,CUST0929,Pune,56:44.7,Nykaa Wallet,Delivered,25-01-2026
ORD01682,CUST0461,Bangalore,11:13.7,UPI,Cancelled,08-11-2025
ORD01097,CUST0067,Mumbai,36:27.7,Credit Card,Delivered,26-11-2025
ORD04905,CUST0411,Lucknow,25:27.1,Debit Card,Delivered,15-11-2025
ORD00917,CUST0361,Bangalore,16:29.6,UPI,Delivered,02-01-2026
ORD00046,CUST0175,Delhi,17:43.9,Cash on Delivery,Delivered,19-01-2026
ORD01716,CUST0325,Delhi,24:57.6,Cash on Delivery,Delivered,17-04-2025
ORD04147,CUST0728,Ahmedabad,45:53.5,UPI,Delivered,23-05-2025
ORD00708,CUST0682,Mumbai,35:45.5,EMI,Cancelled,19-10-2025
ORD00985,CUST0927,Chennai,58:13.1,Cash on Delivery,Delivered,31-01-2026
ORD00522,CUST0510,Hyderabad,38:36.3,Credit Card,Delivered,05-10-2025
ORD00766,CUST0661,Bangalore,43:40.2,UPI,Cancelled,02-04-2025
ORD04519,CUST0400,Delhi,29:57.2,EMI,Delivered,21-12-2025
ORD04869,CUST0943,Ahmedabad,56:19.7,Credit Card,Returned,25-07-2025
ORD04756,CUST0535,Delhi,40:07.0,Credit Card,Delivered,26-08-2025
ORD01436,CUST0758,Mumbai,18:21.3,Credit Card,Delivered,05-07-2025
ORD03198,CUST0488,Chennai,02:03.2,Nykaa Wallet,Returned,20-12-2025
ORD02301,CUST0190,Chennai,49:21.5,Credit Card,Delivered,19-03-2026
ORD01845,CUST0584,Kolkata,42:09.3,Cash on Delivery,Delivered,25-10-2025
ORD03210,CUST0192,Mumbai,18:32.0,UPI,Delivered,02-01-2026
ORD02209,CUST0206,Lucknow,22:34.9,Debit Card,Cancelled,07-01-2026
ORD01242,CUST0662,Jaipur,26:04.0,UPI,Delivered,18-06-2025
ORD01688,CUST0886,Kolkata,54:44.5,UPI,Cancelled,28-07-2025
ORD04755,CUST0604,Pune,50:46.2,Nykaa Wallet,Delivered,14-02-2026
ORD02509,CUST0910,Jaipur,10:00.9,UPI,Returned,18-08-2025
ORD04677,CUST0766,Ahmedabad,08:22.8,Credit Card,Delivered,11-09-2025
ORD03163,CUST0208,Mumbai,28:44.8,Cash on Delivery,Delivered,24-08-2025
ORD02342,CUST0254,Bangalore,32:04.5,EMI,Returned,21-06-2025
ORD00478,CUST0388,Bangalore,44:04.3,EMI,Delivered,20-08-2025
ORD01902,CUST0835,Chennai,32:15.8,EMI,Delivered,18-08-2025
ORD04661,CUST0250,Lucknow,46:12.0,Nykaa Wallet,Delivered,01-11-2025
ORD02167,CUST0799,Pune,17:32.6,Credit Card,Delivered,12-12-2025
ORD04037,CUST0045,Pune,49:07.0,Debit Card,Cancelled,02-02-2026
ORD00004,CUST0380,Mumbai,31:27.3,EMI,Delivered,26-03-2026
ORD04871,CUST0900,Lucknow,49:33.4,Cash on Delivery,Delivered,04-06-2025
ORD00926,CUST0703,Bangalore,00:02.2,Cash on Delivery,Delivered,16-10-2025
ORD01896,CUST0418,Delhi,54:54.8,Cash on Delivery,Delivered,30-06-2025
ORD04279,CUST0879,Chennai,14:32.3,Credit Card,Delivered,06-11-2025
ORD01588,CUST0503,Jaipur,03:01.4,Credit Card,Delivered,23-06-2025
ORD03488,CUST0226,Hyderabad,01:11.3,Debit Card,Delivered,26-02-2026
ORD03858,CUST0933,Lucknow,33:00.4,UPI,Delivered,22-09-2025
ORD00902,CUST0044,Delhi,41:15.4,Nykaa Wallet,Delivered,06-09-2025
ORD01034,CUST0101,Chennai,45:33.3,Nykaa Wallet,Returned,08-01-2026
ORD01971,CUST0447,Jaipur,50:54.5,Debit Card,Delivered,01-12-2025
ORD00098,CUST0242,Pune,37:12.4,UPI,Delivered,03-07-2025
ORD01769,CUST0681,Hyderabad,44:32.1,EMI,Delivered,22-06-2025
ORD04002,CUST0235,Delhi,49:34.0,Nykaa Wallet,Delivered,26-03-2026
ORD01956,CUST0137,Lucknow,44:36.6,UPI,Delivered,22-06-2025
ORD02474,CUST0173,Bangalore,40:59.6,Credit Card,Delivered,08-10-2025
ORD01347,CUST0618,Delhi,58:11.7,UPI,Delivered,11-09-2025
ORD04918,CUST0851,Jaipur,14:18.9,UPI,Delivered,06-04-2025
ORD00648,CUST0656,Hyderabad,12:43.2,Cash on Delivery,Cancelled,12-10-2025
ORD04645,CUST0790,Mumbai,36:15.4,Credit Card,Delivered,19-02-2026
ORD00816,CUST0478,Ahmedabad,05:43.0,UPI,Delivered,09-12-2025
ORD03671,CUST0637,Chennai,34:41.8,Nykaa Wallet,Cancelled,15-01-2026
ORD03905,CUST0765,Bangalore,02:06.8,Cash on Delivery,Delivered,03-07-2025
ORD00583,CUST0848,Ahmedabad,09:17.2,Credit Card,Returned,13-10-2025
ORD00117,CUST0164,Chennai,25:18.6,EMI,Cancelled,12-09-2025
ORD04253,CUST0168,Bangalore,35:43.0,Credit Card,Delivered,09-07-2025
ORD04367,CUST0619,Delhi,50:43.9,Cash on Delivery,Delivered,27-11-2025
ORD04430,CUST0473,Jaipur,40:47.7,Credit Card,Cancelled,18-11-2025
ORD00558,CUST0685,Lucknow,26:23.7,EMI,Delivered,05-03-2026
ORD04730,CUST0930,Hyderabad,26:07.3,UPI,Delivered,16-05-2025
ORD00511,CUST0917,Delhi,35:51.4,Debit Card,Returned,05-04-2025
ORD04539,CUST0697,Pune,10:04.8,EMI,Delivered,10-07-2025
ORD02196,CUST0594,Pune,17:38.6,UPI,Delivered,04-11-2025
ORD02596,CUST0618,Delhi,49:36.9,Nykaa Wallet,Delivered,14-06-2025
ORD02251,CUST0592,Jaipur,12:45.2,EMI,Delivered,08-06-2025
ORD04286,CUST0794,Chennai,14:42.9,Credit Card,Delivered,23-07-2025
ORD01670,CUST0666,Bangalore,30:21.9,EMI,Delivered,11-11-2025
ORD02267,CUST0079,Chennai,39:37.9,Cash on Delivery,Cancelled,09-07-2025
ORD01627,CUST0048,Jaipur,57:08.6,Credit Card,Delivered,20-06-2025
ORD00911,CUST0467,Bangalore,55:29.9,UPI,Cancelled,14-05-2025
ORD02855,CUST0670,Bangalore,24:29.4,Cash on Delivery,Cancelled,03-01-2026
ORD00283,CUST0427,Hyderabad,18:05.4,Nykaa Wallet,Delivered,19-07-2025
ORD01763,CUST0276,Ahmedabad,37:45.5,Cash on Delivery,Delivered,20-09-2025
ORD00625,CUST0931,Kolkata,38:03.6,Cash on Delivery,Delivered,30-09-2025
ORD02241,CUST0591,Chennai,02:35.2,EMI,Delivered,25-11-2025
ORD04273,CUST0353,Pune,17:16.9,EMI,Returned,08-07-2025
ORD04674,CUST0054,Ahmedabad,09:02.1,Cash on Delivery,Delivered,25-01-2026
ORD01713,CUST0495,Hyderabad,08:31.6,Credit Card,Cancelled,08-07-2025
ORD01367,CUST0447,Jaipur,56:36.1,Cash on Delivery,Delivered,17-08-2025
ORD02737,CUST0817,Hyderabad,46:06.9,Debit Card,Delivered,07-02-2026
ORD04930,CUST0484,Pune,04:58.4,Debit Card,Delivered,18-10-2025
ORD01801,CUST0780,Kolkata,15:41.1,Nykaa Wallet,Cancelled,05-09-2025
ORD04415,CUST0510,Hyderabad,42:28.8,Debit Card,Delivered,18-02-2026
ORD03003,CUST0297,Bangalore,35:55.8,Credit Card,Delivered,11-01-2026
ORD03425,CUST0637,Chennai,43:22.8,Debit Card,Delivered,25-05-2025
ORD03148,CUST0730,Kolkata,52:38.8,Debit Card,Delivered,10-08-2025
ORD02431,CUST0444,Pune,59:25.1,Credit Card,Delivered,24-01-2026
ORD01058,CUST0821,Delhi,54:39.7,Cash on Delivery,Delivered,15-03-2026
ORD01960,CUST0851,Jaipur,57:33.3,EMI,Delivered,19-09-2025
ORD00928,CUST0459,Mumbai,32:38.5,EMI,Delivered,21-11-2025
ORD04515,CUST0233,Ahmedabad,27:29.4,Cash on Delivery,Delivered,05-11-2025
ORD01900,CUST0361,Bangalore,15:30.5,UPI,Delivered,26-09-2025
ORD00638,CUST0432,Jaipur,40:52.1,Debit Card,Delivered,10-02-2026
ORD04700,CUST0515,Mumbai,42:56.2,Credit Card,Returned,17-09-2025
ORD01593,CUST0455,Hyderabad,46:51.2,EMI,Delivered,22-02-2026
ORD01083,CUST0548,Pune,24:17.9,EMI,Delivered,11-06-2025
ORD00451,CUST0382,Bangalore,12:06.7,EMI,Delivered,27-08-2025
ORD00294,CUST0029,Ahmedabad,35:04.4,Nykaa Wallet,Delivered,05-02-2026
ORD04474,CUST0524,Pune,48:08.8,Debit Card,Delivered,19-04-2025
ORD00351,CUST0582,Ahmedabad,54:45.6,EMI,Delivered,01-10-2025
ORD02424,CUST0583,Mumbai,12:32.9,UPI,Returned,03-07-2025
ORD02019,CUST0866,Delhi,25:50.8,Nykaa Wallet,Cancelled,22-04-2025
ORD01768,CUST0880,Bangalore,46:30.8,UPI,Delivered,07-08-2025
ORD03886,CUST0750,Chennai,35:10.7,UPI,Returned,22-02-2026
ORD02386,CUST0701,Mumbai,24:49.8,Debit Card,Returned,11-07-2025
ORD03734,CUST0819,Pune,31:31.7,UPI,Delivered,23-06-2025
ORD02097,CUST0986,Pune,16:34.0,EMI,Delivered,14-07-2025
ORD00651,CUST0434,Bangalore,41:26.7,Cash on Delivery,Delivered,28-04-2025
ORD03399,CUST0446,Pune,22:26.7,UPI,Delivered,10-10-2025
ORD00525,CUST0965,Delhi,17:48.3,Cash on Delivery,Cancelled,07-12-2025
ORD03228,CUST0135,Lucknow,31:21.0,Nykaa Wallet,Delivered,11-09-2025
ORD04330,CUST0200,Mumbai,03:09.4,Nykaa Wallet,Delivered,27-01-2026
ORD02600,CUST0839,Kolkata,03:59.8,Nykaa Wallet,Cancelled,04-12-2025
ORD01580,CUST0453,Ahmedabad,50:38.3,Nykaa Wallet,Delivered,11-09-2025
ORD01907,CUST0975,Pune,20:57.9,Credit Card,Delivered,20-07-2025
ORD04327,CUST0706,Kolkata,24:25.6,Debit Card,Delivered,01-09-2025
ORD03098,CUST0756,Bangalore,28:23.0,Credit Card,Delivered,03-11-2025
ORD00123,CUST0075,Pune,57:40.4,Cash on Delivery,Delivered,06-01-2026
ORD00684,CUST0825,Jaipur,41:22.8,Nykaa Wallet,Delivered,12-04-2025
ORD03231,CUST0542,Mumbai,53:56.1,Debit Card,Delivered,13-05-2025
ORD02741,CUST0923,Chennai,03:40.9,Credit Card,Delivered,28-05-2025
ORD04722,CUST0421,Jaipur,03:23.4,Cash on Delivery,Delivered,21-04-2025
ORD01899,CUST0321,Lucknow,14:24.7,Cash on Delivery,Returned,07-06-2025
ORD01827,CUST0153,Delhi,16:07.6,Nykaa Wallet,Cancelled,11-11-2025
ORD03866,CUST0713,Pune,49:43.1,Cash on Delivery,Returned,14-08-2025
ORD04528,CUST0755,Hyderabad,38:22.4,Credit Card,Delivered,09-11-2025
ORD04777,CUST0431,Bangalore,58:38.6,UPI,Delivered,11-09-2025
ORD00620,CUST0777,Ahmedabad,22:23.2,Credit Card,Cancelled,15-04-2025
ORD02801,CUST0833,Ahmedabad,37:38.6,Credit Card,Delivered,19-12-2025
ORD01292,CUST0834,Hyderabad,06:07.6,Credit Card,Returned,06-01-2026
ORD02819,CUST0475,Chennai,24:40.8,UPI,Delivered,14-07-2025
ORD03980,CUST0851,Jaipur,19:01.8,Debit Card,Delivered,16-05-2025
ORD03157,CUST0122,Jaipur,15:45.4,Credit Card,Returned,31-12-2025
ORD03397,CUST0295,Lucknow,45:03.7,Nykaa Wallet,Delivered,14-06-2025
ORD02197,CUST0013,Chennai,38:59.0,Credit Card,Delivered,18-10-2025
ORD00368,CUST0134,Pune,48:45.7,EMI,Delivered,03-04-2025
ORD04543,CUST0190,Chennai,15:11.0,Credit Card,Delivered,26-07-2025
ORD00379,CUST0991,Kolkata,22:31.7,Credit Card,Delivered,09-07-2025
ORD02906,CUST0299,Delhi,34:26.4,Cash on Delivery,Delivered,03-09-2025
ORD03151,CUST0538,Hyderabad,08:07.9,Debit Card,Delivered,18-09-2025
ORD03653,CUST0381,Hyderabad,30:13.5,Credit Card,Delivered,31-10-2025
ORD04864,CUST0152,Delhi,21:06.6,Nykaa Wallet,Returned,25-11-2025
ORD03535,CUST0484,Pune,50:27.2,Credit Card,Delivered,09-02-2026
ORD01810,CUST0027,Chennai,43:52.3,Nykaa Wallet,Delivered,19-05-2025
ORD02528,CUST0286,Chennai,37:46.9,UPI,Returned,19-01-2026
ORD04888,CUST0178,Pune,34:45.9,Credit Card,Delivered,14-02-2026
ORD00822,CUST0623,Delhi,47:40.5,UPI,Delivered,22-08-2025
ORD00409,CUST0641,Pune,43:46.5,Cash on Delivery,Delivered,08-10-2025
ORD04497,CUST0858,Mumbai,33:56.2,Credit Card,Delivered,26-12-2025
ORD03672,CUST0678,Bangalore,42:02.3,Nykaa Wallet,Delivered,03-05-2025
ORD03171,CUST0963,Bangalore,18:57.8,Credit Card,Cancelled,26-07-2025
ORD02837,CUST0944,Bangalore,06:24.3,Nykaa Wallet,Returned,27-10-2025
ORD00527,CUST0259,Delhi,25:44.3,Cash on Delivery,Returned,31-08-2025
ORD03336,CUST0367,Mumbai,23:34.1,Cash on Delivery,Delivered,14-09-2025
ORD02731,CUST0274,Jaipur,30:04.5,Debit Card,Delivered,24-09-2025
ORD02164,CUST0405,Mumbai,59:00.5,EMI,Returned,30-03-2026
ORD02815,CUST0668,Ahmedabad,23:23.7,Nykaa Wallet,Returned,25-12-2025
ORD01421,CUST0692,Delhi,55:14.1,Debit Card,Delivered,11-11-2025
ORD04774,CUST0599,Pune,03:16.6,UPI,Delivered,11-11-2025
ORD01635,CUST0720,Bangalore,17:41.8,Credit Card,Delivered,11-04-2025
ORD02808,CUST0655,Hyderabad,55:26.5,Credit Card,Returned,14-07-2025
ORD03164,CUST0872,Bangalore,39:56.0,UPI,Cancelled,09-01-2026
ORD04012,CUST0090,Jaipur,16:12.2,EMI,Delivered,12-05-2025
ORD04086,CUST0500,Ahmedabad,15:35.0,UPI,Delivered,15-07-2025
ORD01355,CUST0296,Kolkata,07:15.6,Debit Card,Delivered,06-12-2025
ORD01808,CUST0766,Ahmedabad,12:54.4,Nykaa Wallet,Delivered,27-12-2025
ORD03027,CUST0566,Lucknow,48:45.5,UPI,Cancelled,03-05-2025
ORD01042,CUST0967,Jaipur,13:16.8,Cash on Delivery,Delivered,14-03-2026
ORD03692,CUST0178,Pune,24:04.2,Nykaa Wallet,Delivered,13-04-2025
ORD04220,CUST0541,Bangalore,33:43.8,Cash on Delivery,Delivered,04-01-2026
ORD01671,CUST0446,Pune,45:23.4,EMI,Delivered,05-07-2025
ORD02988,CUST0250,Lucknow,18:01.2,Debit Card,Delivered,25-04-2025
ORD01222,CUST0711,Pune,44:00.3,EMI,Delivered,01-11-2025
ORD04828,CUST0818,Delhi,22:05.7,UPI,Returned,20-08-2025
ORD04328,CUST0721,Kolkata,43:52.3,Debit Card,Delivered,20-08-2025
ORD01353,CUST0133,Hyderabad,30:04.3,Cash on Delivery,Delivered,07-06-2025
ORD01409,CUST0125,Lucknow,17:56.3,Debit Card,Delivered,02-12-2025
ORD03585,CUST0126,Jaipur,33:22.7,Debit Card,Delivered,29-05-2025
ORD02330,CUST0913,Lucknow,01:41.0,UPI,Delivered,27-05-2025
ORD02601,CUST0807,Delhi,56:29.5,Debit Card,Delivered,20-07-2025
ORD04569,CUST0912,Ahmedabad,10:25.7,Debit Card,Delivered,19-10-2025
ORD04596,CUST0199,Pune,37:23.9,Debit Card,Delivered,20-01-2026
ORD00786,CUST0330,Jaipur,01:45.5,Credit Card,Delivered,06-07-2025
ORD01943,CUST0945,Pune,05:55.3,Nykaa Wallet,Delivered,21-09-2025
ORD03414,CUST0391,Ahmedabad,51:15.0,Credit Card,Delivered,19-09-2025
ORD04132,CUST0707,Kolkata,12:34.7,UPI,Delivered,30-05-2025
ORD01610,CUST0473,Jaipur,46:53.8,Cash on Delivery,Delivered,25-06-2025
ORD04090,CUST0415,Lucknow,02:31.2,EMI,Delivered,02-01-2026
ORD01776,CUST0737,Pune,16:54.9,Debit Card,Returned,07-08-2025
ORD03286,CUST0833,Ahmedabad,52:29.9,Cash on Delivery,Delivered,03-07-2025
ORD03830,CUST0013,Chennai,08:38.3,Nykaa Wallet,Delivered,05-08-2025
ORD03887,CUST0867,Jaipur,22:23.6,EMI,Delivered,07-12-2025
ORD03515,CUST0940,Bangalore,40:08.2,Debit Card,Delivered,13-12-2025
ORD01872,CUST0635,Chennai,44:04.7,UPI,Delivered,13-08-2025
ORD03239,CUST0982,Mumbai,24:03.5,Credit Card,Delivered,01-01-2026
ORD01063,CUST0190,Chennai,53:14.1,Cash on Delivery,Delivered,16-05-2025
ORD04038,CUST0048,Jaipur,10:18.4,Debit Card,Delivered,08-03-2026
ORD01728,CUST0705,Jaipur,19:29.5,EMI,Delivered,19-05-2025
ORD04421,CUST0006,Delhi,05:14.3,Cash on Delivery,Delivered,19-04-2025
ORD00881,CUST0123,Bangalore,36:37.1,Nykaa Wallet,Delivered,28-07-2025
ORD01258,CUST0962,Hyderabad,32:44.5,Credit Card,Delivered,12-03-2026
ORD03867,CUST0261,Lucknow,07:23.4,Nykaa Wallet,Delivered,20-02-2026
ORD04248,CUST0647,Chennai,32:01.1,UPI,Delivered,20-01-2026
ORD02214,CUST0690,Lucknow,19:55.5,Cash on Delivery,Cancelled,17-01-2026
ORD03276,CUST0127,Lucknow,08:05.6,Debit Card,Delivered,08-10-2025
ORD02318,CUST0096,Ahmedabad,37:47.0,Cash on Delivery,Delivered,19-08-2025
ORD00832,CUST0860,Lucknow,25:20.8,Nykaa Wallet,Delivered,31-07-2025
ORD03547,CUST0360,Lucknow,52:35.6,Debit Card,Returned,18-04-2025
ORD01082,CUST0539,Bangalore,13:04.0,Cash on Delivery,Delivered,05-10-2025
ORD03658,CUST0873,Ahmedabad,12:57.9,UPI,Returned,01-08-2025
ORD03005,CUST0914,Pune,53:01.6,Nykaa Wallet,Delivered,22-09-2025
ORD02901,CUST0255,Delhi,51:13.0,Cash on Delivery,Cancelled,31-03-2026
ORD00211,CUST0917,Delhi,18:16.3,Cash on Delivery,Delivered,23-11-2025
ORD00349,CUST0119,Pune,29:01.2,UPI,Delivered,18-06-2025
ORD02228,CUST0214,Jaipur,05:22.9,Debit Card,Returned,16-03-2026
ORD00479,CUST0129,Pune,13:48.1,Cash on Delivery,Cancelled,03-03-2026
ORD02189,CUST0435,Chennai,16:42.7,EMI,Delivered,25-11-2025
ORD00057,CUST0254,Bangalore,52:45.0,UPI,Delivered,09-02-2026
ORD03304,CUST0503,Jaipur,52:52.8,Credit Card,Delivered,08-01-2026
ORD00715,CUST0939,Mumbai,46:50.8,Cash on Delivery,Cancelled,25-11-2025
ORD02096,CUST0379,Chennai,37:09.0,Cash on Delivery,Cancelled,23-10-2025
ORD00952,CUST0761,Pune,58:18.6,Debit Card,Delivered,24-11-2025
ORD04352,CUST0107,Hyderabad,12:04.1,Cash on Delivery,Delivered,27-04-2025
ORD01885,CUST0416,Ahmedabad,13:45.7,Debit Card,Delivered,27-01-2026
ORD01927,CUST0167,Delhi,23:41.1,UPI,Delivered,21-04-2025
ORD02212,CUST0442,Pune,28:28.8,Nykaa Wallet,Delivered,07-01-2026
ORD01110,CUST0492,Ahmedabad,37:59.0,UPI,Delivered,20-07-2025
ORD03279,CUST0806,Ahmedabad,37:16.3,Debit Card,Delivered,18-05-2025
ORD04176,CUST0708,Lucknow,27:00.7,Cash on Delivery,Cancelled,24-03-2026
ORD00737,CUST0838,Chennai,48:53.4,EMI,Delivered,20-01-2026
ORD00513,CUST0878,Bangalore,27:55.1,Cash on Delivery,Returned,01-09-2025
ORD00319,CUST0018,Ahmedabad,48:24.3,Credit Card,Delivered,02-03-2026
ORD01382,CUST0985,Chennai,01:30.6,EMI,Delivered,17-12-2025
ORD04846,CUST0760,Ahmedabad,50:20.3,EMI,Delivered,31-10-2025
ORD03793,CUST0274,Jaipur,16:12.4,Cash on Delivery,Delivered,12-05-2025
ORD01104,CUST0379,Chennai,58:41.5,Cash on Delivery,Delivered,06-06-2025
ORD00861,CUST0052,Jaipur,31:38.0,Credit Card,Cancelled,01-07-2025
ORD00533,CUST0218,Mumbai,43:39.3,Nykaa Wallet,Delivered,16-09-2025
ORD00878,CUST0065,Hyderabad,03:35.8,Cash on Delivery,Cancelled,28-04-2025
ORD04494,CUST0443,Delhi,45:49.7,Nykaa Wallet,Delivered,01-05-2025
ORD03718,CUST0829,Bangalore,43:04.2,Nykaa Wallet,Delivered,26-10-2025
ORD01741,CUST0918,Pune,45:44.4,Credit Card,Delivered,17-07-2025
ORD03904,CUST0498,Pune,57:09.9,UPI,Cancelled,03-05-2025
ORD04036,CUST0432,Jaipur,33:21.1,Nykaa Wallet,Returned,09-05-2025
ORD01711,CUST0764,Kolkata,14:36.9,Debit Card,Delivered,14-05-2025
ORD04799,CUST0972,Jaipur,09:51.0,Credit Card,Delivered,03-05-2025
ORD02122,CUST0904,Ahmedabad,23:32.2,Cash on Delivery,Delivered,29-08-2025
ORD00709,CUST0695,Lucknow,09:01.5,Cash on Delivery,Delivered,03-08-2025
ORD02045,CUST0653,Bangalore,28:57.7,Credit Card,Cancelled,05-12-2025
ORD02779,CUST0037,Pune,58:35.9,Nykaa Wallet,Delivered,25-03-2026
ORD01559,CUST0333,Kolkata,35:40.3,Cash on Delivery,Cancelled,23-02-2026
ORD04691,CUST0384,Bangalore,32:40.7,Credit Card,Delivered,16-05-2025
ORD04490,CUST0476,Mumbai,20:39.2,Credit Card,Delivered,10-07-2025
ORD02204,CUST0812,Ahmedabad,42:05.2,UPI,Delivered,13-04-2025
ORD01012,CUST0977,Lucknow,09:51.1,Nykaa Wallet,Delivered,03-04-2025
ORD01319,CUST0236,Chennai,35:13.2,Nykaa Wallet,Delivered,09-01-2026
ORD03041,CUST0011,Delhi,09:58.4,Nykaa Wallet,Delivered,11-12-2025
ORD02767,CUST0003,Delhi,09:11.9,Nykaa Wallet,Returned,01-11-2025
ORD03888,CUST0230,Jaipur,02:18.0,Credit Card,Delivered,30-07-2025
ORD03392,CUST0788,Pune,08:08.8,UPI,Delivered,19-07-2025
ORD03430,CUST0507,Pune,23:36.4,Debit Card,Returned,23-12-2025
ORD03267,CUST0984,Hyderabad,59:58.8,EMI,Returned,10-02-2026
ORD04633,CUST0329,Pune,35:20.4,Cash on Delivery,Delivered,21-11-2025
ORD00202,CUST0557,Kolkata,44:44.4,Cash on Delivery,Delivered,03-06-2025
ORD04694,CUST0448,Jaipur,50:55.0,Cash on Delivery,Cancelled,02-03-2026
ORD02612,CUST0448,Jaipur,58:57.5,EMI,Returned,07-12-2025
ORD02476,CUST0615,Pune,05:01.6,EMI,Returned,19-08-2025
ORD03807,CUST0852,Pune,01:48.5,EMI,Delivered,13-05-2025
ORD03181,CUST0402,Jaipur,26:34.3,EMI,Cancelled,21-12-2025
ORD00105,CUST0242,Pune,09:55.3,Nykaa Wallet,Delivered,29-01-2026
ORD03167,CUST0549,Chennai,11:57.1,Nykaa Wallet,Delivered,03-12-2025
ORD01375,CUST0980,Ahmedabad,56:26.9,Credit Card,Delivered,09-03-2026
ORD02147,CUST0720,Bangalore,56:55.0,Debit Card,Delivered,06-06-2025
ORD04924,CUST0207,Mumbai,14:53.2,EMI,Delivered,23-07-2025
ORD03102,CUST0010,Lucknow,15:29.0,Nykaa Wallet,Delivered,13-10-2025
ORD01731,CUST0009,Chennai,59:59.1,Cash on Delivery,Delivered,21-02-2026
ORD01552,CUST0243,Lucknow,16:43.2,UPI,Delivered,01-11-2025
ORD03143,CUST0130,Hyderabad,41:09.9,EMI,Delivered,27-09-2025
ORD02642,CUST0812,Ahmedabad,01:28.9,Nykaa Wallet,Delivered,13-10-2025
ORD03597,CUST0419,Hyderabad,53:36.1,Nykaa Wallet,Delivered,23-12-2025
ORD03047,CUST0639,Lucknow,01:53.7,EMI,Delivered,02-02-2026
ORD04572,CUST0328,Jaipur,58:50.6,Debit Card,Delivered,22-09-2025
ORD02857,CUST0943,Ahmedabad,13:56.0,UPI,Delivered,21-05-2025
ORD00657,CUST0755,Hyderabad,19:37.6,Nykaa Wallet,Returned,13-07-2025
ORD04050,CUST0192,Mumbai,04:21.4,EMI,Cancelled,12-05-2025
ORD01487,CUST0454,Ahmedabad,51:20.5,Credit Card,Delivered,18-06-2025
ORD04620,CUST0265,Jaipur,33:31.4,Debit Card,Delivered,14-11-2025
ORD03818,CUST0322,Pune,43:45.8,UPI,Delivered,03-07-2025
ORD01755,CUST0853,Delhi,01:40.0,UPI,Delivered,15-02-2026
ORD00316,CUST0262,Jaipur,03:58.9,Credit Card,Cancelled,10-03-2026
ORD04485,CUST0532,Bangalore,36:00.5,Nykaa Wallet,Delivered,06-06-2025
ORD00465,CUST0671,Jaipur,35:05.8,UPI,Delivered,26-12-2025
ORD01495,CUST0041,Delhi,11:38.2,Debit Card,Delivered,11-09-2025
ORD02291,CUST0348,Pune,57:46.2,EMI,Delivered,01-04-2025
ORD02659,CUST0676,Bangalore,43:20.5,Debit Card,Delivered,25-01-2026
ORD00798,CUST0356,Chennai,09:31.3,Credit Card,Returned,05-09-2025
ORD04939,CUST0879,Chennai,33:05.0,EMI,Delivered,03-06-2025
ORD01090,CUST0280,Mumbai,17:23.6,Credit Card,Delivered,02-12-2025
ORD00131,CUST0604,Pune,14:57.3,UPI,Delivered,14-04-2025
ORD03582,CUST0026,Lucknow,24:11.2,Nykaa Wallet,Delivered,25-11-2025
ORD02998,CUST0979,Hyderabad,26:44.3,UPI,Delivered,19-10-2025
ORD04623,CUST0908,Hyderabad,16:26.8,Cash on Delivery,Cancelled,29-04-2025
ORD02868,CUST0644,Chennai,48:49.8,Debit Card,Delivered,06-12-2025
ORD00586,CUST0129,Pune,59:31.3,EMI,Delivered,25-07-2025
ORD00606,CUST0342,Mumbai,42:17.4,UPI,Returned,12-07-2025
ORD03601,CUST0653,Bangalore,07:31.1,Debit Card,Delivered,07-01-2026
ORD01615,CUST0771,Chennai,00:20.3,Nykaa Wallet,Delivered,13-01-2026
ORD02803,CUST0068,Hyderabad,34:41.2,Nykaa Wallet,Delivered,26-06-2025
ORD03211,CUST0394,Mumbai,38:41.8,UPI,Delivered,28-06-2025
ORD00238,CUST0243,Lucknow,05:57.9,UPI,Delivered,02-05-2025
ORD04453,CUST0993,Kolkata,51:20.7,UPI,Cancelled,25-03-2026
ORD02224,CUST0315,Hyderabad,14:24.0,Debit Card,Delivered,10-10-2025
ORD02123,CUST0101,Chennai,21:32.5,Cash on Delivery,Delivered,09-12-2025
ORD00330,CUST0577,Delhi,49:22.8,Cash on Delivery,Cancelled,14-12-2025
ORD04862,CUST0481,Delhi,53:55.3,Credit Card,Cancelled,09-06-2025
ORD04003,CUST0922,Jaipur,17:01.3,UPI,Delivered,03-01-2026
ORD04443,CUST0233,Ahmedabad,18:40.9,Debit Card,Delivered,29-03-2026
ORD04462,CUST0995,Hyderabad,39:54.9,Cash on Delivery,Cancelled,15-12-2025
ORD03996,CUST0016,Chennai,48:37.0,EMI,Returned,18-05-2025
ORD03920,CUST0564,Chennai,52:24.1,Debit Card,Delivered,13-01-2026
ORD04427,CUST0245,Delhi,40:45.9,Nykaa Wallet,Delivered,31-10-2025
ORD03375,CUST0027,Chennai,33:32.2,Cash on Delivery,Delivered,14-05-2025
ORD04835,CUST0445,Chennai,49:16.9,UPI,Cancelled,30-05-2025
ORD04071,CUST0610,Bangalore,05:19.6,Cash on Delivery,Delivered,14-02-2026
ORD03401,CUST0745,Delhi,55:10.8,Credit Card,Delivered,10-08-2025
ORD01955,CUST0409,Delhi,11:45.9,Debit Card,Delivered,19-06-2025
ORD03301,CUST0055,Hyderabad,38:19.1,Debit Card,Cancelled,12-03-2026
ORD04128,CUST0902,Pune,55:02.9,Nykaa Wallet,Delivered,01-01-2026
ORD03074,CUST0075,Pune,01:32.0,Nykaa Wallet,Delivered,20-08-2025
ORD00975,CUST0327,Delhi,51:44.4,Debit Card,Delivered,16-09-2025
ORD03161,CUST0346,Mumbai,44:02.5,Nykaa Wallet,Delivered,26-11-2025
ORD00924,CUST0149,Ahmedabad,09:40.7,EMI,Delivered,06-10-2025
ORD03992,CUST0888,Delhi,39:56.2,Debit Card,Delivered,31-08-2025
ORD00703,CUST0393,Chennai,10:24.5,Cash on Delivery,Delivered,09-10-2025
ORD00308,CUST0733,Hyderabad,57:49.5,Credit Card,Delivered,16-01-2026
ORD01115,CUST0648,Hyderabad,12:56.9,Credit Card,Delivered,08-11-2025
ORD04227,CUST0206,Lucknow,18:53.9,Nykaa Wallet,Delivered,07-05-2025
ORD01091,CUST0937,Kolkata,44:56.2,Nykaa Wallet,Delivered,25-06-2025
ORD02999,CUST0402,Jaipur,23:16.9,Debit Card,Delivered,13-04-2025
ORD04676,CUST0351,Kolkata,20:06.1,EMI,Delivered,10-02-2026
ORD00599,CUST0961,Delhi,41:56.6,Cash on Delivery,Delivered,02-03-2026
ORD03757,CUST0579,Kolkata,03:47.4,EMI,Delivered,25-11-2025
ORD03232,CUST0646,Kolkata,09:21.2,Nykaa Wallet,Cancelled,04-09-2025
ORD01039,CUST0015,Hyderabad,01:31.0,UPI,Delivered,30-06-2025
ORD02124,CUST0941,Chennai,06:32.4,Debit Card,Returned,28-05-2025
ORD00403,CUST0554,Mumbai,00:37.0,UPI,Cancelled,15-11-2025
ORD03103,CUST0445,Chennai,37:53.3,EMI,Delivered,01-06-2025
ORD00727,CUST0752,Mumbai,03:33.2,Debit Card,Delivered,17-02-2026
ORD03332,CUST0675,Lucknow,37:01.8,Debit Card,Delivered,08-05-2025
ORD02547,CUST0079,Chennai,55:05.5,UPI,Delivered,10-10-2025
ORD02410,CUST0146,Lucknow,23:23.8,Cash on Delivery,Delivered,20-11-2025
ORD00191,CUST0898,Bangalore,28:23.1,Cash on Delivery,Delivered,05-01-2026
ORD01415,CUST0161,Mumbai,28:00.0,EMI,Delivered,26-02-2026
ORD02627,CUST0683,Kolkata,50:38.5,Cash on Delivery,Delivered,05-12-2025
ORD01928,CUST0479,Jaipur,51:36.4,UPI,Delivered,20-12-2025
ORD04062,CUST0958,Ahmedabad,28:29.0,EMI,Delivered,30-07-2025
ORD00753,CUST0822,Jaipur,25:56.4,UPI,Delivered,28-06-2025
ORD01786,CUST0887,Bangalore,25:00.5,EMI,Delivered,15-08-2025
ORD02783,CUST0344,Hyderabad,32:49.3,Nykaa Wallet,Cancelled,02-01-2026
ORD03508,CUST0264,Bangalore,01:11.1,Nykaa Wallet,Delivered,19-11-2025
ORD03450,CUST0135,Lucknow,23:13.3,Debit Card,Delivered,17-05-2025
ORD03356,CUST0187,Mumbai,41:14.5,Nykaa Wallet,Delivered,16-03-2026
ORD02938,CUST0644,Chennai,28:21.2,EMI,Delivered,10-08-2025
ORD04429,CUST0280,Mumbai,16:21.0,Credit Card,Cancelled,01-02-2026
ORD03291,CUST0592,Jaipur,51:58.8,Nykaa Wallet,Delivered,01-03-2026
ORD02014,CUST0326,Ahmedabad,43:25.2,Debit Card,Delivered,05-09-2025
ORD03218,CUST0800,Hyderabad,45:56.0,UPI,Delivered,20-01-2026
ORD01086,CUST0155,Pune,31:32.7,Debit Card,Delivered,03-04-2025
ORD02452,CUST0262,Jaipur,21:57.3,Nykaa Wallet,Delivered,27-07-2025
ORD03726,CUST0716,Mumbai,33:26.2,Cash on Delivery,Delivered,20-09-2025
ORD02851,CUST0680,Mumbai,34:13.8,Debit Card,Returned,17-07-2025
ORD02883,CUST0545,Jaipur,34:04.5,Debit Card,Delivered,15-12-2025
ORD02848,CUST0590,Lucknow,48:16.5,Cash on Delivery,Returned,16-08-2025
ORD04608,CUST0056,Delhi,12:51.6,Cash on Delivery,Delivered,04-12-2025
ORD03569,CUST0526,Lucknow,23:56.3,Cash on Delivery,Delivered,09-07-2025
ORD03921,CUST0320,Chennai,22:41.4,Debit Card,Delivered,23-01-2026
ORD03951,CUST0725,Delhi,09:02.9,Nykaa Wallet,Delivered,20-08-2025
ORD04830,CUST0993,Kolkata,19:23.4,Debit Card,Delivered,12-01-2026
ORD00163,CUST0973,Hyderabad,18:58.9,Nykaa Wallet,Delivered,03-03-2026
ORD04046,CUST0830,Pune,00:10.8,EMI,Delivered,26-08-2025
ORD03732,CUST0215,Pune,10:56.7,Credit Card,Delivered,25-12-2025
ORD02907,CUST0841,Bangalore,11:20.1,EMI,Delivered,11-01-2026
ORD00646,CUST0261,Lucknow,49:37.3,EMI,Delivered,30-09-2025
ORD03962,CUST0427,Hyderabad,25:24.0,UPI,Cancelled,13-03-2026
ORD02933,CUST0142,Hyderabad,05:14.6,Cash on Delivery,Delivered,12-10-2025
ORD03084,CUST0001,Bangalore,55:11.7,Debit Card,Delivered,04-10-2025
ORD02970,CUST0387,Kolkata,20:38.7,Debit Card,Returned,16-09-2025
ORD00505,CUST0118,Mumbai,51:33.7,Cash on Delivery,Delivered,14-03-2026
ORD01434,CUST0431,Bangalore,47:22.1,EMI,Delivered,18-05-2025
ORD00838,CUST0240,Ahmedabad,42:21.1,Debit Card,Delivered,21-11-2025
ORD03722,CUST0748,Bangalore,51:05.2,Nykaa Wallet,Delivered,15-02-2026
ORD00837,CUST0569,Mumbai,55:18.7,UPI,Delivered,30-03-2026
ORD00850,CUST0034,Pune,12:46.8,Nykaa Wallet,Delivered,24-05-2025
ORD02671,CUST0286,Chennai,08:55.4,EMI,Delivered,28-04-2025
ORD01598,CUST0708,Lucknow,10:54.8,Credit Card,Delivered,10-06-2025
ORD04141,CUST0648,Hyderabad,30:54.1,UPI,Cancelled,12-07-2025
ORD00574,CUST0133,Hyderabad,29:55.5,UPI,Delivered,09-10-2025
ORD03628,CUST0083,Pune,45:08.3,Debit Card,Delivered,20-11-2025
ORD02724,CUST0731,Delhi,03:00.0,EMI,Delivered,25-06-2025
ORD01226,CUST0488,Chennai,26:09.7,Credit Card,Delivered,12-03-2026
ORD02332,CUST0626,Pune,34:15.8,UPI,Returned,10-04-2025
ORD01533,CUST0738,Chennai,16:30.2,UPI,Returned,17-11-2025
ORD00783,CUST0705,Jaipur,24:40.7,Cash on Delivery,Delivered,02-08-2025
ORD01749,CUST0402,Jaipur,29:47.6,Debit Card,Delivered,16-10-2025
ORD04502,CUST0766,Ahmedabad,52:30.9,UPI,Returned,29-01-2026
ORD01405,CUST0572,Delhi,39:56.4,Debit Card,Delivered,10-05-2025
ORD02773,CUST0751,Delhi,45:53.6,EMI,Delivered,26-04-2025
ORD03958,CUST0505,Lucknow,06:51.6,Credit Card,Cancelled,08-04-2025
ORD04841,CUST0207,Mumbai,35:35.9,Debit Card,Returned,23-11-2025
ORD01714,CUST0246,Bangalore,13:57.5,Credit Card,Delivered,11-08-2025
ORD00825,CUST0018,Ahmedabad,56:22.9,Credit Card,Delivered,07-11-2025
ORD00229,CUST0031,Jaipur,22:08.2,EMI,Delivered,28-09-2025
ORD02643,CUST0811,Pune,36:00.7,Credit Card,Delivered,22-06-2025
ORD02259,CUST0506,Bangalore,27:31.8,Cash on Delivery,Cancelled,28-05-2025
ORD00705,CUST0537,Kolkata,58:48.6,EMI,Delivered,30-04-2025
ORD04732,CUST0921,Ahmedabad,11:44.7,Credit Card,Delivered,09-04-2025
ORD03623,CUST0400,Delhi,45:45.9,Credit Card,Delivered,14-12-2025
ORD02347,CUST0209,Kolkata,08:08.3,EMI,Delivered,06-03-2026
ORD01371,CUST0107,Hyderabad,38:44.3,Cash on Delivery,Returned,19-05-2025
ORD01828,CUST0683,Kolkata,03:35.4,Debit Card,Delivered,22-09-2025
ORD00496,CUST0429,Jaipur,16:11.5,Credit Card,Delivered,12-06-2025
ORD02732,CUST0319,Kolkata,38:53.6,Debit Card,Returned,05-08-2025
ORD03848,CUST0847,Chennai,35:28.1,Debit Card,Delivered,19-04-2025
ORD02300,CUST0581,Lucknow,01:57.7,EMI,Delivered,31-10-2025
ORD02673,CUST0841,Bangalore,13:54.3,Nykaa Wallet,Delivered,02-10-2025
ORD01101,CUST0291,Mumbai,31:38.2,UPI,Delivered,20-07-2025
ORD02650,CUST0280,Mumbai,08:18.8,Debit Card,Returned,20-01-2026
ORD04117,CUST0455,Hyderabad,35:12.8,Credit Card,Cancelled,05-05-2025
ORD02346,CUST0791,Mumbai,00:27.3,Credit Card,Cancelled,10-06-2025
ORD02798,CUST0199,Pune,57:36.6,EMI,Delivered,17-04-2025
ORD01054,CUST0988,Delhi,17:16.2,Nykaa Wallet,Delivered,23-02-2026
ORD02292,CUST0195,Hyderabad,06:24.7,Cash on Delivery,Delivered,12-06-2025
ORD03580,CUST0573,Bangalore,24:26.7,EMI,Returned,04-05-2025
ORD04224,CUST0172,Lucknow,54:27.2,Cash on Delivery,Delivered,26-12-2025
ORD03309,CUST0002,Lucknow,10:04.8,UPI,Delivered,23-10-2025
ORD00181,CUST0036,Chennai,06:24.1,Nykaa Wallet,Delivered,29-08-2025
ORD04791,CUST0819,Pune,31:35.5,UPI,Delivered,03-12-2025
ORD01531,CUST0237,Kolkata,29:21.9,Nykaa Wallet,Delivered,31-08-2025
ORD00190,CUST0870,Kolkata,41:28.7,Nykaa Wallet,Delivered,18-12-2025
ORD02223,CUST0479,Jaipur,09:01.6,EMI,Returned,22-10-2025
ORD01783,CUST0975,Pune,21:46.9,Debit Card,Returned,14-01-2026
ORD04879,CUST0158,Pune,38:38.2,Nykaa Wallet,Cancelled,27-04-2025
ORD00039,CUST0255,Delhi,51:40.4,Cash on Delivery,Delivered,22-12-2025
ORD00438,CUST0542,Mumbai,51:41.5,Credit Card,Cancelled,28-07-2025
ORD00791,CUST0900,Lucknow,23:57.8,Nykaa Wallet,Delivered,15-03-2026
ORD03246,CUST0327,Delhi,11:23.7,Cash on Delivery,Delivered,30-08-2025
ORD04663,CUST0328,Jaipur,06:23.1,Debit Card,Delivered,14-01-2026
ORD02996,CUST0088,Chennai,39:53.8,Nykaa Wallet,Delivered,27-05-2025
ORD02317,CUST0490,Chennai,09:07.2,Credit Card,Cancelled,16-05-2025
ORD04469,CUST0709,Ahmedabad,23:03.9,Nykaa Wallet,Delivered,29-06-2025
ORD00671,CUST0801,Lucknow,15:47.6,Nykaa Wallet,Returned,11-01-2026
ORD00069,CUST0035,Mumbai,58:16.4,Debit Card,Delivered,24-11-2025
ORD03519,CUST0147,Lucknow,25:30.4,Cash on Delivery,Delivered,12-03-2026
ORD01491,CUST0990,Chennai,07:17.3,UPI,Returned,22-04-2025
ORD02114,CUST0776,Pune,53:38.7,Cash on Delivery,Delivered,19-02-2026
ORD00030,CUST0767,Chennai,45:14.2,UPI,Returned,04-07-2025
ORD01057,CUST0403,Jaipur,11:09.3,Credit Card,Delivered,23-07-2025
ORD02170,CUST0190,Chennai,20:08.6,Debit Card,Cancelled,04-03-2026
ORD01666,CUST0014,Delhi,32:54.9,Credit Card,Delivered,02-03-2026
ORD01098,CUST0871,Ahmedabad,46:49.5,Credit Card,Delivered,29-10-2025
ORD03745,CUST0762,Ahmedabad,01:36.2,UPI,Returned,04-03-2026
ORD02102,CUST0764,Kolkata,55:40.8,EMI,Delivered,05-01-2026
ORD03306,CUST0605,Ahmedabad,16:29.1,Nykaa Wallet,Returned,15-07-2025
ORD04064,CUST0543,Ahmedabad,17:30.9,Credit Card,Delivered,03-05-2025
ORD04945,CUST0199,Pune,53:31.1,Cash on Delivery,Returned,09-09-2025
ORD03095,CUST0233,Ahmedabad,26:43.3,Cash on Delivery,Returned,26-02-2026
ORD02050,CUST0585,Ahmedabad,55:17.3,EMI,Returned,01-12-2025
ORD00993,CUST0019,Kolkata,00:29.9,Nykaa Wallet,Delivered,01-03-2026
ORD00441,CUST0435,Chennai,04:04.3,Debit Card,Delivered,24-03-2026
ORD03362,CUST0106,Hyderabad,18:29.7,Credit Card,Delivered,16-07-2025
ORD00149,CUST0560,Mumbai,33:22.9,Cash on Delivery,Cancelled,20-07-2025
ORD04033,CUST0464,Hyderabad,31:42.1,EMI,Delivered,27-02-2026
ORD02200,CUST0892,Bangalore,59:37.3,EMI,Returned,10-01-2026
ORD03432,CUST0893,Kolkata,29:09.3,EMI,Delivered,20-05-2025
ORD00720,CUST0554,Mumbai,03:34.7,Nykaa Wallet,Delivered,05-12-2025
ORD00236,CUST0769,Jaipur,08:34.4,Debit Card,Delivered,05-06-2025
ORD00305,CUST0856,Kolkata,45:22.2,Credit Card,Delivered,22-06-2025
ORD00733,CUST0640,Jaipur,35:48.8,Credit Card,Returned,23-06-2025
ORD04604,CUST0671,Jaipur,01:16.1,EMI,Delivered,01-08-2025
ORD02166,CUST0694,Delhi,13:02.4,UPI,Delivered,14-07-2025
ORD02230,CUST0108,Kolkata,04:21.2,Debit Card,Cancelled,07-01-2026
ORD01583,CUST0752,Mumbai,42:21.0,UPI,Delivered,03-05-2025
ORD03978,CUST0235,Delhi,39:44.8,UPI,Delivered,01-11-2025
ORD02560,CUST0087,Mumbai,29:44.9,Nykaa Wallet,Delivered,26-04-2025
ORD04636,CUST0122,Jaipur,10:28.3,Nykaa Wallet,Returned,02-01-2026
ORD02466,CUST0329,Pune,42:20.1,Cash on Delivery,Delivered,11-06-2025
ORD00005,CUST0203,Ahmedabad,06:45.6,EMI,Returned,13-02-2026
ORD01141,CUST0360,Lucknow,09:20.9,Credit Card,Delivered,23-09-2025
ORD00687,CUST0031,Jaipur,03:42.3,Nykaa Wallet,Delivered,04-09-2025
ORD01751,CUST0920,Delhi,25:01.1,Debit Card,Delivered,04-05-2025
ORD04503,CUST0461,Bangalore,50:33.2,Nykaa Wallet,Delivered,18-12-2025
ORD00420,CUST0913,Lucknow,25:10.8,EMI,Returned,19-01-2026
ORD01433,CUST0709,Ahmedabad,10:12.1,UPI,Delivered,07-09-2025
ORD02006,CUST0952,Pune,04:22.1,EMI,Delivered,18-08-2025
ORD04455,CUST0454,Ahmedabad,25:45.4,UPI,Cancelled,08-09-2025
ORD00628,CUST0312,Lucknow,10:47.3,EMI,Delivered,16-01-2026
ORD00931,CUST0460,Hyderabad,12:10.7,Cash on Delivery,Delivered,19-01-2026
ORD03294,CUST0058,Chennai,08:16.0,Cash on Delivery,Cancelled,14-07-2025
ORD04256,CUST0059,Delhi,34:27.4,EMI,Delivered,04-10-2025
ORD01335,CUST0103,Delhi,55:48.5,EMI,Delivered,25-10-2025
ORD02911,CUST0666,Bangalore,32:28.9,Nykaa Wallet,Cancelled,25-09-2025
ORD02001,CUST0013,Chennai,16:20.5,EMI,Delivered,14-08-2025
ORD02011,CUST0468,Ahmedabad,43:35.3,EMI,Delivered,22-07-2025
ORD02498,CUST0896,Lucknow,18:45.5,EMI,Delivered,17-06-2025
ORD01223,CUST0554,Mumbai,54:41.7,Credit Card,Delivered,31-12-2025
ORD00984,CUST0265,Jaipur,34:44.7,UPI,Delivered,29-09-2025
ORD00240,CUST0053,Jaipur,16:01.7,EMI,Delivered,23-10-2025
ORD02764,CUST0776,Pune,52:30.6,Credit Card,Delivered,26-06-2025
ORD04833,CUST0047,Ahmedabad,24:39.3,Debit Card,Delivered,18-10-2025
ORD04886,CUST0824,Ahmedabad,48:55.4,UPI,Delivered,26-02-2026
ORD01023,CUST0202,Kolkata,43:38.3,Nykaa Wallet,Delivered,28-12-2025
ORD02054,CUST0572,Delhi,58:44.3,Nykaa Wallet,Delivered,20-01-2026
ORD01858,CUST0080,Chennai,02:37.7,Credit Card,Returned,22-03-2026
ORD01199,CUST0763,Pune,02:56.4,Nykaa Wallet,Delivered,07-01-2026
ORD01255,CUST0264,Bangalore,53:38.0,Nykaa Wallet,Delivered,08-12-2025
ORD02888,CUST0899,Jaipur,20:32.4,EMI,Returned,04-02-2026
ORD04019,CUST0936,Pune,15:46.3,UPI,Delivered,02-11-2025
ORD00699,CUST0974,Hyderabad,53:07.9,Nykaa Wallet,Delivered,18-02-2026
ORD00743,CUST0627,Ahmedabad,28:10.9,Nykaa Wallet,Returned,29-04-2025
ORD01976,CUST0096,Ahmedabad,29:08.3,EMI,Delivered,04-06-2025
ORD03817,CUST0465,Kolkata,30:57.8,Nykaa Wallet,Delivered,28-10-2025
ORD04269,CUST0008,Ahmedabad,21:19.2,Debit Card,Delivered,03-07-2025
ORD01444,CUST0493,Bangalore,51:12.2,Debit Card,Delivered,16-08-2025
ORD01734,CUST0274,Jaipur,47:21.8,EMI,Delivered,07-06-2025
ORD00473,CUST0103,Delhi,37:53.6,UPI,Cancelled,17-05-2025
ORD01720,CUST0587,Ahmedabad,45:29.1,Nykaa Wallet,Delivered,01-09-2025
ORD03224,CUST0060,Bangalore,35:49.3,EMI,Delivered,24-11-2025
ORD02155,CUST0998,Bangalore,24:11.4,Credit Card,Delivered,23-04-2025
ORD01772,CUST0936,Pune,39:57.2,EMI,Delivered,07-07-2025
ORD00839,CUST0896,Lucknow,30:09.1,EMI,Delivered,03-09-2025
ORD02635,CUST0755,Hyderabad,19:02.2,Nykaa Wallet,Delivered,26-06-2025
ORD01568,CUST0029,Ahmedabad,47:12.1,Credit Card,Delivered,13-04-2025
ORD02237,CUST0212,Ahmedabad,06:11.0,Debit Card,Delivered,20-03-2026
ORD04723,CUST0820,Jaipur,09:32.5,Debit Card,Delivered,13-10-2025
ORD00550,CUST0081,Pune,07:01.3,Nykaa Wallet,Delivered,14-10-2025
ORD01143,CUST0112,Hyderabad,14:45.8,EMI,Delivered,23-02-2026
ORD03815,CUST0203,Ahmedabad,21:26.9,UPI,Cancelled,11-02-2026
ORD04478,CUST0861,Jaipur,32:17.2,Debit Card,Delivered,15-04-2025
ORD01820,CUST0117,Kolkata,22:11.4,Cash on Delivery,Cancelled,29-09-2025
ORD04583,CUST0698,Lucknow,38:43.7,UPI,Delivered,13-05-2025
ORD04600,CUST0872,Bangalore,19:23.2,Debit Card,Delivered,29-01-2026
ORD00184,CUST0531,Jaipur,34:58.9,Cash on Delivery,Delivered,01-12-2025
ORD04685,CUST0466,Hyderabad,43:52.6,EMI,Delivered,28-07-2025
ORD00787,CUST0452,Delhi,13:10.1,Nykaa Wallet,Delivered,29-12-2025
ORD03554,CUST0850,Chennai,42:13.5,Nykaa Wallet,Delivered,06-07-2025
ORD00982,CUST0147,Lucknow,30:18.6,Debit Card,Delivered,21-03-2026
ORD02393,CUST0067,Mumbai,00:06.5,Cash on Delivery,Delivered,23-11-2025
ORD00484,CUST0292,Mumbai,00:02.8,Cash on Delivery,Delivered,23-02-2026
ORD04816,CUST0557,Kolkata,21:06.1,Cash on Delivery,Delivered,13-04-2025
ORD01705,CUST0368,Mumbai,42:58.6,Nykaa Wallet,Delivered,25-02-2026
ORD02420,CUST0963,Bangalore,25:25.6,EMI,Delivered,05-05-2025
ORD00797,CUST0110,Lucknow,49:14.1,UPI,Delivered,18-05-2025
ORD04422,CUST0794,Chennai,51:57.0,Credit Card,Delivered,09-01-2026
ORD02233,CUST0540,Hyderabad,12:51.5,EMI,Delivered,15-08-2025
ORD01815,CUST0549,Chennai,50:30.0,Credit Card,Delivered,20-06-2025
ORD02176,CUST0305,Ahmedabad,32:31.7,Cash on Delivery,Delivered,29-09-2025
ORD03263,CUST0010,Lucknow,44:11.3,Cash on Delivery,Delivered,26-02-2026
ORD00295,CUST0268,Lucknow,59:19.0,EMI,Delivered,03-03-2026
ORD00721,CUST0657,Mumbai,54:24.4,Cash on Delivery,Delivered,11-03-2026
ORD02733,CUST0991,Kolkata,55:20.4,Nykaa Wallet,Returned,12-12-2025
ORD00817,CUST0209,Kolkata,27:43.0,Debit Card,Delivered,30-06-2025
ORD04718,CUST0711,Pune,29:44.6,Debit Card,Delivered,18-10-2025
ORD00381,CUST0024,Jaipur,02:56.4,EMI,Delivered,15-05-2025
ORD04057,CUST0425,Kolkata,12:02.7,Credit Card,Cancelled,16-12-2025
ORD00908,CUST0489,Jaipur,05:25.7,UPI,Delivered,08-12-2025
ORD02686,CUST0712,Ahmedabad,37:48.0,Nykaa Wallet,Cancelled,09-08-2025
ORD03379,CUST0937,Kolkata,39:26.9,Nykaa Wallet,Delivered,18-10-2025
ORD04549,CUST0792,Pune,01:33.2,Nykaa Wallet,Delivered,22-03-2026
ORD01536,CUST0433,Kolkata,34:49.2,Nykaa Wallet,Delivered,11-07-2025
ORD00990,CUST0464,Hyderabad,34:30.5,Nykaa Wallet,Delivered,06-09-2025
ORD03538,CUST0211,Ahmedabad,49:40.3,Nykaa Wallet,Delivered,17-03-2026
ORD03991,CUST0518,Pune,09:24.4,Credit Card,Delivered,13-04-2025
ORD01809,CUST0834,Hyderabad,25:15.0,Nykaa Wallet,Delivered,02-07-2025
ORD01629,CUST0084,Lucknow,00:15.7,UPI,Cancelled,29-11-2025
ORD00334,CUST0584,Kolkata,53:56.9,Nykaa Wallet,Delivered,18-10-2025
ORD01208,CUST0956,Kolkata,54:17.6,Debit Card,Delivered,18-06-2025
ORD03828,CUST0340,Mumbai,01:57.5,EMI,Delivered,18-06-2025
ORD01113,CUST0926,Bangalore,00:13.3,Nykaa Wallet,Delivered,17-05-2025
ORD00945,CUST0346,Mumbai,18:37.9,Nykaa Wallet,Delivered,16-11-2025
ORD04725,CUST0629,Delhi,30:03.2,Debit Card,Delivered,29-04-2025
ORD01363,CUST0243,Lucknow,15:07.1,UPI,Cancelled,07-05-2025
ORD02480,CUST0720,Bangalore,02:56.6,Debit Card,Delivered,07-09-2025
ORD00013,CUST0775,Pune,59:31.2,Credit Card,Delivered,18-06-2025
ORD03495,CUST0778,Kolkata,28:19.5,UPI,Cancelled,29-08-2025
ORD02727,CUST0509,Bangalore,18:57.4,UPI,Delivered,10-07-2025
ORD02276,CUST0270,Bangalore,41:00.8,EMI,Delivered,03-10-2025
ORD00230,CUST0322,Pune,21:47.4,Nykaa Wallet,Delivered,04-12-2025
ORD01644,CUST0010,Lucknow,03:04.9,Debit Card,Cancelled,22-09-2025
ORD03487,CUST0191,Ahmedabad,13:21.7,Debit Card,Delivered,12-05-2025
ORD02726,CUST0105,Kolkata,42:27.0,EMI,Cancelled,16-12-2025
ORD00615,CUST0482,Delhi,56:05.7,Credit Card,Delivered,18-12-2025
ORD00255,CUST0909,Hyderabad,20:37.5,Credit Card,Delivered,24-01-2026
ORD02185,CUST0601,Delhi,05:41.9,Debit Card,Delivered,09-06-2025
ORD00360,CUST0643,Chennai,12:01.4,EMI,Delivered,11-06-2025
ORD03124,CUST0149,Ahmedabad,35:51.9,Credit Card,Delivered,17-07-2025
ORD03708,CUST0666,Bangalore,07:31.3,Debit Card,Delivered,28-11-2025
ORD04339,CUST0085,Bangalore,29:21.4,UPI,Delivered,17-04-2025
ORD01892,CUST0085,Bangalore,25:48.7,Nykaa Wallet,Cancelled,21-03-2026
ORD00707,CUST0082,Bangalore,32:18.1,EMI,Delivered,15-06-2025
ORD00097,CUST0083,Pune,48:19.4,Cash on Delivery,Delivered,28-08-2025
ORD04829,CUST0168,Bangalore,21:07.1,Debit Card,Delivered,06-10-2025
ORD00683,CUST0012,Ahmedabad,10:27.2,Credit Card,Delivered,24-04-2025
ORD03727,CUST0493,Bangalore,25:16.8,Cash on Delivery,Delivered,12-07-2025
ORD03604,CUST0094,Hyderabad,55:29.0,Nykaa Wallet,Delivered,03-12-2025
ORD02788,CUST0856,Kolkata,46:24.8,Nykaa Wallet,Delivered,16-10-2025
ORD03583,CUST0338,Bangalore,55:34.3,Debit Card,Cancelled,20-04-2025
ORD02535,CUST0190,Chennai,11:00.5,Nykaa Wallet,Returned,12-12-2025
ORD01693,CUST0728,Ahmedabad,13:37.7,Nykaa Wallet,Delivered,08-12-2025
ORD02235,CUST0877,Ahmedabad,34:52.5,Cash on Delivery,Delivered,26-08-2025
ORD04284,CUST0922,Jaipur,18:10.2,UPI,Delivered,09-02-2026
ORD03795,CUST0699,Jaipur,57:15.3,Credit Card,Delivered,03-10-2025
ORD02817,CUST0677,Chennai,36:37.2,Debit Card,Delivered,13-03-2026
ORD02980,CUST0694,Delhi,42:29.8,Cash on Delivery,Delivered,25-01-2026
ORD03814,CUST0890,Bangalore,18:49.0,Debit Card,Delivered,02-04-2025
ORD01947,CUST0690,Lucknow,45:36.4,Credit Card,Delivered,05-08-2025
ORD04587,CUST0220,Mumbai,11:09.9,Debit Card,Delivered,03-08-2025
ORD00740,CUST0050,Delhi,59:31.4,Debit Card,Delivered,04-01-2026
ORD03607,CUST0812,Ahmedabad,04:00.9,EMI,Delivered,27-12-2025
ORD01142,CUST0814,Chennai,11:36.9,Nykaa Wallet,Delivered,15-11-2025
ORD02744,CUST0960,Mumbai,23:05.0,Nykaa Wallet,Delivered,31-12-2025
ORD03091,CUST0568,Bangalore,05:53.2,Cash on Delivery,Returned,08-07-2025
ORD01501,CUST0972,Jaipur,01:50.9,Credit Card,Delivered,30-10-2025
ORD02485,CUST0143,Ahmedabad,34:42.1,UPI,Delivered,08-04-2025
ORD00644,CUST0699,Jaipur,48:53.6,Debit Card,Delivered,21-07-2025
ORD04434,CUST0281,Ahmedabad,25:03.9,Credit Card,Delivered,01-02-2026
ORD03032,CUST0450,Ahmedabad,44:27.0,Credit Card,Delivered,12-04-2025
ORD02620,CUST0078,Mumbai,03:19.6,Debit Card,Delivered,30-03-2026
ORD02811,CUST0825,Jaipur,45:57.1,EMI,Delivered,19-12-2025
ORD01853,CUST0416,Ahmedabad,10:32.5,Nykaa Wallet,Delivered,12-11-2025
ORD01579,CUST0853,Delhi,22:57.3,EMI,Delivered,01-10-2025
ORD02978,CUST0168,Bangalore,55:01.5,Debit Card,Delivered,06-04-2025
ORD04392,CUST0797,Kolkata,40:01.1,EMI,Cancelled,04-11-2025
ORD03687,CUST0068,Hyderabad,52:59.2,Debit Card,Cancelled,11-10-2025
ORD04687,CUST0172,Lucknow,02:34.4,Cash on Delivery,Delivered,12-02-2026
ORD00141,CUST0070,Bangalore,12:30.0,Cash on Delivery,Delivered,28-01-2026
ORD04374,CUST0390,Kolkata,22:24.5,Cash on Delivery,Delivered,10-10-2025
ORD04242,CUST0119,Pune,06:48.5,Credit Card,Returned,13-06-2025
ORD01780,CUST0180,Pune,28:37.3,EMI,Delivered,01-04-2025
ORD04015,CUST0443,Delhi,49:37.2,Debit Card,Delivered,28-01-2026
ORD03838,CUST0302,Hyderabad,12:07.8,Credit Card,Delivered,20-10-2025
ORD02024,CUST0489,Jaipur,14:07.1,UPI,Returned,15-02-2026
ORD01236,CUST0990,Chennai,07:03.8,Credit Card,Delivered,14-09-2025
ORD01541,CUST0328,Jaipur,10:08.8,UPI,Delivered,25-01-2026
ORD03055,CUST0435,Chennai,53:31.2,Cash on Delivery,Delivered,08-01-2026
ORD03065,CUST0089,Jaipur,38:11.0,Credit Card,Delivered,04-01-2026
ORD02081,CUST0263,Delhi,23:03.9,Nykaa Wallet,Delivered,19-11-2025
ORD02265,CUST0537,Kolkata,11:32.4,UPI,Delivered,10-04-2025
ORD00415,CUST0883,Ahmedabad,21:46.8,Cash on Delivery,Delivered,26-05-2025
ORD02450,CUST0524,Pune,12:17.5,Credit Card,Delivered,21-01-2026
ORD02501,CUST0161,Mumbai,35:18.3,Cash on Delivery,Delivered,05-11-2025
ORD00182,CUST0716,Mumbai,06:37.5,Debit Card,Delivered,04-06-2025
ORD04956,CUST0443,Delhi,25:57.7,Debit Card,Cancelled,30-07-2025
ORD00597,CUST0235,Delhi,06:44.9,Nykaa Wallet,Delivered,07-10-2025
ORD01009,CUST0001,Bangalore,31:51.1,UPI,Delivered,13-12-2025
ORD04008,CUST0123,Bangalore,31:51.5,Cash on Delivery,Delivered,18-02-2026
ORD00254,CUST0701,Mumbai,18:34.3,Cash on Delivery,Delivered,02-11-2025
ORD04499,CUST0985,Chennai,48:45.5,UPI,Returned,05-08-2025
ORD00086,CUST0418,Delhi,36:42.9,Credit Card,Delivered,11-10-2025
ORD04321,CUST0199,Pune,12:01.7,Nykaa Wallet,Returned,24-05-2025
ORD02952,CUST0751,Delhi,52:20.3,UPI,Delivered,12-08-2025
ORD03010,CUST0357,Ahmedabad,06:49.2,Debit Card,Delivered,29-03-2026
ORD01876,CUST0704,Hyderabad,27:15.5,Cash on Delivery,Delivered,22-09-2025
ORD02524,CUST0838,Chennai,30:35.8,Nykaa Wallet,Delivered,27-12-2025
ORD01330,CUST0816,Hyderabad,25:41.3,Debit Card,Returned,17-09-2025
ORD01269,CUST0413,Lucknow,06:33.9,UPI,Cancelled,01-08-2025
ORD01864,CUST0207,Mumbai,42:33.3,Cash on Delivery,Delivered,29-10-2025
ORD04189,CUST0294,Mumbai,35:05.2,EMI,Delivered,30-09-2025
ORD01253,CUST0392,Kolkata,01:01.5,Cash on Delivery,Delivered,20-10-2025
ORD04459,CUST0598,Lucknow,41:08.5,UPI,Delivered,18-06-2025
ORD04238,CUST0122,Jaipur,13:59.2,Nykaa Wallet,Delivered,17-05-2025
ORD03489,CUST0179,Bangalore,47:02.5,Credit Card,Delivered,12-06-2025
ORD04823,CUST0557,Kolkata,08:40.0,Credit Card,Delivered,15-06-2025
ORD04859,CUST0624,Chennai,35:38.0,Nykaa Wallet,Cancelled,01-08-2025
ORD02976,CUST0494,Bangalore,01:01.2,Debit Card,Delivered,01-05-2025
ORD00498,CUST0013,Chennai,41:06.9,Nykaa Wallet,Cancelled,28-12-2025
ORD02656,CUST0284,Hyderabad,17:03.4,Debit Card,Delivered,21-09-2025
ORD04654,CUST0533,Pune,47:23.2,UPI,Delivered,14-07-2025
ORD03953,CUST0464,Hyderabad,25:13.6,Cash on Delivery,Cancelled,05-10-2025
ORD00751,CUST0979,Hyderabad,43:00.5,Cash on Delivery,Delivered,03-05-2025
ORD02994,CUST0787,Ahmedabad,32:06.3,Credit Card,Delivered,31-10-2025
ORD01286,CUST0059,Delhi,48:36.8,EMI,Delivered,16-02-2026
ORD00269,CUST0865,Bangalore,21:21.1,Credit Card,Delivered,07-03-2026
ORD04789,CUST0624,Chennai,27:23.4,UPI,Cancelled,26-11-2025
ORD03468,CUST0144,Kolkata,52:58.3,UPI,Delivered,24-09-2025
ORD01966,CUST0746,Bangalore,18:59.2,Cash on Delivery,Delivered,13-01-2026
ORD01171,CUST0695,Lucknow,22:33.7,Credit Card,Cancelled,19-03-2026
ORD03220,CUST0171,Mumbai,17:15.1,Debit Card,Delivered,30-04-2025
ORD04860,CUST0932,Delhi,03:43.0,EMI,Delivered,02-04-2025
ORD04123,CUST0316,Chennai,35:51.6,UPI,Delivered,15-05-2025
ORD04235,CUST0939,Mumbai,01:40.8,EMI,Delivered,01-06-2025
ORD02220,CUST0376,Hyderabad,14:39.6,UPI,Delivered,09-01-2026
ORD03615,CUST0148,Ahmedabad,32:36.0,Cash on Delivery,Delivered,13-10-2025
ORD00219,CUST0618,Delhi,51:16.5,UPI,Delivered,14-07-2025
ORD02652,CUST0803,Pune,18:29.1,Cash on Delivery,Delivered,12-08-2025
ORD00142,CUST0584,Kolkata,31:35.3,Nykaa Wallet,Delivered,21-06-2025
ORD04173,CUST0444,Pune,32:20.9,Credit Card,Delivered,19-02-2026
ORD01283,CUST0858,Mumbai,05:48.4,Nykaa Wallet,Delivered,29-10-2025
ORD03042,CUST0548,Pune,26:21.2,UPI,Cancelled,03-01-2026
ORD03261,CUST0626,Pune,25:48.7,UPI,Delivered,25-10-2025
ORD03188,CUST0409,Delhi,40:26.7,Credit Card,Delivered,24-08-2025
ORD03350,CUST0949,Jaipur,44:16.2,UPI,Returned,04-01-2026
ORD04704,CUST0110,Lucknow,27:49.3,EMI,Delivered,09-09-2025
ORD00233,CUST0310,Lucknow,49:25.9,UPI,Delivered,17-09-2025
ORD02274,CUST0159,Pune,50:16.3,UPI,Cancelled,15-02-2026
ORD03083,CUST0806,Ahmedabad,00:05.6,Credit Card,Cancelled,22-02-2026
ORD03438,CUST0763,Pune,17:44.2,UPI,Delivered,03-12-2025
ORD04709,CUST0462,Bangalore,37:54.4,Credit Card,Delivered,30-05-2025
ORD04052,CUST0459,Mumbai,50:24.8,Cash on Delivery,Cancelled,30-08-2025
ORD01145,CUST0087,Mumbai,33:58.3,Cash on Delivery,Cancelled,30-04-2025
ORD04765,CUST0808,Chennai,08:34.9,EMI,Delivered,21-01-2026
ORD04743,CUST0709,Ahmedabad,37:06.9,Cash on Delivery,Delivered,04-08-2025
ORD01694,CUST0098,Jaipur,28:54.3,EMI,Delivered,24-08-2025
ORD01831,CUST0005,Pune,31:48.9,UPI,Delivered,21-03-2026
ORD00531,CUST0676,Bangalore,22:13.6,Credit Card,Delivered,12-07-2025
ORD04095,CUST0232,Mumbai,18:37.3,UPI,Delivered,12-09-2025
ORD04900,CUST0854,Bangalore,18:14.0,Debit Card,Delivered,25-05-2025
ORD01378,CUST0102,Ahmedabad,18:49.0,Debit Card,Delivered,30-06-2025
ORD03197,CUST0449,Delhi,25:39.3,Nykaa Wallet,Delivered,17-03-2026
ORD04953,CUST0642,Mumbai,13:26.8,Cash on Delivery,Returned,05-02-2026
ORD03476,CUST0205,Mumbai,20:14.9,Nykaa Wallet,Delivered,02-07-2025
ORD01620,CUST0081,Pune,06:58.4,EMI,Delivered,20-03-2026
ORD03149,CUST0046,Chennai,38:55.3,Credit Card,Delivered,24-10-2025
ORD03806,CUST0570,Hyderabad,59:48.0,Cash on Delivery,Delivered,07-09-2025
ORD00220,CUST0828,Chennai,45:00.6,Nykaa Wallet,Delivered,05-01-2026
ORD02370,CUST0355,Jaipur,46:31.5,Cash on Delivery,Delivered,29-01-2026
ORD02776,CUST0069,Hyderabad,17:05.2,Debit Card,Returned,07-06-2025
ORD04315,CUST0219,Pune,16:30.3,Debit Card,Delivered,17-12-2025
ORD03344,CUST0341,Ahmedabad,59:48.4,UPI,Returned,22-12-2025
ORD04942,CUST0143,Ahmedabad,32:28.6,Nykaa Wallet,Delivered,23-07-2025
ORD02752,CUST0672,Kolkata,25:14.9,Credit Card,Delivered,25-02-2026
ORD02942,CUST0196,Kolkata,24:39.0,Cash on Delivery,Delivered,20-06-2025
ORD01088,CUST0526,Lucknow,45:55.1,Nykaa Wallet,Delivered,14-07-2025
ORD00919,CUST0893,Kolkata,44:18.4,Cash on Delivery,Delivered,10-12-2025
ORD00587,CUST0823,Chennai,06:34.3,Cash on Delivery,Delivered,20-01-2026
ORD04014,CUST0306,Kolkata,27:51.1,Debit Card,Delivered,21-09-2025
ORD01168,CUST0170,Mumbai,39:11.5,Nykaa Wallet,Delivered,28-11-2025
ORD01011,CUST0050,Delhi,35:19.3,EMI,Delivered,22-08-2025
ORD01530,CUST0379,Chennai,19:39.0,Debit Card,Returned,15-04-2025
ORD00934,CUST0402,Jaipur,16:45.8,Cash on Delivery,Delivered,02-01-2026
ORD01672,CUST0693,Pune,39:27.4,Cash on Delivery,Delivered,22-01-2026
ORD01759,CUST0172,Lucknow,02:40.9,Credit Card,Delivered,22-08-2025
ORD03253,CUST0915,Delhi,59:53.0,Debit Card,Delivered,12-03-2026
ORD00633,CUST0851,Jaipur,41:27.4,Cash on Delivery,Delivered,20-02-2026
ORD04119,CUST0105,Kolkata,22:45.0,EMI,Delivered,20-10-2025
ORD01609,CUST0938,Kolkata,18:09.3,Nykaa Wallet,Delivered,03-03-2026
ORD03810,CUST0713,Pune,14:11.5,EMI,Delivered,05-10-2025
ORD04322,CUST0367,Mumbai,55:43.7,Nykaa Wallet,Delivered,24-12-2025
ORD02617,CUST0324,Bangalore,50:53.8,UPI,Delivered,12-07-2025
ORD00018,CUST0060,Bangalore,57:04.1,Cash on Delivery,Delivered,25-07-2025
ORD00972,CUST0808,Chennai,15:10.0,Credit Card,Delivered,18-03-2026
ORD03264,CUST0845,Ahmedabad,46:26.4,Credit Card,Delivered,01-05-2025
ORD00770,CUST0736,Pune,43:43.5,UPI,Delivered,05-03-2026
ORD00677,CUST0796,Lucknow,50:28.4,Credit Card,Delivered,15-09-2025
ORD00632,CUST0231,Kolkata,26:11.8,UPI,Delivered,21-12-2025
ORD03417,CUST0670,Bangalore,32:32.4,Nykaa Wallet,Cancelled,14-12-2025
ORD02073,CUST0365,Kolkata,38:33.2,Credit Card,Delivered,02-08-2025
ORD00600,CUST0958,Ahmedabad,22:38.3,EMI,Delivered,10-08-2025
ORD02281,CUST0431,Bangalore,52:16.0,UPI,Delivered,02-03-2026
ORD02693,CUST0276,Ahmedabad,17:50.2,Nykaa Wallet,Delivered,07-11-2025
ORD04373,CUST0481,Delhi,16:50.9,Debit Card,Delivered,23-03-2026
ORD02032,CUST0613,Pune,37:54.4,Nykaa Wallet,Delivered,03-01-2026
ORD04938,CUST0340,Mumbai,15:41.8,Nykaa Wallet,Delivered,25-08-2025
ORD02419,CUST0915,Delhi,48:13.6,Credit Card,Delivered,31-12-2025
ORD03094,CUST0369,Jaipur,24:51.8,UPI,Returned,01-07-2025
ORD01954,CUST0840,Lucknow,11:50.2,Nykaa Wallet,Delivered,22-08-2025
ORD00711,CUST0565,Hyderabad,37:52.9,UPI,Delivered,22-11-2025
ORD00280,CUST0831,Kolkata,56:10.7,Debit Card,Delivered,18-08-2025
ORD04144,CUST0778,Kolkata,58:30.2,Cash on Delivery,Returned,11-02-2026
ORD03768,CUST0439,Bangalore,28:39.1,Nykaa Wallet,Delivered,11-04-2025
ORD04943,CUST0052,Jaipur,59:29.0,UPI,Delivered,30-06-2025
ORD00110,CUST0905,Mumbai,26:34.8,Cash on Delivery,Delivered,02-11-2025
ORD04817,CUST0067,Mumbai,21:02.0,UPI,Returned,27-03-2026
ORD01701,CUST0800,Hyderabad,22:44.4,Credit Card,Delivered,01-08-2025
ORD03567,CUST0541,Bangalore,10:39.6,UPI,Cancelled,06-01-2026
ORD03077,CUST0762,Ahmedabad,24:16.8,Debit Card,Delivered,06-12-2025
ORD02944,CUST0712,Ahmedabad,14:41.7,EMI,Cancelled,09-06-2025
ORD00153,CUST0511,Lucknow,19:56.3,Cash on Delivery,Delivered,05-11-2025
ORD03870,CUST0163,Mumbai,43:57.0,UPI,Delivered,25-08-2025
ORD00157,CUST0760,Ahmedabad,44:39.9,Nykaa Wallet,Delivered,31-01-2026
ORD01350,CUST0637,Chennai,18:23.3,UPI,Cancelled,05-10-2025
ORD01662,CUST0218,Mumbai,30:26.6,Credit Card,Returned,06-01-2026
ORD02025,CUST0959,Ahmedabad,00:09.4,EMI,Delivered,10-03-2026
ORD04818,CUST0316,Chennai,15:13.0,Nykaa Wallet,Delivered,17-08-2025
ORD01630,CUST0663,Kolkata,52:12.3,Cash on Delivery,Delivered,06-05-2025
ORD00672,CUST0633,Kolkata,52:34.4,Credit Card,Delivered,26-09-2025
ORD03856,CUST0282,Bangalore,22:14.4,EMI,Delivered,17-03-2026
ORD02894,CUST0292,Mumbai,51:58.0,EMI,Returned,31-08-2025
ORD03272,CUST0613,Pune,14:26.6,UPI,Delivered,25-12-2025
ORD04848,CUST0655,Hyderabad,21:15.8,Nykaa Wallet,Delivered,10-05-2025
ORD04837,CUST0007,Pune,41:25.8,EMI,Delivered,28-09-2025
ORD02201,CUST0040,Chennai,59:31.0,Debit Card,Cancelled,18-03-2026
ORD02867,CUST0773,Hyderabad,54:52.4,EMI,Delivered,09-09-2025
ORD01038,CUST0906,Lucknow,01:48.4,Credit Card,Delivered,11-03-2026
ORD00889,CUST0786,Jaipur,13:11.5,Cash on Delivery,Delivered,17-09-2025
ORD04383,CUST0836,Mumbai,05:51.8,Nykaa Wallet,Delivered,18-03-2026
ORD04795,CUST0577,Delhi,53:46.4,EMI,Delivered,21-07-2025
ORD03458,CUST0126,Jaipur,13:10.8,Cash on Delivery,Delivered,26-07-2025
ORD01814,CUST0725,Delhi,47:08.9,Nykaa Wallet,Returned,23-08-2025
ORD01675,CUST0060,Bangalore,44:30.9,EMI,Returned,11-06-2025
ORD02561,CUST0045,Pune,11:48.2,Cash on Delivery,Delivered,22-11-2025
ORD02985,CUST0383,Kolkata,28:02.4,Credit Card,Delivered,18-06-2025
ORD03608,CUST0659,Lucknow,15:35.0,Credit Card,Cancelled,28-11-2025
ORD02516,CUST0736,Pune,14:42.9,Debit Card,Delivered,22-01-2026
ORD01380,CUST0588,Ahmedabad,45:04.4,Cash on Delivery,Delivered,24-08-2025
ORD03919,CUST0141,Delhi,12:33.6,Credit Card,Delivered,02-08-2025
ORD03635,CUST0446,Pune,45:24.7,UPI,Cancelled,05-06-2025
ORD04929,CUST0908,Hyderabad,34:39.5,Cash on Delivery,Delivered,19-10-2025
ORD00704,CUST0980,Ahmedabad,18:31.0,Cash on Delivery,Returned,04-05-2025
ORD04997,CUST0741,Mumbai,16:27.9,Debit Card,Delivered,15-09-2025
ORD00747,CUST0534,Kolkata,45:52.0,Debit Card,Cancelled,11-07-2025
ORD03265,CUST0390,Kolkata,06:45.6,Debit Card,Delivered,22-03-2026
ORD04324,CUST0283,Jaipur,27:44.4,Credit Card,Delivered,26-08-2025
ORD00419,CUST0138,Chennai,33:01.5,Nykaa Wallet,Delivered,19-02-2026
ORD03312,CUST0841,Bangalore,23:05.5,Cash on Delivery,Delivered,14-10-2025
ORD01526,CUST0438,Hyderabad,08:55.8,Nykaa Wallet,Delivered,06-08-2025
ORD01524,CUST0329,Pune,05:59.9,Cash on Delivery,Delivered,31-03-2026
ORD00407,CUST0549,Chennai,50:07.0,Debit Card,Delivered,14-05-2025
ORD01214,CUST0770,Ahmedabad,03:21.0,UPI,Cancelled,12-02-2026
ORD03673,CUST0401,Jaipur,10:42.5,Credit Card,Returned,21-02-2026
ORD00028,CUST0102,Ahmedabad,06:42.5,Nykaa Wallet,Cancelled,09-10-2025
ORD04550,CUST0402,Jaipur,17:57.6,Nykaa Wallet,Returned,24-05-2025
ORD00404,CUST0645,Ahmedabad,34:27.5,Cash on Delivery,Delivered,17-11-2025
ORD01164,CUST0738,Chennai,58:07.1,EMI,Cancelled,18-03-2026
ORD01106,CUST0504,Mumbai,04:52.7,UPI,Delivered,05-04-2025
ORD00037,CUST0925,Chennai,22:17.4,Nykaa Wallet,Delivered,28-09-2025
ORD04471,CUST0255,Delhi,57:15.5,Debit Card,Delivered,03-01-2026
ORD01449,CUST0067,Mumbai,03:36.5,EMI,Delivered,27-11-2025
ORD03682,CUST0038,Lucknow,55:21.5,Nykaa Wallet,Delivered,14-09-2025
ORD01977,CUST0355,Jaipur,59:33.5,Cash on Delivery,Delivered,30-06-2025
ORD03140,CUST0027,Chennai,01:07.3,Debit Card,Delivered,24-02-2026
ORD01173,CUST0145,Hyderabad,54:38.7,Credit Card,Cancelled,29-11-2025
ORD01080,CUST0821,Delhi,06:18.9,Nykaa Wallet,Delivered,20-12-2025
ORD04716,CUST0554,Mumbai,24:13.4,Cash on Delivery,Returned,24-06-2025
ORD02131,CUST0999,Jaipur,59:33.1,EMI,Returned,18-07-2025
ORD02134,CUST0067,Mumbai,52:14.7,UPI,Delivered,22-01-2026
ORD03472,CUST0977,Lucknow,58:08.5,Debit Card,Delivered,17-09-2025
ORD00019,CUST0314,Pune,23:24.1,Nykaa Wallet,Delivered,21-01-2026
ORD03771,CUST0330,Jaipur,14:05.9,EMI,Returned,13-11-2025
ORD04560,CUST0627,Ahmedabad,58:08.1,Cash on Delivery,Returned,15-08-2025
ORD03799,CUST0003,Delhi,03:33.3,Cash on Delivery,Delivered,01-10-2025
ORD00161,CUST0991,Kolkata,12:29.9,Credit Card,Delivered,08-08-2025
ORD02884,CUST0321,Lucknow,39:35.9,Debit Card,Delivered,03-11-2025
ORD04354,CUST0261,Lucknow,59:19.8,EMI,Delivered,08-12-2025
ORD04461,CUST0936,Pune,15:54.3,EMI,Cancelled,17-08-2025
ORD03274,CUST0981,Bangalore,03:18.4,Cash on Delivery,Delivered,01-10-2025
ORD01654,CUST0645,Ahmedabad,53:37.0,Cash on Delivery,Delivered,21-09-2025
ORD04375,CUST0963,Bangalore,33:55.3,Cash on Delivery,Delivered,21-05-2025
ORD02830,CUST0773,Hyderabad,16:52.3,UPI,Delivered,24-08-2025
ORD04787,CUST0411,Lucknow,58:32.0,EMI,Delivered,18-02-2026
ORD02205,CUST0918,Pune,48:11.8,UPI,Returned,01-09-2025
ORD03373,CUST0710,Chennai,00:59.6,EMI,Delivered,10-06-2025
ORD03796,CUST0832,Ahmedabad,55:07.5,EMI,Delivered,23-06-2025
ORD02492,CUST0607,Jaipur,37:43.1,Cash on Delivery,Delivered,13-01-2026
ORD03478,CUST0173,Bangalore,07:20.6,Credit Card,Delivered,19-11-2025
ORD04670,CUST0803,Pune,31:27.0,Credit Card,Delivered,25-06-2025
ORD04713,CUST0325,Delhi,20:35.1,UPI,Returned,03-06-2025
ORD02319,CUST0005,Pune,37:14.0,Credit Card,Delivered,12-09-2025
ORD01916,CUST0825,Jaipur,18:11.9,Nykaa Wallet,Returned,27-10-2025
ORD03649,CUST0591,Chennai,14:26.5,Credit Card,Delivered,08-11-2025
ORD04524,CUST0650,Kolkata,24:23.6,Cash on Delivery,Returned,11-06-2025
ORD02908,CUST0631,Mumbai,24:01.6,Credit Card,Delivered,24-06-2025
ORD03537,CUST0078,Mumbai,36:46.7,Nykaa Wallet,Delivered,11-06-2025
ORD02582,CUST0451,Chennai,04:07.9,Debit Card,Returned,16-04-2025
ORD04134,CUST0089,Jaipur,21:30.3,Nykaa Wallet,Cancelled,09-11-2025
ORD02770,CUST0849,Lucknow,15:26.0,Credit Card,Delivered,15-05-2025
ORD03320,CUST0965,Delhi,52:29.4,Cash on Delivery,Delivered,30-09-2025
ORD04347,CUST0480,Hyderabad,27:43.7,Debit Card,Returned,24-05-2025
ORD00380,CUST0059,Delhi,35:44.3,Credit Card,Delivered,03-08-2025
ORD03245,CUST0469,Jaipur,23:12.2,Cash on Delivery,Delivered,23-01-2026
ORD00375,CUST0590,Lucknow,21:50.9,Credit Card,Delivered,02-09-2025
ORD01126,CUST0400,Delhi,11:43.7,UPI,Delivered,14-03-2026
ORD04067,CUST0217,Lucknow,32:42.5,Credit Card,Delivered,17-09-2025
ORD04379,CUST0946,Mumbai,10:33.8,Nykaa Wallet,Cancelled,08-03-2026
ORD02745,CUST0103,Delhi,04:37.3,EMI,Delivered,23-02-2026
ORD03002,CUST0287,Delhi,04:13.0,EMI,Delivered,02-08-2025
ORD03959,CUST0346,Mumbai,20:55.2,Credit Card,Delivered,24-08-2025
ORD01912,CUST0097,Hyderabad,01:52.8,EMI,Cancelled,23-02-2026
ORD03504,CUST0664,Bangalore,30:36.9,Credit Card,Delivered,05-08-2025
ORD03437,CUST0100,Chennai,49:45.9,UPI,Delivered,01-08-2025
ORD01155,CUST0483,Delhi,06:57.6,Debit Card,Delivered,24-09-2025
ORD04642,CUST0817,Hyderabad,58:44.5,Credit Card,Delivered,28-02-2026
ORD03021,CUST0925,Chennai,09:38.0,EMI,Delivered,12-07-2025
ORD02020,CUST1000,Lucknow,58:17.2,Credit Card,Delivered,24-08-2025
ORD03521,CUST0037,Pune,11:36.4,UPI,Delivered,27-06-2025
ORD01699,CUST0210,Lucknow,30:17.0,EMI,Returned,16-02-2026
ORD04350,CUST0249,Lucknow,21:21.5,Nykaa Wallet,Delivered,15-11-2025
ORD01656,CUST0381,Hyderabad,29:59.8,Nykaa Wallet,Delivered,24-06-2025
ORD01725,CUST0091,Hyderabad,58:26.2,Credit Card,Delivered,10-06-2025
ORD00426,CUST0990,Chennai,31:15.6,UPI,Delivered,12-03-2026
ORD04796,CUST0625,Chennai,07:49.2,Nykaa Wallet,Delivered,22-05-2025
ORD02579,CUST0266,Hyderabad,28:23.9,UPI,Delivered,16-01-2026
ORD00944,CUST0704,Hyderabad,37:46.0,Debit Card,Delivered,27-12-2025
ORD02504,CUST0812,Ahmedabad,40:43.0,UPI,Delivered,08-09-2025
ORD00423,CUST0380,Mumbai,56:32.0,Debit Card,Delivered,20-12-2025
ORD04454,CUST0614,Delhi,51:39.5,Credit Card,Delivered,26-03-2026
ORD00779,CUST0197,Pune,35:30.3,Debit Card,Delivered,17-04-2025
ORD00949,CUST0437,Pune,22:41.3,EMI,Delivered,30-12-2025
ORD01607,CUST0257,Ahmedabad,23:48.5,EMI,Delivered,11-09-2025
ORD00503,CUST0441,Hyderabad,38:01.0,Debit Card,Returned,10-11-2025
ORD04532,CUST0270,Bangalore,54:06.5,Nykaa Wallet,Delivered,19-02-2026
ORD03626,CUST0645,Ahmedabad,18:56.9,UPI,Delivered,29-09-2025
ORD03797,CUST0856,Kolkata,43:33.3,Debit Card,Returned,19-11-2025
ORD03275,CUST0068,Hyderabad,18:30.2,UPI,Delivered,26-07-2025
ORD04027,CUST0218,Mumbai,22:00.1,Nykaa Wallet,Delivered,15-02-2026
ORD01149,CUST0805,Bangalore,52:42.2,Credit Card,Delivered,08-04-2025
ORD01196,CUST0804,Pune,29:58.9,Nykaa Wallet,Delivered,19-10-2025
ORD00340,CUST0784,Hyderabad,43:16.1,EMI,Delivered,14-10-2025
ORD04792,CUST0559,Pune,45:47.3,EMI,Delivered,09-05-2025
ORD00318,CUST0754,Bangalore,31:28.3,UPI,Delivered,27-08-2025
ORD00909,CUST0986,Pune,55:46.5,UPI,Delivered,31-03-2026
ORD01263,CUST0564,Chennai,31:35.1,UPI,Delivered,02-07-2025
ORD00826,CUST0654,Chennai,02:34.0,Nykaa Wallet,Delivered,16-01-2026
ORD01983,CUST0289,Ahmedabad,49:57.1,EMI,Delivered,01-02-2026
ORD00653,CUST0964,Kolkata,44:19.3,Debit Card,Delivered,12-03-2026
ORD01918,CUST0869,Pune,37:32.7,Nykaa Wallet,Delivered,29-10-2025
ORD04885,CUST0687,Ahmedabad,58:21.4,Credit Card,Delivered,07-02-2026
ORD03215,CUST0869,Pune,21:51.0,Debit Card,Delivered,13-04-2025
ORD03994,CUST0706,Kolkata,17:49.1,Nykaa Wallet,Returned,23-10-2025
ORD04179,CUST0585,Ahmedabad,50:38.6,UPI,Delivered,08-02-2026
ORD03466,CUST0740,Kolkata,53:42.3,EMI,Delivered,13-07-2025
ORD04935,CUST0705,Jaipur,34:38.0,Credit Card,Delivered,14-09-2025
ORD04735,CUST0796,Lucknow,32:51.1,Credit Card,Returned,14-03-2026
ORD03439,CUST0609,Hyderabad,42:56.8,Nykaa Wallet,Delivered,20-07-2025
ORD02243,CUST0830,Pune,09:46.0,Nykaa Wallet,Returned,25-06-2025
ORD00424,CUST0359,Jaipur,43:47.4,Cash on Delivery,Delivered,10-06-2025
ORD05000,CUST0840,Lucknow,19:26.1,Debit Card,Delivered,23-04-2025
ORD04266,CUST0854,Bangalore,08:29.8,UPI,Delivered,13-01-2026
ORD01527,CUST0414,Mumbai,07:02.5,Debit Card,Delivered,18-03-2026
ORD01021,CUST0437,Pune,09:50.7,Credit Card,Cancelled,30-08-2025
ORD00710,CUST0936,Pune,30:46.2,Debit Card,Cancelled,30-09-2025
ORD02018,CUST0327,Delhi,21:36.7,Debit Card,Delivered,17-08-2025
ORD04217,CUST0214,Jaipur,13:40.7,Debit Card,Cancelled,05-01-2026
ORD02242,CUST0657,Mumbai,40:52.1,Credit Card,Delivered,31-01-2026
ORD03159,CUST0865,Bangalore,00:52.2,UPI,Delivered,26-09-2025
ORD02192,CUST0533,Pune,31:57.7,Nykaa Wallet,Delivered,14-11-2025
ORD01748,CUST0817,Hyderabad,19:36.7,UPI,Delivered,07-12-2025
ORD02786,CUST0474,Mumbai,41:19.4,UPI,Delivered,14-03-2026
ORD04666,CUST0032,Hyderabad,59:30.9,UPI,Cancelled,12-09-2025
ORD04105,CUST0228,Lucknow,13:47.4,Nykaa Wallet,Delivered,19-04-2025
ORD04110,CUST0492,Ahmedabad,10:40.3,Nykaa Wallet,Delivered,20-12-2025
ORD02804,CUST0518,Pune,13:50.4,Debit Card,Cancelled,03-12-2025
ORD03341,CUST0491,Pune,51:32.7,Credit Card,Delivered,26-10-2025
ORD01764,CUST0875,Kolkata,11:40.2,UPI,Delivered,29-09-2025
ORD02814,CUST0060,Bangalore,01:05.9,EMI,Returned,04-12-2025
ORD03691,CUST0631,Mumbai,03:42.2,UPI,Delivered,19-02-2026
ORD04142,CUST0662,Jaipur,21:57.8,Credit Card,Delivered,09-05-2025
ORD04408,CUST0794,Chennai,09:22.6,Cash on Delivery,Delivered,01-07-2025
ORD02464,CUST0930,Hyderabad,04:04.8,Nykaa Wallet,Delivered,24-05-2025
ORD03105,CUST0032,Hyderabad,56:26.0,Debit Card,Delivered,07-03-2026
ORD00062,CUST0239,Lucknow,42:24.0,Debit Card,Delivered,09-01-2026
ORD01422,CUST0163,Mumbai,58:47.2,EMI,Delivered,31-10-2025
ORD04810,CUST0139,Jaipur,52:33.9,Cash on Delivery,Delivered,06-10-2025
ORD00070,CUST0876,Kolkata,22:01.7,Nykaa Wallet,Delivered,29-10-2025
ORD00085,CUST0048,Jaipur,16:57.5,Debit Card,Cancelled,23-06-2025
ORD02059,CUST0038,Lucknow,53:14.1,UPI,Returned,14-04-2025
ORD02005,CUST0446,Pune,16:47.1,UPI,Delivered,15-02-2026
ORD03252,CUST0981,Bangalore,43:21.6,UPI,Cancelled,12-05-2025
ORD03883,CUST0930,Hyderabad,54:18.7,EMI,Delivered,04-07-2025
ORD01561,CUST0511,Lucknow,58:15.8,Credit Card,Delivered,25-11-2025
ORD03179,CUST0913,Lucknow,26:13.7,Credit Card,Delivered,21-11-2025
ORD02414,CUST0949,Jaipur,04:53.2,Nykaa Wallet,Returned,04-09-2025
ORD04910,CUST0979,Hyderabad,33:45.8,Cash on Delivery,Cancelled,30-11-2025
ORD02824,CUST0036,Chennai,02:32.4,EMI,Returned,21-04-2025
ORD01342,CUST0267,Hyderabad,02:28.3,Debit Card,Delivered,10-05-2025
ORD04320,CUST0889,Pune,40:30.1,Credit Card,Delivered,03-01-2026
ORD04616,CUST0994,Ahmedabad,22:40.3,Debit Card,Delivered,28-08-2025
ORD02836,CUST0472,Lucknow,38:16.1,Debit Card,Returned,25-08-2025
ORD01756,CUST0709,Ahmedabad,50:14.6,UPI,Delivered,28-02-2026
ORD03048,CUST0907,Delhi,08:56.3,Credit Card,Delivered,01-07-2025
ORD00548,CUST0570,Hyderabad,22:18.0,Nykaa Wallet,Delivered,13-09-2025
ORD02639,CUST0033,Chennai,16:27.0,Nykaa Wallet,Delivered,11-06-2025
ORD03928,CUST0238,Jaipur,57:03.8,Credit Card,Delivered,12-08-2025
ORD02120,CUST0322,Pune,31:53.1,EMI,Delivered,14-04-2025
ORD01471,CUST0462,Bangalore,38:25.0,UPI,Returned,11-05-2025
ORD04492,CUST0717,Mumbai,05:05.7,Debit Card,Cancelled,15-06-2025
ORD01266,CUST0828,Chennai,40:20.0,EMI,Cancelled,02-03-2026
ORD02481,CUST0715,Mumbai,56:53.1,UPI,Delivered,04-10-2025
ORD01207,CUST0011,Delhi,44:47.2,Cash on Delivery,Delivered,25-08-2025
ORD03826,CUST0748,Bangalore,42:56.8,EMI,Delivered,18-05-2025
ORD01470,CUST0454,Ahmedabad,18:46.1,Debit Card,Delivered,12-07-2025
ORD03419,CUST0857,Hyderabad,37:56.9,Nykaa Wallet,Delivered,06-08-2025
ORD01040,CUST0261,Lucknow,26:42.8,EMI,Delivered,03-09-2025
ORD04129,CUST0196,Kolkata,23:27.8,EMI,Delivered,02-02-2026
ORD00189,CUST0145,Hyderabad,32:06.5,EMI,Delivered,29-12-2025
ORD00510,CUST0518,Pune,01:47.9,Debit Card,Delivered,21-04-2025
ORD01390,CUST0135,Lucknow,58:21.9,UPI,Returned,24-06-2025
ORD01289,CUST0728,Ahmedabad,33:41.3,EMI,Delivered,16-01-2026
ORD02377,CUST0369,Jaipur,45:19.9,Cash on Delivery,Delivered,28-04-2025
ORD04526,CUST0198,Hyderabad,25:04.5,Cash on Delivery,Delivered,14-04-2025
ORD03570,CUST0488,Chennai,05:23.8,EMI,Cancelled,12-12-2025
ORD04060,CUST0938,Kolkata,21:16.9,Nykaa Wallet,Cancelled,01-08-2025
ORD02859,CUST0250,Lucknow,19:37.3,Cash on Delivery,Delivered,03-11-2025
ORD04625,CUST0428,Kolkata,16:01.7,Cash on Delivery,Delivered,28-03-2026
ORD00777,CUST0630,Jaipur,03:03.7,UPI,Cancelled,24-11-2025
ORD04745,CUST0354,Lucknow,06:03.1,Credit Card,Delivered,17-05-2025
ORD03456,CUST0996,Mumbai,15:38.4,Cash on Delivery,Delivered,18-03-2026
ORD02356,CUST0425,Kolkata,52:58.9,Cash on Delivery,Delivered,12-10-2025
ORD03974,CUST0768,Ahmedabad,22:02.9,EMI,Delivered,04-03-2026
ORD04669,CUST0330,Jaipur,10:55.2,Credit Card,Delivered,26-11-2025
ORD01264,CUST0658,Delhi,26:58.2,EMI,Delivered,10-03-2026
ORD03389,CUST0091,Hyderabad,28:22.6,EMI,Cancelled,22-06-2025
ORD01217,CUST0093,Mumbai,34:40.8,Credit Card,Cancelled,04-05-2025
ORD04059,CUST0094,Hyderabad,54:34.2,Cash on Delivery,Delivered,19-01-2026
ORD01500,CUST0963,Bangalore,24:00.2,Debit Card,Delivered,17-05-2025
ORD01025,CUST0699,Jaipur,49:18.4,UPI,Returned,18-09-2025
ORD01122,CUST0805,Bangalore,12:45.8,UPI,Delivered,28-03-2026
ORD03196,CUST0012,Ahmedabad,07:09.9,Nykaa Wallet,Delivered,22-12-2025
ORD04337,CUST0387,Kolkata,32:37.2,EMI,Delivered,11-12-2025
ORD01469,CUST0283,Jaipur,15:08.9,Cash on Delivery,Cancelled,28-12-2025
ORD01816,CUST0195,Hyderabad,46:15.9,Credit Card,Delivered,30-12-2025
ORD00549,CUST0777,Ahmedabad,51:37.7,Credit Card,Returned,16-09-2025
ORD03641,CUST0229,Kolkata,17:00.0,Credit Card,Returned,01-12-2025
ORD01850,CUST0088,Chennai,46:44.5,UPI,Delivered,18-10-2025
ORD02350,CUST0694,Delhi,09:01.6,EMI,Delivered,11-03-2026
ORD00848,CUST0717,Mumbai,22:00.3,Credit Card,Returned,02-01-2026
ORD01120,CUST0725,Delhi,18:25.5,Nykaa Wallet,Delivered,04-08-2025
ORD03943,CUST0903,Jaipur,28:00.0,Cash on Delivery,Delivered,04-08-2025
ORD03483,CUST0424,Ahmedabad,49:12.2,Debit Card,Delivered,03-05-2025
ORD00668,CUST0690,Lucknow,28:59.2,Credit Card,Returned,22-05-2025
ORD00436,CUST0840,Lucknow,29:34.0,Credit Card,Delivered,24-05-2025
ORD00742,CUST0228,Lucknow,49:39.2,Debit Card,Cancelled,24-03-2026
ORD03330,CUST0845,Ahmedabad,28:19.8,Credit Card,Delivered,26-08-2025
ORD03853,CUST0119,Pune,59:37.2,Credit Card,Delivered,29-09-2025
ORD04246,CUST0603,Bangalore,55:34.2,EMI,Returned,04-09-2025
ORD01571,CUST0350,Pune,48:59.0,EMI,Returned,08-05-2025
ORD00361,CUST0894,Mumbai,04:27.8,Cash on Delivery,Delivered,02-12-2025
ORD02818,CUST0418,Delhi,57:00.1,Debit Card,Delivered,29-04-2025
ORD03371,CUST0685,Lucknow,55:45.3,UPI,Delivered,25-10-2025
ORD04955,CUST0583,Mumbai,10:14.3,EMI,Delivered,19-02-2026
ORD00760,CUST0597,Jaipur,21:10.4,UPI,Delivered,03-12-2025
ORD04451,CUST0736,Pune,59:17.1,UPI,Delivered,07-08-2025
ORD03794,CUST0443,Delhi,33:40.6,UPI,Cancelled,10-09-2025
ORD03855,CUST0726,Jaipur,51:32.1,Nykaa Wallet,Delivered,24-06-2025
ORD02380,CUST0350,Pune,03:33.1,UPI,Delivered,11-05-2025
ORD02760,CUST0813,Delhi,28:52.1,Cash on Delivery,Delivered,28-09-2025
ORD04710,CUST0662,Jaipur,29:30.7,Nykaa Wallet,Delivered,11-12-2025
ORD03984,CUST0445,Chennai,11:15.9,Credit Card,Cancelled,01-02-2026
ORD03552,CUST0458,Delhi,46:18.3,Cash on Delivery,Delivered,17-01-2026
ORD00268,CUST0933,Lucknow,45:31.9,Nykaa Wallet,Delivered,28-06-2025
