order_item_id,order_id,product_id,category,brand,quantity,unit_price,discount_pct,discount_amount,final_price,review_rating
ITEM000001,ORD00661,PROD0035,Makeup,Sugar Cosmetics,1,526,15,78.9,447.1,5
ITEM000002,ORD01779,PROD0072,Fragrance,The Ordinary,1,1765,20,353,1412,
ITEM000003,ORD00015,PROD0068,Fragrance,Minimalist,2,1193,0,0,2386,3
ITEM000004,ORD00015,PROD0099,Men's Grooming,Forest Essentials,1,554,5,27.7,526.3,5
ITEM000005,ORD02213,PROD0052,Haircare,Nykaa Cosmetics,1,915,20,183,732,5
ITEM000006,ORD02989,PROD0079,Bath & Body,L'Oreal Paris,2,653,20,261.2,1044.8,2
ITEM000007,ORD04634,PROD0103,Wellness,Forest Essentials,1,1146,15,171.9,974.1,3
ITEM000008,ORD04634,PROD0038,Makeup,The Ordinary,1,477,0,0,477,3
ITEM000009,ORD04603,PROD0040,Makeup,NIVEA,1,681,15,102.15,578.85,5
ITEM000010,ORD00124,PROD0105,Wellness,Minimalist,1,1068,5,53.4,1014.6,2
ITEM000011,ORD00836,PROD0063,Haircare,Mamaearth,2,1105,30,663,1547,5
ITEM000012,ORD03109,PROD0062,Haircare,WOW Skin Science,1,769,5,38.45,730.55,5
ITEM000013,ORD03109,PROD0072,Fragrance,The Ordinary,1,1765,15,264.75,1500.25,2
ITEM000014,ORD03109,PROD0005,Skincare,Biotique,1,893,5,44.65,848.35,5
ITEM000015,ORD01834,PROD0093,Men's Grooming,Nykaa Cosmetics,1,245,5,12.25,232.75,
ITEM000016,ORD01834,PROD0094,Men's Grooming,MAC,1,243,30,72.9,170.1,
ITEM000017,ORD01834,PROD0104,Wellness,Nykaa Cosmetics,3,1259,0,0,3777,
ITEM000018,ORD02153,PROD0080,Bath & Body,Lakme,2,152,10,30.4,273.6,4
ITEM000019,ORD01570,PROD0073,Fragrance,Biotique,2,2226,0,0,4452,5
ITEM000020,ORD04346,PROD0073,Fragrance,Biotique,1,2226,0,0,2226,3
ITEM000021,ORD04346,PROD0086,Bath & Body,Sugar Cosmetics,1,317,30,95.1,221.9,4
ITEM000022,ORD00894,PROD0074,Fragrance,NIVEA,1,752,0,0,752,
ITEM000023,ORD01029,PROD0072,Fragrance,The Ordinary,1,1765,15,264.75,1500.25,5
ITEM000024,ORD01029,PROD0093,Men's Grooming,Nykaa Cosmetics,1,245,30,73.5,171.5,3
ITEM000025,ORD01029,PROD0109,Wellness,L'Oreal Paris,1,625,30,187.5,437.5,5
ITEM000026,ORD01050,PROD0088,Bath & Body,Sugar Cosmetics,1,669,0,0,669,
ITEM000027,ORD03004,PROD0067,Fragrance,Biotique,1,1488,30,446.4,1041.6,5
ITEM000028,ORD04944,PROD0053,Haircare,Forest Essentials,1,1102,15,165.3,936.7,
ITEM000029,ORD03678,PROD0071,Fragrance,Maybelline,1,1416,30,424.8,991.2,5
ITEM000030,ORD03678,PROD0019,Skincare,The Ordinary,1,1588,0,0,1588,3
ITEM000031,ORD03678,PROD0050,Haircare,Nykaa Cosmetics,1,762,10,76.2,685.8,5
ITEM000032,ORD01538,PROD0036,Makeup,Dot & Key,1,988,5,49.4,938.6,4
ITEM000033,ORD01538,PROD0083,Bath & Body,Minimalist,1,446,15,66.9,379.1,4
ITEM000034,ORD01538,PROD0005,Skincare,Biotique,1,893,20,178.6,714.4,2
ITEM000035,ORD00006,PROD0002,Skincare,Dot & Key,1,483,0,0,483,5
ITEM000036,ORD00006,PROD0021,Skincare,Biotique,1,869,0,0,869,5
ITEM000037,ORD04832,PROD0023,Skincare,Biotique,1,1629,0,0,1629,5
ITEM000038,ORD03420,PROD0015,Skincare,Biotique,1,1295,20,259,1036,3
ITEM000039,ORD01658,PROD0106,Wellness,Forest Essentials,1,762,0,0,762,
ITEM000040,ORD01254,PROD0021,Skincare,Biotique,1,869,15,130.35,738.65,5
ITEM000041,ORD03592,PROD0096,Men's Grooming,The Ordinary,1,520,10,52,468,3
ITEM000042,ORD03592,PROD0103,Wellness,Forest Essentials,3,1146,30,1031.4,2406.6,3
ITEM000043,ORD02316,PROD0089,Bath & Body,Biotique,1,384,10,38.4,345.6,1
ITEM000044,ORD02316,PROD0096,Men's Grooming,The Ordinary,1,520,10,52,468,5
ITEM000045,ORD02316,PROD0009,Skincare,NIVEA,1,720,10,72,648,5
ITEM000046,ORD02316,PROD0075,Fragrance,Forest Essentials,1,1648,0,0,1648,2
ITEM000047,ORD02262,PROD0061,Haircare,L'Oreal Paris,1,466,0,0,466,4
ITEM000048,ORD02262,PROD0111,Wellness,Maybelline,2,489,10,97.8,880.2,4
ITEM000049,ORD04333,PROD0035,Makeup,Sugar Cosmetics,1,526,0,0,526,
ITEM000050,ORD02275,PROD0036,Makeup,Dot & Key,1,988,20,197.6,790.4,5
ITEM000051,ORD02275,PROD0105,Wellness,Minimalist,1,1068,5,53.4,1014.6,5
ITEM000052,ORD02275,PROD0065,Haircare,Forest Essentials,1,334,30,100.2,233.8,4
ITEM000053,ORD02275,PROD0032,Makeup,Maybelline,1,2207,30,662.1,1544.9,5
ITEM000054,ORD04552,PROD0026,Makeup,Biotique,1,267,30,80.1,186.9,
ITEM000055,ORD04552,PROD0102,Wellness,MAC,1,1278,15,191.7,1086.3,
ITEM000056,ORD03339,PROD0108,Wellness,The Ordinary,1,945,5,47.25,897.75,
ITEM000057,ORD03339,PROD0105,Wellness,Minimalist,1,1068,5,53.4,1014.6,
ITEM000058,ORD02699,PROD0041,Makeup,Mamaearth,1,1516,15,227.4,1288.6,5
ITEM000059,ORD02699,PROD0106,Wellness,Forest Essentials,1,762,0,0,762,4
ITEM000060,ORD02699,PROD0026,Makeup,Biotique,1,267,30,80.1,186.9,4
ITEM000061,ORD04594,PROD0037,Makeup,Mamaearth,1,209,5,10.45,198.55,4
ITEM000062,ORD00242,PROD0088,Bath & Body,Sugar Cosmetics,1,669,0,0,669,4
ITEM000063,ORD02756,PROD0102,Wellness,MAC,1,1278,0,0,1278,5
ITEM000064,ORD03326,PROD0025,Skincare,Forest Essentials,1,639,5,31.95,607.05,
ITEM000065,ORD04553,PROD0068,Fragrance,Minimalist,1,1193,15,178.95,1014.05,5
ITEM000066,ORD04553,PROD0099,Men's Grooming,Forest Essentials,1,554,0,0,554,1
ITEM000067,ORD01822,PROD0084,Bath & Body,Mamaearth,2,750,30,450,1050,5
ITEM000068,ORD03025,PROD0052,Haircare,Nykaa Cosmetics,1,915,15,137.25,777.75,1
ITEM000069,ORD04972,PROD0042,Makeup,Sugar Cosmetics,1,647,5,32.35,614.65,5
ITEM000070,ORD04972,PROD0090,Men's Grooming,NIVEA,1,842,5,42.1,799.9,4
ITEM000071,ORD02115,PROD0067,Fragrance,Biotique,3,1488,20,892.8,3571.2,4
ITEM000072,ORD03610,PROD0093,Men's Grooming,Nykaa Cosmetics,1,245,15,36.75,208.25,
ITEM000073,ORD03610,PROD0081,Bath & Body,L'Oreal Paris,1,767,5,38.35,728.65,
ITEM000074,ORD02436,PROD0039,Makeup,Nykaa Cosmetics,2,864,0,0,1728,4
ITEM000075,ORD02436,PROD0074,Fragrance,NIVEA,2,752,0,0,1504,3
ITEM000076,ORD02436,PROD0042,Makeup,Sugar Cosmetics,1,647,15,97.05,549.95,2
ITEM000077,ORD04805,PROD0081,Bath & Body,L'Oreal Paris,1,767,20,153.4,613.6,4
ITEM000078,ORD04805,PROD0108,Wellness,The Ordinary,1,945,0,0,945,5
ITEM000079,ORD04251,PROD0062,Haircare,WOW Skin Science,1,769,15,115.35,653.65,
ITEM000080,ORD04410,PROD0109,Wellness,L'Oreal Paris,1,625,15,93.75,531.25,3
ITEM000081,ORD00782,PROD0011,Skincare,Lakme,1,1528,30,458.4,1069.6,
ITEM000082,ORD04280,PROD0086,Bath & Body,Sugar Cosmetics,3,317,5,47.55,903.45,
ITEM000083,ORD03890,PROD0105,Wellness,Minimalist,1,1068,0,0,1068,4
ITEM000084,ORD03890,PROD0008,Skincare,Forest Essentials,3,317,5,47.55,903.45,5
ITEM000085,ORD03890,PROD0014,Skincare,Sugar Cosmetics,3,1200,0,0,3600,3
ITEM000086,ORD03890,PROD0042,Makeup,Sugar Cosmetics,1,647,10,64.7,582.3,5
ITEM000087,ORD04781,PROD0086,Bath & Body,Sugar Cosmetics,1,317,30,95.1,221.9,5
ITEM000088,ORD04781,PROD0110,Wellness,Nykaa Cosmetics,2,1400,5,140,2660,4
ITEM000089,ORD04781,PROD0045,Makeup,WOW Skin Science,1,1690,30,507,1183,2
ITEM000090,ORD00746,PROD0047,Haircare,Biotique,1,665,15,99.75,565.25,4
ITEM000091,ORD04806,PROD0047,Haircare,Biotique,2,665,10,133,1197,5
ITEM000092,ORD00930,PROD0112,Wellness,NIVEA,2,964,0,0,1928,3
ITEM000093,ORD03720,PROD0035,Makeup,Sugar Cosmetics,1,526,0,0,526,3
ITEM000094,ORD03720,PROD0076,Fragrance,Dot & Key,1,552,30,165.6,386.4,4
ITEM000095,ORD00678,PROD0044,Makeup,Nykaa Cosmetics,2,701,0,0,1402,5
ITEM000096,ORD00530,PROD0110,Wellness,Nykaa Cosmetics,1,1400,0,0,1400,4
ITEM000097,ORD00530,PROD0042,Makeup,Sugar Cosmetics,1,647,30,194.1,452.9,5
ITEM000098,ORD00118,PROD0007,Skincare,Biotique,1,995,15,149.25,845.75,5
ITEM000099,ORD00118,PROD0104,Wellness,Nykaa Cosmetics,1,1259,5,62.95,1196.05,4
ITEM000100,ORD00118,PROD0040,Makeup,NIVEA,1,681,0,0,681,2
ITEM000101,ORD00118,PROD0070,Fragrance,NIVEA,2,2241,20,896.4,3585.6,5
ITEM000102,ORD04222,PROD0079,Bath & Body,L'Oreal Paris,1,653,5,32.65,620.35,3
ITEM000103,ORD01517,PROD0057,Haircare,The Ordinary,1,735,0,0,735,5
ITEM000104,ORD03270,PROD0011,Skincare,Lakme,2,1528,20,611.2,2444.8,5
ITEM000105,ORD00994,PROD0055,Haircare,Minimalist,2,967,5,96.7,1837.3,
ITEM000106,ORD00994,PROD0052,Haircare,Nykaa Cosmetics,3,915,15,411.75,2333.25,
ITEM000107,ORD03944,PROD0085,Bath & Body,Sugar Cosmetics,1,329,10,32.9,296.1,5
ITEM000108,ORD03063,PROD0081,Bath & Body,L'Oreal Paris,1,767,20,153.4,613.6,5
ITEM000109,ORD03063,PROD0050,Haircare,Nykaa Cosmetics,1,762,0,0,762,4
ITEM000110,ORD03063,PROD0028,Makeup,L'Oreal Paris,1,844,0,0,844,1
ITEM000111,ORD01961,PROD0067,Fragrance,Biotique,1,1488,30,446.4,1041.6,3
ITEM000112,ORD01961,PROD0029,Makeup,Biotique,1,1007,30,302.1,704.9,5
ITEM000113,ORD01502,PROD0094,Men's Grooming,MAC,1,243,20,48.6,194.4,4
ITEM000114,ORD01502,PROD0078,Fragrance,Forest Essentials,1,1970,5,98.5,1871.5,4
ITEM000115,ORD04169,PROD0010,Skincare,The Ordinary,1,893,20,178.6,714.4,3
ITEM000116,ORD00312,PROD0036,Makeup,Dot & Key,1,988,30,296.4,691.6,5
ITEM000117,ORD00312,PROD0082,Bath & Body,Sugar Cosmetics,1,621,15,93.15,527.85,3
ITEM000118,ORD02340,PROD0039,Makeup,Nykaa Cosmetics,1,864,20,172.8,691.2,
ITEM000119,ORD02340,PROD0081,Bath & Body,L'Oreal Paris,1,767,10,76.7,690.3,
ITEM000120,ORD02340,PROD0008,Skincare,Forest Essentials,2,317,5,31.7,602.3,
ITEM000121,ORD03129,PROD0060,Haircare,Plum,2,512,30,307.2,716.8,5
ITEM000122,ORD03129,PROD0030,Makeup,Nykaa Cosmetics,2,946,10,189.2,1702.8,3
ITEM000123,ORD04484,PROD0096,Men's Grooming,The Ordinary,1,520,15,78,442,2
ITEM000124,ORD04484,PROD0036,Makeup,Dot & Key,1,988,0,0,988,5
ITEM000125,ORD03280,PROD0069,Fragrance,Plum,1,1765,0,0,1765,2
ITEM000126,ORD00516,PROD0029,Makeup,Biotique,1,1007,5,50.35,956.65,3
ITEM000127,ORD00516,PROD0096,Men's Grooming,The Ordinary,1,520,30,156,364,4
ITEM000128,ORD00516,PROD0090,Men's Grooming,NIVEA,1,842,10,84.2,757.8,4
ITEM000129,ORD01887,PROD0104,Wellness,Nykaa Cosmetics,1,1259,10,125.9,1133.1,4
ITEM000130,ORD00925,PROD0041,Makeup,Mamaearth,1,1516,0,0,1516,5
ITEM000131,ORD01427,PROD0065,Haircare,Forest Essentials,1,334,10,33.4,300.6,5
ITEM000132,ORD01427,PROD0081,Bath & Body,L'Oreal Paris,1,767,5,38.35,728.65,4
ITEM000133,ORD00789,PROD0006,Skincare,Nykaa Cosmetics,2,1639,5,163.9,3114.1,4
ITEM000134,ORD00789,PROD0040,Makeup,NIVEA,1,681,0,0,681,4
ITEM000135,ORD03764,PROD0035,Makeup,Sugar Cosmetics,1,526,0,0,526,5
ITEM000136,ORD03469,PROD0059,Haircare,Minimalist,1,503,5,25.15,477.85,4
ITEM000137,ORD03469,PROD0072,Fragrance,The Ordinary,1,1765,0,0,1765,5
ITEM000138,ORD03786,PROD0099,Men's Grooming,Forest Essentials,3,554,20,332.4,1329.6,1
ITEM000139,ORD03295,PROD0010,Skincare,The Ordinary,1,893,30,267.9,625.1,3
ITEM000140,ORD02939,PROD0089,Bath & Body,Biotique,1,384,5,19.2,364.8,
ITEM000141,ORD02939,PROD0003,Skincare,MAC,1,1606,0,0,1606,
ITEM000142,ORD02774,PROD0077,Fragrance,Lakme,1,2406,0,0,2406,1
ITEM000143,ORD03773,PROD0089,Bath & Body,Biotique,1,384,30,115.2,268.8,
ITEM000144,ORD03773,PROD0052,Haircare,Nykaa Cosmetics,1,915,0,0,915,
ITEM000145,ORD00915,PROD0064,Haircare,The Ordinary,2,642,20,256.8,1027.2,5
ITEM000146,ORD02574,PROD0104,Wellness,Nykaa Cosmetics,1,1259,0,0,1259,
ITEM000147,ORD02574,PROD0024,Skincare,MAC,1,900,20,180,720,
ITEM000148,ORD02349,PROD0056,Haircare,MAC,1,1009,20,201.8,807.2,5
ITEM000149,ORD02349,PROD0057,Haircare,The Ordinary,1,735,5,36.75,698.25,5
ITEM000150,ORD02349,PROD0022,Skincare,MAC,1,1685,20,337,1348,4
ITEM000151,ORD04605,PROD0078,Fragrance,Forest Essentials,1,1970,10,197,1773,
ITEM000152,ORD02258,PROD0084,Bath & Body,Mamaearth,1,750,0,0,750,4
ITEM000153,ORD02258,PROD0099,Men's Grooming,Forest Essentials,2,554,10,110.8,997.2,4
ITEM000154,ORD02258,PROD0063,Haircare,Mamaearth,1,1105,5,55.25,1049.75,5
ITEM000155,ORD04061,PROD0040,Makeup,NIVEA,2,681,30,408.6,953.4,5
ITEM000156,ORD04061,PROD0073,Fragrance,Biotique,1,2226,15,333.9,1892.1,4
ITEM000157,ORD04061,PROD0108,Wellness,The Ordinary,2,945,10,189,1701,5
ITEM000158,ORD04061,PROD0100,Men's Grooming,Minimalist,1,156,15,23.4,132.6,4
ITEM000159,ORD04270,PROD0008,Skincare,Forest Essentials,1,317,20,63.4,253.6,3
ITEM000160,ORD04366,PROD0014,Skincare,Sugar Cosmetics,1,1200,10,120,1080,
ITEM000161,ORD04366,PROD0031,Makeup,WOW Skin Science,1,1892,15,283.8,1608.2,
ITEM000162,ORD04366,PROD0052,Haircare,Nykaa Cosmetics,1,915,20,183,732,
ITEM000163,ORD01932,PROD0067,Fragrance,Biotique,1,1488,30,446.4,1041.6,
ITEM000164,ORD00092,PROD0089,Bath & Body,Biotique,2,384,20,153.6,614.4,4
ITEM000165,ORD01227,PROD0013,Skincare,Nykaa Cosmetics,1,716,15,107.4,608.6,4
ITEM000166,ORD01394,PROD0028,Makeup,L'Oreal Paris,2,844,15,253.2,1434.8,
ITEM000167,ORD01394,PROD0021,Skincare,Biotique,1,869,20,173.8,695.2,
ITEM000168,ORD02483,PROD0064,Haircare,The Ordinary,1,642,10,64.2,577.8,5
ITEM000169,ORD01645,PROD0036,Makeup,Dot & Key,1,988,20,197.6,790.4,4
ITEM000170,ORD03907,PROD0034,Makeup,WOW Skin Science,1,2004,10,200.4,1803.6,4
ITEM000171,ORD01567,PROD0040,Makeup,NIVEA,1,681,0,0,681,2
ITEM000172,ORD02846,PROD0094,Men's Grooming,MAC,2,243,0,0,486,5
ITEM000173,ORD00996,PROD0024,Skincare,MAC,3,900,0,0,2700,5
ITEM000174,ORD00996,PROD0041,Makeup,Mamaearth,2,1516,0,0,3032,5
ITEM000175,ORD00996,PROD0092,Men's Grooming,Lakme,1,463,30,138.9,324.1,5
ITEM000176,ORD00996,PROD0001,Skincare,Minimalist,1,1006,10,100.6,905.4,5
ITEM000177,ORD01791,PROD0008,Skincare,Forest Essentials,1,317,20,63.4,253.6,3
ITEM000178,ORD01791,PROD0020,Skincare,Maybelline,1,1237,10,123.7,1113.3,4
ITEM000179,ORD03101,PROD0050,Haircare,Nykaa Cosmetics,1,762,5,38.1,723.9,5
ITEM000180,ORD01631,PROD0076,Fragrance,Dot & Key,1,552,0,0,552,5
ITEM000181,ORD01631,PROD0015,Skincare,Biotique,2,1295,10,259,2331,4
ITEM000182,ORD01631,PROD0089,Bath & Body,Biotique,1,384,15,57.6,326.4,5
ITEM000183,ORD00541,PROD0041,Makeup,Mamaearth,1,1516,15,227.4,1288.6,5
ITEM000184,ORD00541,PROD0067,Fragrance,Biotique,1,1488,15,223.2,1264.8,4
ITEM000185,ORD00758,PROD0102,Wellness,MAC,1,1278,30,383.4,894.6,4
ITEM000186,ORD00487,PROD0029,Makeup,Biotique,1,1007,0,0,1007,4
ITEM000187,ORD04655,PROD0031,Makeup,WOW Skin Science,1,1892,5,94.6,1797.4,4
ITEM000188,ORD04949,PROD0073,Fragrance,Biotique,1,2226,15,333.9,1892.1,5
ITEM000189,ORD04312,PROD0044,Makeup,Nykaa Cosmetics,1,701,5,35.05,665.95,3
ITEM000190,ORD00980,PROD0077,Fragrance,Lakme,1,2406,15,360.9,2045.1,4
ITEM000191,ORD00980,PROD0076,Fragrance,Dot & Key,1,552,0,0,552,3
ITEM000192,ORD00980,PROD0112,Wellness,NIVEA,1,964,15,144.6,819.4,4
ITEM000193,ORD00980,PROD0019,Skincare,The Ordinary,1,1588,15,238.2,1349.8,4
ITEM000194,ORD03127,PROD0009,Skincare,NIVEA,1,720,10,72,648,5
ITEM000195,ORD03273,PROD0041,Makeup,Mamaearth,1,1516,0,0,1516,4
ITEM000196,ORD03273,PROD0024,Skincare,MAC,1,900,15,135,765,3
ITEM000197,ORD03273,PROD0037,Makeup,Mamaearth,1,209,5,10.45,198.55,3
ITEM000198,ORD04931,PROD0045,Makeup,WOW Skin Science,2,1690,20,676,2704,3
ITEM000199,ORD04767,PROD0075,Fragrance,Forest Essentials,3,1648,0,0,4944,4
ITEM000200,ORD04767,PROD0080,Bath & Body,Lakme,2,152,15,45.6,258.4,5
ITEM000201,ORD04767,PROD0063,Haircare,Mamaearth,1,1105,10,110.5,994.5,5
ITEM000202,ORD02143,PROD0029,Makeup,Biotique,2,1007,20,402.8,1611.2,5
ITEM000203,ORD00324,PROD0071,Fragrance,Maybelline,2,1416,30,849.6,1982.4,2
ITEM000204,ORD01340,PROD0073,Fragrance,Biotique,3,2226,5,333.9,6344.1,3
ITEM000205,ORD01095,PROD0097,Men's Grooming,Maybelline,1,369,20,73.8,295.2,5
ITEM000206,ORD01095,PROD0077,Fragrance,Lakme,1,2406,0,0,2406,5
ITEM000207,ORD01095,PROD0081,Bath & Body,L'Oreal Paris,2,767,15,230.1,1303.9,5
ITEM000208,ORD00722,PROD0107,Wellness,Sugar Cosmetics,2,1156,20,462.4,1849.6,4
ITEM000209,ORD00722,PROD0089,Bath & Body,Biotique,1,384,10,38.4,345.6,4
ITEM000210,ORD02902,PROD0021,Skincare,Biotique,2,869,20,347.6,1390.4,3
ITEM000211,ORD04191,PROD0042,Makeup,Sugar Cosmetics,1,647,0,0,647,5
ITEM000212,ORD04191,PROD0057,Haircare,The Ordinary,1,735,10,73.5,661.5,5
ITEM000213,ORD04191,PROD0020,Skincare,Maybelline,3,1237,0,0,3711,4
ITEM000214,ORD03744,PROD0110,Wellness,Nykaa Cosmetics,3,1400,30,1260,2940,5
ITEM000215,ORD03744,PROD0109,Wellness,L'Oreal Paris,2,625,0,0,1250,5
ITEM000216,ORD03744,PROD0104,Wellness,Nykaa Cosmetics,2,1259,20,503.6,2014.4,5
ITEM000217,ORD03744,PROD0041,Makeup,Mamaearth,2,1516,15,454.8,2577.2,5
ITEM000218,ORD02121,PROD0015,Skincare,Biotique,1,1295,30,388.5,906.5,
ITEM000219,ORD02121,PROD0060,Haircare,Plum,2,512,30,307.2,716.8,
ITEM000220,ORD02121,PROD0066,Fragrance,Forest Essentials,2,2975,20,1190,4760,
ITEM000221,ORD04761,PROD0004,Skincare,Dot & Key,2,1072,30,643.2,1500.8,3
ITEM000222,ORD04761,PROD0109,Wellness,L'Oreal Paris,1,625,30,187.5,437.5,5
ITEM000223,ORD01218,PROD0095,Men's Grooming,The Ordinary,2,269,15,80.7,457.3,4
ITEM000224,ORD01904,PROD0053,Haircare,Forest Essentials,1,1102,0,0,1102,4
ITEM000225,ORD01904,PROD0063,Haircare,Mamaearth,1,1105,10,110.5,994.5,5
ITEM000226,ORD01228,PROD0087,Bath & Body,Dot & Key,1,222,5,11.1,210.9,5
ITEM000227,ORD01228,PROD0024,Skincare,MAC,1,900,10,90,810,4
ITEM000228,ORD01228,PROD0102,Wellness,MAC,1,1278,20,255.6,1022.4,5
ITEM000229,ORD01228,PROD0089,Bath & Body,Biotique,1,384,0,0,384,5
ITEM000230,ORD03180,PROD0005,Skincare,Biotique,2,893,20,357.2,1428.8,5
ITEM000231,ORD03030,PROD0062,Haircare,WOW Skin Science,1,769,10,76.9,692.1,5
ITEM000232,ORD03081,PROD0014,Skincare,Sugar Cosmetics,2,1200,0,0,2400,4
ITEM000233,ORD03081,PROD0017,Skincare,WOW Skin Science,1,1699,30,509.7,1189.3,2
ITEM000234,ORD00649,PROD0012,Skincare,Minimalist,3,428,10,128.4,1155.6,4
ITEM000235,ORD00649,PROD0002,Skincare,Dot & Key,2,483,5,48.3,917.7,5
ITEM000236,ORD04481,PROD0073,Fragrance,Biotique,1,2226,20,445.2,1780.8,5
ITEM000237,ORD02629,PROD0005,Skincare,Biotique,1,893,10,89.3,803.7,1
ITEM000238,ORD02629,PROD0087,Bath & Body,Dot & Key,1,222,15,33.3,188.7,4
ITEM000239,ORD02629,PROD0080,Bath & Body,Lakme,1,152,15,22.8,129.2,5
ITEM000240,ORD00106,PROD0076,Fragrance,Dot & Key,1,552,15,82.8,469.2,3
ITEM000241,ORD04800,PROD0072,Fragrance,The Ordinary,1,1765,20,353,1412,
ITEM000242,ORD04800,PROD0087,Bath & Body,Dot & Key,3,222,15,99.9,566.1,
ITEM000243,ORD00477,PROD0050,Haircare,Nykaa Cosmetics,2,762,15,228.6,1295.4,4
ITEM000244,ORD00477,PROD0085,Bath & Body,Sugar Cosmetics,1,329,10,32.9,296.1,3
ITEM000245,ORD03731,PROD0091,Men's Grooming,WOW Skin Science,1,530,15,79.5,450.5,5
ITEM000246,ORD03731,PROD0099,Men's Grooming,Forest Essentials,2,554,10,110.8,997.2,4
ITEM000247,ORD03731,PROD0031,Makeup,WOW Skin Science,1,1892,0,0,1892,2
ITEM000248,ORD04675,PROD0086,Bath & Body,Sugar Cosmetics,1,317,10,31.7,285.3,5
ITEM000249,ORD00041,PROD0015,Skincare,Biotique,1,1295,5,64.75,1230.25,
ITEM000250,ORD00041,PROD0080,Bath & Body,Lakme,1,152,0,0,152,
ITEM000251,ORD00234,PROD0054,Haircare,Dot & Key,2,181,0,0,362,
ITEM000252,ORD00234,PROD0060,Haircare,Plum,1,512,5,25.6,486.4,
ITEM000253,ORD00234,PROD0043,Makeup,WOW Skin Science,1,1330,0,0,1330,
ITEM000254,ORD00234,PROD0050,Haircare,Nykaa Cosmetics,1,762,0,0,762,
ITEM000255,ORD00570,PROD0108,Wellness,The Ordinary,1,945,5,47.25,897.75,4
ITEM000256,ORD00570,PROD0072,Fragrance,The Ordinary,2,1765,30,1059,2471,4
ITEM000257,ORD04692,PROD0037,Makeup,Mamaearth,1,209,20,41.8,167.2,
ITEM000258,ORD00807,PROD0083,Bath & Body,Minimalist,1,446,15,66.9,379.1,3
ITEM000259,ORD00807,PROD0075,Fragrance,Forest Essentials,1,1648,5,82.4,1565.6,5
ITEM000260,ORD02890,PROD0022,Skincare,MAC,3,1685,5,252.75,4802.25,5
ITEM000261,ORD02890,PROD0084,Bath & Body,Mamaearth,1,750,20,150,600,3
ITEM000262,ORD02101,PROD0108,Wellness,The Ordinary,1,945,20,189,756,4
ITEM000263,ORD04369,PROD0047,Haircare,Biotique,2,665,15,199.5,1130.5,4
ITEM000264,ORD04369,PROD0097,Men's Grooming,Maybelline,1,369,30,110.7,258.3,5
ITEM000265,ORD03766,PROD0108,Wellness,The Ordinary,2,945,30,567,1323,
ITEM000266,ORD00342,PROD0021,Skincare,Biotique,3,869,0,0,2607,5
ITEM000267,ORD00342,PROD0065,Haircare,Forest Essentials,2,334,20,133.6,534.4,5
ITEM000268,ORD01410,PROD0069,Fragrance,Plum,2,1765,0,0,3530,3
ITEM000269,ORD02044,PROD0011,Skincare,Lakme,2,1528,5,152.8,2903.2,3
ITEM000270,ORD00614,PROD0039,Makeup,Nykaa Cosmetics,2,864,10,172.8,1555.2,5
ITEM000271,ORD00614,PROD0073,Fragrance,Biotique,2,2226,30,1335.6,3116.4,1
ITEM000272,ORD03359,PROD0020,Skincare,Maybelline,1,1237,5,61.85,1175.15,4
ITEM000273,ORD00298,PROD0100,Men's Grooming,Minimalist,2,156,0,0,312,4
ITEM000274,ORD03707,PROD0039,Makeup,Nykaa Cosmetics,1,864,10,86.4,777.6,2
ITEM000275,ORD03707,PROD0002,Skincare,Dot & Key,1,483,10,48.3,434.7,4
ITEM000276,ORD03011,PROD0057,Haircare,The Ordinary,2,735,5,73.5,1396.5,
ITEM000277,ORD03011,PROD0086,Bath & Body,Sugar Cosmetics,1,317,5,15.85,301.15,
ITEM000278,ORD01479,PROD0060,Haircare,Plum,1,512,30,153.6,358.4,
ITEM000279,ORD01479,PROD0006,Skincare,Nykaa Cosmetics,2,1639,0,0,3278,
ITEM000280,ORD00604,PROD0090,Men's Grooming,NIVEA,2,842,15,252.6,1431.4,
ITEM000281,ORD00604,PROD0087,Bath & Body,Dot & Key,1,222,0,0,222,
ITEM000282,ORD00604,PROD0092,Men's Grooming,Lakme,2,463,20,185.2,740.8,
ITEM000283,ORD00130,PROD0078,Fragrance,Forest Essentials,2,1970,5,197,3743,5
ITEM000284,ORD00130,PROD0034,Makeup,WOW Skin Science,1,2004,20,400.8,1603.2,5
ITEM000285,ORD01062,PROD0107,Wellness,Sugar Cosmetics,2,1156,10,231.2,2080.8,
ITEM000286,ORD01062,PROD0049,Haircare,Forest Essentials,1,718,30,215.4,502.6,
ITEM000287,ORD04854,PROD0010,Skincare,The Ordinary,1,893,10,89.3,803.7,5
ITEM000288,ORD04854,PROD0038,Makeup,The Ordinary,3,477,10,143.1,1287.9,5
ITEM000289,ORD01993,PROD0034,Makeup,WOW Skin Science,1,2004,5,100.2,1903.8,
ITEM000290,ORD01459,PROD0070,Fragrance,NIVEA,2,2241,20,896.4,3585.6,
ITEM000291,ORD01459,PROD0110,Wellness,Nykaa Cosmetics,1,1400,0,0,1400,
ITEM000292,ORD01459,PROD0096,Men's Grooming,The Ordinary,1,520,30,156,364,
ITEM000293,ORD03360,PROD0036,Makeup,Dot & Key,2,988,0,0,1976,5
ITEM000294,ORD03360,PROD0085,Bath & Body,Sugar Cosmetics,2,329,30,197.4,460.6,5
ITEM000295,ORD03697,PROD0036,Makeup,Dot & Key,1,988,20,197.6,790.4,3
ITEM000296,ORD03697,PROD0108,Wellness,The Ordinary,1,945,5,47.25,897.75,4
ITEM000297,ORD03697,PROD0060,Haircare,Plum,1,512,5,25.6,486.4,5
ITEM000298,ORD03697,PROD0001,Skincare,Minimalist,1,1006,15,150.9,855.1,5
ITEM000299,ORD04184,PROD0085,Bath & Body,Sugar Cosmetics,1,329,20,65.8,263.2,3
ITEM000300,ORD04184,PROD0019,Skincare,The Ordinary,2,1588,10,317.6,2858.4,4
ITEM000301,ORD04184,PROD0014,Skincare,Sugar Cosmetics,1,1200,10,120,1080,4
ITEM000302,ORD02719,PROD0005,Skincare,Biotique,1,893,30,267.9,625.1,3
ITEM000303,ORD02719,PROD0012,Skincare,Minimalist,3,428,0,0,1284,5
ITEM000304,ORD02719,PROD0065,Haircare,Forest Essentials,1,334,0,0,334,4
ITEM000305,ORD02719,PROD0016,Skincare,The Ordinary,1,1150,5,57.5,1092.5,3
ITEM000306,ORD02382,PROD0043,Makeup,WOW Skin Science,1,1330,15,199.5,1130.5,2
ITEM000307,ORD02382,PROD0019,Skincare,The Ordinary,1,1588,30,476.4,1111.6,5
ITEM000308,ORD02116,PROD0047,Haircare,Biotique,3,665,15,299.25,1695.75,4
ITEM000309,ORD02116,PROD0041,Makeup,Mamaearth,2,1516,20,606.4,2425.6,4
ITEM000310,ORD02116,PROD0035,Makeup,Sugar Cosmetics,1,526,10,52.6,473.4,2
ITEM000311,ORD02116,PROD0034,Makeup,WOW Skin Science,1,2004,5,100.2,1903.8,4
ITEM000312,ORD04112,PROD0026,Makeup,Biotique,1,267,0,0,267,3
ITEM000313,ORD04112,PROD0001,Skincare,Minimalist,2,1006,30,603.6,1408.4,4
ITEM000314,ORD04112,PROD0070,Fragrance,NIVEA,1,2241,5,112.05,2128.95,5
ITEM000315,ORD00667,PROD0099,Men's Grooming,Forest Essentials,1,554,10,55.4,498.6,4
ITEM000316,ORD01268,PROD0063,Haircare,Mamaearth,1,1105,30,331.5,773.5,5
ITEM000317,ORD04638,PROD0029,Makeup,Biotique,1,1007,10,100.7,906.3,4
ITEM000318,ORD04638,PROD0057,Haircare,The Ordinary,1,735,0,0,735,5
ITEM000319,ORD04265,PROD0071,Fragrance,Maybelline,3,1416,0,0,4248,1
ITEM000320,ORD01317,PROD0058,Haircare,Mamaearth,1,841,5,42.05,798.95,5
ITEM000321,ORD04624,PROD0112,Wellness,NIVEA,2,964,5,96.4,1831.6,5
ITEM000322,ORD04624,PROD0033,Makeup,Mamaearth,2,2384,30,1430.4,3337.6,4
ITEM000323,ORD04624,PROD0024,Skincare,MAC,1,900,10,90,810,2
ITEM000324,ORD02070,PROD0098,Men's Grooming,The Ordinary,3,241,5,36.15,686.85,4
ITEM000325,ORD02070,PROD0020,Skincare,Maybelline,1,1237,0,0,1237,5
ITEM000326,ORD00964,PROD0023,Skincare,Biotique,1,1629,20,325.8,1303.2,4
ITEM000327,ORD00666,PROD0077,Fragrance,Lakme,1,2406,10,240.6,2165.4,
ITEM000328,ORD00666,PROD0096,Men's Grooming,The Ordinary,3,520,5,78,1482,
ITEM000329,ORD00666,PROD0032,Makeup,Maybelline,2,2207,15,662.1,3751.9,
ITEM000330,ORD00666,PROD0044,Makeup,Nykaa Cosmetics,1,701,0,0,701,
ITEM000331,ORD01295,PROD0105,Wellness,Minimalist,1,1068,20,213.6,854.4,4
ITEM000332,ORD01295,PROD0062,Haircare,WOW Skin Science,1,769,0,0,769,4
ITEM000333,ORD00953,PROD0087,Bath & Body,Dot & Key,1,222,30,66.6,155.4,5
ITEM000334,ORD00953,PROD0037,Makeup,Mamaearth,2,209,0,0,418,4
ITEM000335,ORD00953,PROD0089,Bath & Body,Biotique,1,384,20,76.8,307.2,5
ITEM000336,ORD02975,PROD0079,Bath & Body,L'Oreal Paris,1,653,0,0,653,4
ITEM000337,ORD02975,PROD0103,Wellness,Forest Essentials,1,1146,10,114.6,1031.4,3
ITEM000338,ORD02975,PROD0049,Haircare,Forest Essentials,1,718,5,35.9,682.1,5
ITEM000339,ORD02222,PROD0094,Men's Grooming,MAC,1,243,15,36.45,206.55,4
ITEM000340,ORD03545,PROD0011,Skincare,Lakme,2,1528,0,0,3056,3
ITEM000341,ORD03545,PROD0108,Wellness,The Ordinary,1,945,5,47.25,897.75,5
ITEM000342,ORD04752,PROD0106,Wellness,Forest Essentials,3,762,0,0,2286,4
ITEM000343,ORD03346,PROD0104,Wellness,Nykaa Cosmetics,1,1259,20,251.8,1007.2,5
ITEM000344,ORD00025,PROD0107,Wellness,Sugar Cosmetics,1,1156,0,0,1156,4
ITEM000345,ORD00025,PROD0073,Fragrance,Biotique,1,2226,15,333.9,1892.1,5
ITEM000346,ORD01262,PROD0083,Bath & Body,Minimalist,1,446,30,133.8,312.2,3
ITEM000347,ORD01262,PROD0040,Makeup,NIVEA,1,681,15,102.15,578.85,5
ITEM000348,ORD01262,PROD0023,Skincare,Biotique,1,1629,5,81.45,1547.55,3
ITEM000349,ORD01262,PROD0109,Wellness,L'Oreal Paris,1,625,0,0,625,4
ITEM000350,ORD04424,PROD0025,Skincare,Forest Essentials,1,639,30,191.7,447.3,
ITEM000351,ORD04424,PROD0022,Skincare,MAC,1,1685,0,0,1685,
ITEM000352,ORD00883,PROD0002,Skincare,Dot & Key,1,483,10,48.3,434.7,5
ITEM000353,ORD04088,PROD0099,Men's Grooming,Forest Essentials,1,554,20,110.8,443.2,4
ITEM000354,ORD00307,PROD0014,Skincare,Sugar Cosmetics,1,1200,0,0,1200,4
ITEM000355,ORD01586,PROD0045,Makeup,WOW Skin Science,1,1690,30,507,1183,4
ITEM000356,ORD01586,PROD0016,Skincare,The Ordinary,1,1150,5,57.5,1092.5,3
ITEM000357,ORD01586,PROD0015,Skincare,Biotique,1,1295,15,194.25,1100.75,5
ITEM000358,ORD02682,PROD0102,Wellness,MAC,1,1278,0,0,1278,4
ITEM000359,ORD02682,PROD0107,Wellness,Sugar Cosmetics,1,1156,10,115.6,1040.4,5
ITEM000360,ORD02529,PROD0041,Makeup,Mamaearth,1,1516,15,227.4,1288.6,
ITEM000361,ORD04150,PROD0019,Skincare,The Ordinary,1,1588,20,317.6,1270.4,5
ITEM000362,ORD04150,PROD0088,Bath & Body,Sugar Cosmetics,3,669,0,0,2007,5
ITEM000363,ORD01843,PROD0026,Makeup,Biotique,2,267,5,26.7,507.3,2
ITEM000364,ORD01843,PROD0073,Fragrance,Biotique,2,2226,20,890.4,3561.6,3
ITEM000365,ORD03510,PROD0100,Men's Grooming,Minimalist,1,156,20,31.2,124.8,
ITEM000366,ORD03510,PROD0059,Haircare,Minimalist,1,503,0,0,503,
ITEM000367,ORD03510,PROD0021,Skincare,Biotique,1,869,5,43.45,825.55,
ITEM000368,ORD03989,PROD0060,Haircare,Plum,1,512,0,0,512,5
ITEM000369,ORD01445,PROD0008,Skincare,Forest Essentials,1,317,20,63.4,253.6,5
ITEM000370,ORD03783,PROD0052,Haircare,Nykaa Cosmetics,1,915,15,137.25,777.75,4
ITEM000371,ORD03783,PROD0007,Skincare,Biotique,1,995,5,49.75,945.25,5
ITEM000372,ORD04554,PROD0100,Men's Grooming,Minimalist,2,156,20,62.4,249.6,3
ITEM000373,ORD00080,PROD0071,Fragrance,Maybelline,1,1416,10,141.6,1274.4,4
ITEM000374,ORD01397,PROD0103,Wellness,Forest Essentials,1,1146,0,0,1146,4
ITEM000375,ORD02955,PROD0044,Makeup,Nykaa Cosmetics,1,701,15,105.15,595.85,5
ITEM000376,ORD04158,PROD0060,Haircare,Plum,1,512,30,153.6,358.4,
ITEM000377,ORD02613,PROD0073,Fragrance,Biotique,1,2226,20,445.2,1780.8,5
ITEM000378,ORD00021,PROD0031,Makeup,WOW Skin Science,1,1892,10,189.2,1702.8,4
ITEM000379,ORD00021,PROD0072,Fragrance,The Ordinary,1,1765,0,0,1765,5
ITEM000380,ORD00021,PROD0093,Men's Grooming,Nykaa Cosmetics,1,245,0,0,245,5
ITEM000381,ORD03490,PROD0098,Men's Grooming,The Ordinary,1,241,30,72.3,168.7,
ITEM000382,ORD03490,PROD0028,Makeup,L'Oreal Paris,1,844,0,0,844,
ITEM000383,ORD04118,PROD0032,Makeup,Maybelline,1,2207,10,220.7,1986.3,5
ITEM000384,ORD04118,PROD0068,Fragrance,Minimalist,1,1193,5,59.65,1133.35,3
ITEM000385,ORD04118,PROD0075,Fragrance,Forest Essentials,1,1648,15,247.2,1400.8,5
ITEM000386,ORD02177,PROD0086,Bath & Body,Sugar Cosmetics,1,317,20,63.4,253.6,4
ITEM000387,ORD02177,PROD0034,Makeup,WOW Skin Science,1,2004,15,300.6,1703.4,5
ITEM000388,ORD02554,PROD0017,Skincare,WOW Skin Science,1,1699,15,254.85,1444.15,
ITEM000389,ORD02554,PROD0073,Fragrance,Biotique,1,2226,20,445.2,1780.8,
ITEM000390,ORD01679,PROD0084,Bath & Body,Mamaearth,1,750,5,37.5,712.5,5
ITEM000391,ORD01679,PROD0097,Men's Grooming,Maybelline,1,369,0,0,369,5
ITEM000392,ORD00472,PROD0077,Fragrance,Lakme,2,2406,20,962.4,3849.6,4
ITEM000393,ORD00472,PROD0046,Makeup,The Ordinary,1,532,10,53.2,478.8,5
ITEM000394,ORD00472,PROD0097,Men's Grooming,Maybelline,1,369,10,36.9,332.1,5
ITEM000395,ORD00472,PROD0068,Fragrance,Minimalist,1,1193,20,238.6,954.4,3
ITEM000396,ORD00209,PROD0095,Men's Grooming,The Ordinary,1,269,15,40.35,228.65,3
ITEM000397,ORD01081,PROD0014,Skincare,Sugar Cosmetics,1,1200,30,360,840,5
ITEM000398,ORD01043,PROD0037,Makeup,Mamaearth,3,209,30,188.1,438.9,5
ITEM000399,ORD01043,PROD0024,Skincare,MAC,2,900,0,0,1800,5
ITEM000400,ORD01043,PROD0063,Haircare,Mamaearth,1,1105,30,331.5,773.5,3
ITEM000401,ORD02095,PROD0031,Makeup,WOW Skin Science,2,1892,30,1135.2,2648.8,
ITEM000402,ORD02095,PROD0015,Skincare,Biotique,2,1295,0,0,2590,
ITEM000403,ORD03667,PROD0100,Men's Grooming,Minimalist,2,156,10,31.2,280.8,
ITEM000404,ORD03667,PROD0051,Haircare,WOW Skin Science,1,847,5,42.35,804.65,
ITEM000405,ORD02667,PROD0035,Makeup,Sugar Cosmetics,1,526,10,52.6,473.4,
ITEM000406,ORD02067,PROD0006,Skincare,Nykaa Cosmetics,1,1639,10,163.9,1475.1,4
ITEM000407,ORD02067,PROD0007,Skincare,Biotique,1,995,0,0,995,2
ITEM000408,ORD02067,PROD0071,Fragrance,Maybelline,1,1416,10,141.6,1274.4,4
ITEM000409,ORD02697,PROD0038,Makeup,The Ordinary,1,477,15,71.55,405.45,5
ITEM000410,ORD02697,PROD0044,Makeup,Nykaa Cosmetics,1,701,10,70.1,630.9,4
ITEM000411,ORD01296,PROD0026,Makeup,Biotique,1,267,10,26.7,240.3,
ITEM000412,ORD01001,PROD0005,Skincare,Biotique,1,893,0,0,893,5
ITEM000413,ORD01001,PROD0014,Skincare,Sugar Cosmetics,2,1200,15,360,2040,3
ITEM000414,ORD01001,PROD0079,Bath & Body,L'Oreal Paris,2,653,20,261.2,1044.8,4
ITEM000415,ORD02807,PROD0040,Makeup,NIVEA,2,681,0,0,1362,4
ITEM000416,ORD02807,PROD0071,Fragrance,Maybelline,1,1416,0,0,1416,3
ITEM000417,ORD01841,PROD0041,Makeup,Mamaearth,3,1516,30,1364.4,3183.6,5
ITEM000418,ORD01841,PROD0067,Fragrance,Biotique,1,1488,15,223.2,1264.8,5
ITEM000419,ORD01841,PROD0020,Skincare,Maybelline,1,1237,15,185.55,1051.45,5
ITEM000420,ORD01841,PROD0009,Skincare,NIVEA,2,720,5,72,1368,5
ITEM000421,ORD04101,PROD0075,Fragrance,Forest Essentials,3,1648,10,494.4,4449.6,5
ITEM000422,ORD04101,PROD0038,Makeup,The Ordinary,1,477,10,47.7,429.3,2
ITEM000423,ORD04101,PROD0090,Men's Grooming,NIVEA,1,842,10,84.2,757.8,4
ITEM000424,ORD01265,PROD0102,Wellness,MAC,1,1278,30,383.4,894.6,5
ITEM000425,ORD01265,PROD0046,Makeup,The Ordinary,1,532,0,0,532,5
ITEM000426,ORD01265,PROD0092,Men's Grooming,Lakme,1,463,15,69.45,393.55,5
ITEM000427,ORD01812,PROD0033,Makeup,Mamaearth,1,2384,30,715.2,1668.8,
ITEM000428,ORD03130,PROD0078,Fragrance,Forest Essentials,2,1970,0,0,3940,5
ITEM000429,ORD03130,PROD0094,Men's Grooming,MAC,1,243,20,48.6,194.4,4
ITEM000430,ORD03130,PROD0062,Haircare,WOW Skin Science,2,769,0,0,1538,3
ITEM000431,ORD03130,PROD0100,Men's Grooming,Minimalist,3,156,0,0,468,5
ITEM000432,ORD03700,PROD0016,Skincare,The Ordinary,1,1150,0,0,1150,3
ITEM000433,ORD03700,PROD0102,Wellness,MAC,2,1278,5,127.8,2428.2,4
ITEM000434,ORD03700,PROD0055,Haircare,Minimalist,1,967,5,48.35,918.65,5
ITEM000435,ORD02108,PROD0049,Haircare,Forest Essentials,2,718,0,0,1436,5
ITEM000436,ORD02108,PROD0033,Makeup,Mamaearth,1,2384,30,715.2,1668.8,5
ITEM000437,ORD04941,PROD0087,Bath & Body,Dot & Key,1,222,10,22.2,199.8,
ITEM000438,ORD04941,PROD0105,Wellness,Minimalist,1,1068,20,213.6,854.4,
ITEM000439,ORD01647,PROD0047,Haircare,Biotique,2,665,5,66.5,1263.5,3
ITEM000440,ORD01647,PROD0036,Makeup,Dot & Key,1,988,0,0,988,3
ITEM000441,ORD01647,PROD0076,Fragrance,Dot & Key,1,552,30,165.6,386.4,5
ITEM000442,ORD01647,PROD0030,Makeup,Nykaa Cosmetics,1,946,0,0,946,2
ITEM000443,ORD00594,PROD0106,Wellness,Forest Essentials,2,762,15,228.6,1295.4,4
ITEM000444,ORD02722,PROD0026,Makeup,Biotique,1,267,5,13.35,253.65,4
ITEM000445,ORD02722,PROD0020,Skincare,Maybelline,1,1237,10,123.7,1113.3,4
ITEM000446,ORD03616,PROD0111,Wellness,Maybelline,1,489,30,146.7,342.3,3
ITEM000447,ORD03616,PROD0102,Wellness,MAC,1,1278,15,191.7,1086.3,5
ITEM000448,ORD03616,PROD0077,Fragrance,Lakme,1,2406,0,0,2406,4
ITEM000449,ORD03616,PROD0082,Bath & Body,Sugar Cosmetics,2,621,30,372.6,869.4,5
ITEM000450,ORD00686,PROD0051,Haircare,WOW Skin Science,1,847,10,84.7,762.3,4
ITEM000451,ORD00686,PROD0014,Skincare,Sugar Cosmetics,3,1200,15,540,3060,5
ITEM000452,ORD04446,PROD0087,Bath & Body,Dot & Key,1,222,0,0,222,2
ITEM000453,ORD04446,PROD0108,Wellness,The Ordinary,1,945,0,0,945,3
ITEM000454,ORD00502,PROD0111,Wellness,Maybelline,1,489,0,0,489,5
ITEM000455,ORD03717,PROD0072,Fragrance,The Ordinary,2,1765,0,0,3530,5
ITEM000456,ORD03717,PROD0080,Bath & Body,Lakme,1,152,10,15.2,136.8,5
ITEM000457,ORD02210,PROD0003,Skincare,MAC,1,1606,15,240.9,1365.1,5
ITEM000458,ORD02161,PROD0105,Wellness,Minimalist,1,1068,5,53.4,1014.6,5
ITEM000459,ORD02161,PROD0049,Haircare,Forest Essentials,1,718,15,107.7,610.3,2
ITEM000460,ORD00726,PROD0090,Men's Grooming,NIVEA,1,842,0,0,842,4
ITEM000461,ORD00726,PROD0100,Men's Grooming,Minimalist,1,156,0,0,156,5
ITEM000462,ORD00726,PROD0105,Wellness,Minimalist,1,1068,5,53.4,1014.6,5
ITEM000463,ORD00726,PROD0087,Bath & Body,Dot & Key,3,222,20,133.2,532.8,4
ITEM000464,ORD03969,PROD0030,Makeup,Nykaa Cosmetics,1,946,0,0,946,
ITEM000465,ORD03969,PROD0001,Skincare,Minimalist,1,1006,20,201.2,804.8,
ITEM000466,ORD03969,PROD0012,Skincare,Minimalist,2,428,5,42.8,813.2,
ITEM000467,ORD03969,PROD0060,Haircare,Plum,3,512,10,153.6,1382.4,
ITEM000468,ORD02280,PROD0073,Fragrance,Biotique,2,2226,20,890.4,3561.6,5
ITEM000469,ORD03899,PROD0112,Wellness,NIVEA,1,964,10,96.4,867.6,3
ITEM000470,ORD03899,PROD0093,Men's Grooming,Nykaa Cosmetics,1,245,15,36.75,208.25,3
ITEM000471,ORD03899,PROD0054,Haircare,Dot & Key,1,181,15,27.15,153.85,5
ITEM000472,ORD00138,PROD0086,Bath & Body,Sugar Cosmetics,1,317,0,0,317,5
ITEM000473,ORD00138,PROD0038,Makeup,The Ordinary,2,477,0,0,954,4
ITEM000474,ORD00794,PROD0082,Bath & Body,Sugar Cosmetics,1,621,20,124.2,496.8,5
ITEM000475,ORD00794,PROD0026,Makeup,Biotique,1,267,5,13.35,253.65,4
ITEM000476,ORD03767,PROD0093,Men's Grooming,Nykaa Cosmetics,3,245,0,0,735,3
ITEM000477,ORD02702,PROD0006,Skincare,Nykaa Cosmetics,2,1639,30,983.4,2294.6,3
ITEM000478,ORD02702,PROD0084,Bath & Body,Mamaearth,2,750,0,0,1500,5
ITEM000479,ORD01461,PROD0033,Makeup,Mamaearth,3,2384,30,2145.6,5006.4,
ITEM000480,ORD04124,PROD0004,Skincare,Dot & Key,1,1072,0,0,1072,4
ITEM000481,ORD00814,PROD0002,Skincare,Dot & Key,1,483,10,48.3,434.7,4
ITEM000482,ORD02234,PROD0046,Makeup,The Ordinary,1,532,10,53.2,478.8,5
ITEM000483,ORD02234,PROD0042,Makeup,Sugar Cosmetics,1,647,30,194.1,452.9,3
ITEM000484,ORD02234,PROD0026,Makeup,Biotique,2,267,5,26.7,507.3,3
ITEM000485,ORD02234,PROD0085,Bath & Body,Sugar Cosmetics,1,329,5,16.45,312.55,4
ITEM000486,ORD02841,PROD0023,Skincare,Biotique,1,1629,0,0,1629,3
ITEM000487,ORD01229,PROD0028,Makeup,L'Oreal Paris,1,844,20,168.8,675.2,
ITEM000488,ORD00099,PROD0096,Men's Grooming,The Ordinary,3,520,5,78,1482,4
ITEM000489,ORD00099,PROD0064,Haircare,The Ordinary,1,642,15,96.3,545.7,5
ITEM000490,ORD00099,PROD0050,Haircare,Nykaa Cosmetics,2,762,30,457.2,1066.8,5
ITEM000491,ORD00698,PROD0062,Haircare,WOW Skin Science,2,769,15,230.7,1307.3,5
ITEM000492,ORD00698,PROD0039,Makeup,Nykaa Cosmetics,2,864,0,0,1728,5
ITEM000493,ORD02946,PROD0026,Makeup,Biotique,1,267,30,80.1,186.9,3
ITEM000494,ORD02946,PROD0004,Skincare,Dot & Key,2,1072,0,0,2144,5
ITEM000495,ORD00795,PROD0063,Haircare,Mamaearth,1,1105,5,55.25,1049.75,4
ITEM000496,ORD00795,PROD0111,Wellness,Maybelline,1,489,20,97.8,391.2,2
ITEM000497,ORD04715,PROD0066,Fragrance,Forest Essentials,3,2975,20,1785,7140,3
ITEM000498,ORD04715,PROD0110,Wellness,Nykaa Cosmetics,1,1400,20,280,1120,4
ITEM000499,ORD02960,PROD0024,Skincare,MAC,1,900,0,0,900,2
ITEM000500,ORD04772,PROD0099,Men's Grooming,Forest Essentials,1,554,0,0,554,
ITEM000501,ORD04772,PROD0096,Men's Grooming,The Ordinary,1,520,30,156,364,
ITEM000502,ORD04772,PROD0054,Haircare,Dot & Key,1,181,10,18.1,162.9,
ITEM000503,ORD04772,PROD0065,Haircare,Forest Essentials,2,334,20,133.6,534.4,
ITEM000504,ORD00273,PROD0031,Makeup,WOW Skin Science,1,1892,15,283.8,1608.2,5
ITEM000505,ORD02387,PROD0111,Wellness,Maybelline,1,489,0,0,489,4
ITEM000506,ORD04585,PROD0055,Haircare,Minimalist,2,967,0,0,1934,4
ITEM000507,ORD04585,PROD0015,Skincare,Biotique,1,1295,5,64.75,1230.25,5
ITEM000508,ORD00660,PROD0015,Skincare,Biotique,1,1295,20,259,1036,4
ITEM000509,ORD04290,PROD0015,Skincare,Biotique,1,1295,15,194.25,1100.75,4
ITEM000510,ORD04093,PROD0048,Haircare,Maybelline,1,775,15,116.25,658.75,4
ITEM000511,ORD04093,PROD0059,Haircare,Minimalist,3,503,10,150.9,1358.1,5
ITEM000512,ORD01322,PROD0026,Makeup,Biotique,1,267,15,40.05,226.95,5
ITEM000513,ORD01322,PROD0090,Men's Grooming,NIVEA,1,842,20,168.4,673.6,4
ITEM000514,ORD01322,PROD0027,Makeup,Mamaearth,1,1454,5,72.7,1381.3,4
ITEM000515,ORD00411,PROD0107,Wellness,Sugar Cosmetics,3,1156,5,173.4,3294.6,
ITEM000516,ORD00539,PROD0030,Makeup,Nykaa Cosmetics,2,946,10,189.2,1702.8,1
ITEM000517,ORD00539,PROD0008,Skincare,Forest Essentials,1,317,0,0,317,5
ITEM000518,ORD00212,PROD0104,Wellness,Nykaa Cosmetics,1,1259,10,125.9,1133.1,4
ITEM000519,ORD02113,PROD0089,Bath & Body,Biotique,2,384,5,38.4,729.6,4
ITEM000520,ORD00263,PROD0036,Makeup,Dot & Key,1,988,10,98.8,889.2,4
ITEM000521,ORD00263,PROD0105,Wellness,Minimalist,1,1068,0,0,1068,4
ITEM000522,ORD03162,PROD0107,Wellness,Sugar Cosmetics,1,1156,5,57.8,1098.2,4
ITEM000523,ORD03162,PROD0022,Skincare,MAC,1,1685,5,84.25,1600.75,5
ITEM000524,ORD00768,PROD0069,Fragrance,Plum,1,1765,10,176.5,1588.5,3
ITEM000525,ORD02549,PROD0006,Skincare,Nykaa Cosmetics,3,1639,20,983.4,3933.6,3
ITEM000526,ORD03711,PROD0021,Skincare,Biotique,3,869,30,782.1,1824.9,2
ITEM000527,ORD02098,PROD0105,Wellness,Minimalist,1,1068,5,53.4,1014.6,5
ITEM000528,ORD03268,PROD0112,Wellness,NIVEA,1,964,10,96.4,867.6,5
ITEM000529,ORD01581,PROD0094,Men's Grooming,MAC,2,243,30,145.8,340.2,3
ITEM000530,ORD01922,PROD0003,Skincare,MAC,2,1606,15,481.8,2730.2,
ITEM000531,ORD01922,PROD0111,Wellness,Maybelline,1,489,5,24.45,464.55,
ITEM000532,ORD01922,PROD0093,Men's Grooming,Nykaa Cosmetics,1,245,15,36.75,208.25,
ITEM000533,ORD02042,PROD0046,Makeup,The Ordinary,1,532,30,159.6,372.4,4
ITEM000534,ORD02042,PROD0052,Haircare,Nykaa Cosmetics,2,915,0,0,1830,4
ITEM000535,ORD02042,PROD0067,Fragrance,Biotique,2,1488,15,446.4,2529.6,5
ITEM000536,ORD02042,PROD0045,Makeup,WOW Skin Science,1,1690,30,507,1183,5
ITEM000537,ORD04782,PROD0037,Makeup,Mamaearth,1,209,0,0,209,4
ITEM000538,ORD04782,PROD0057,Haircare,The Ordinary,1,735,0,0,735,5
ITEM000539,ORD04782,PROD0008,Skincare,Forest Essentials,1,317,30,95.1,221.9,5
ITEM000540,ORD03131,PROD0099,Men's Grooming,Forest Essentials,2,554,5,55.4,1052.6,1
ITEM000541,ORD00093,PROD0036,Makeup,Dot & Key,1,988,15,148.2,839.8,
ITEM000542,ORD01659,PROD0019,Skincare,The Ordinary,2,1588,0,0,3176,1
ITEM000543,ORD01659,PROD0002,Skincare,Dot & Key,1,483,0,0,483,3
ITEM000544,ORD03847,PROD0042,Makeup,Sugar Cosmetics,1,647,20,129.4,517.6,5
ITEM000545,ORD01619,PROD0040,Makeup,NIVEA,1,681,0,0,681,1
ITEM000546,ORD01619,PROD0070,Fragrance,NIVEA,1,2241,10,224.1,2016.9,4
ITEM000547,ORD01619,PROD0103,Wellness,Forest Essentials,1,1146,0,0,1146,4
ITEM000548,ORD01619,PROD0060,Haircare,Plum,1,512,10,51.2,460.8,5
ITEM000549,ORD00271,PROD0070,Fragrance,NIVEA,1,2241,15,336.15,1904.85,5
ITEM000550,ORD00271,PROD0089,Bath & Body,Biotique,2,384,0,0,768,2
ITEM000551,ORD01770,PROD0040,Makeup,NIVEA,2,681,5,68.1,1293.9,5
ITEM000552,ORD02903,PROD0041,Makeup,Mamaearth,3,1516,20,909.6,3638.4,
ITEM000553,ORD03183,PROD0044,Makeup,Nykaa Cosmetics,3,701,10,210.3,1892.7,4
ITEM000554,ORD04950,PROD0050,Haircare,Nykaa Cosmetics,1,762,0,0,762,
ITEM000555,ORD04966,PROD0046,Makeup,The Ordinary,1,532,20,106.4,425.6,
ITEM000556,ORD04962,PROD0065,Haircare,Forest Essentials,2,334,15,100.2,567.8,
ITEM000557,ORD04962,PROD0107,Wellness,Sugar Cosmetics,2,1156,10,231.2,2080.8,
ITEM000558,ORD04962,PROD0023,Skincare,Biotique,1,1629,30,488.7,1140.3,
ITEM000559,ORD04962,PROD0045,Makeup,WOW Skin Science,2,1690,20,676,2704,
ITEM000560,ORD01131,PROD0008,Skincare,Forest Essentials,1,317,15,47.55,269.45,
ITEM000561,ORD01131,PROD0010,Skincare,The Ordinary,1,893,10,89.3,803.7,
ITEM000562,ORD01131,PROD0109,Wellness,L'Oreal Paris,3,625,30,562.5,1312.5,
ITEM000563,ORD01456,PROD0045,Makeup,WOW Skin Science,1,1690,5,84.5,1605.5,4
ITEM000564,ORD01456,PROD0047,Haircare,Biotique,1,665,15,99.75,565.25,3
ITEM000565,ORD00257,PROD0097,Men's Grooming,Maybelline,1,369,0,0,369,
ITEM000566,ORD04741,PROD0059,Haircare,Minimalist,2,503,30,301.8,704.2,5
ITEM000567,ORD01118,PROD0035,Makeup,Sugar Cosmetics,1,526,0,0,526,
ITEM000568,ORD03906,PROD0035,Makeup,Sugar Cosmetics,2,526,0,0,1052,4
ITEM000569,ORD03906,PROD0043,Makeup,WOW Skin Science,2,1330,0,0,2660,5
ITEM000570,ORD03906,PROD0059,Haircare,Minimalist,1,503,10,50.3,452.7,5
ITEM000571,ORD04396,PROD0087,Bath & Body,Dot & Key,2,222,20,88.8,355.2,4
ITEM000572,ORD04396,PROD0066,Fragrance,Forest Essentials,1,2975,15,446.25,2528.75,4
ITEM000573,ORD04004,PROD0024,Skincare,MAC,1,900,0,0,900,4
ITEM000574,ORD04548,PROD0016,Skincare,The Ordinary,2,1150,30,690,1610,
ITEM000575,ORD03902,PROD0064,Haircare,The Ordinary,1,642,20,128.4,513.6,5
ITEM000576,ORD03902,PROD0017,Skincare,WOW Skin Science,1,1699,0,0,1699,2
ITEM000577,ORD04984,PROD0094,Men's Grooming,MAC,3,243,5,36.45,692.55,3
ITEM000578,ORD00552,PROD0018,Skincare,Dot & Key,2,1081,30,648.6,1513.4,1
ITEM000579,ORD00552,PROD0075,Fragrance,Forest Essentials,2,1648,5,164.8,3131.2,2
ITEM000580,ORD00216,PROD0001,Skincare,Minimalist,1,1006,15,150.9,855.1,
ITEM000581,ORD00216,PROD0074,Fragrance,NIVEA,2,752,0,0,1504,
ITEM000582,ORD00216,PROD0083,Bath & Body,Minimalist,1,446,30,133.8,312.2,
ITEM000583,ORD04165,PROD0054,Haircare,Dot & Key,1,181,5,9.05,171.95,5
ITEM000584,ORD04056,PROD0035,Makeup,Sugar Cosmetics,1,526,0,0,526,4
ITEM000585,ORD04993,PROD0047,Haircare,Biotique,1,665,0,0,665,3
ITEM000586,ORD04993,PROD0082,Bath & Body,Sugar Cosmetics,1,621,10,62.1,558.9,5
ITEM000587,ORD02306,PROD0004,Skincare,Dot & Key,2,1072,5,107.2,2036.8,4
ITEM000588,ORD01123,PROD0112,Wellness,NIVEA,1,964,0,0,964,
ITEM000589,ORD00602,PROD0001,Skincare,Minimalist,1,1006,15,150.9,855.1,5
ITEM000590,ORD00602,PROD0015,Skincare,Biotique,1,1295,20,259,1036,5
ITEM000591,ORD00501,PROD0075,Fragrance,Forest Essentials,1,1648,30,494.4,1153.6,5
ITEM000592,ORD01333,PROD0019,Skincare,The Ordinary,1,1588,0,0,1588,3
ITEM000593,ORD02609,PROD0005,Skincare,Biotique,2,893,20,357.2,1428.8,
ITEM000594,ORD02609,PROD0082,Bath & Body,Sugar Cosmetics,1,621,5,31.05,589.95,
ITEM000595,ORD03467,PROD0001,Skincare,Minimalist,1,1006,10,100.6,905.4,4
ITEM000596,ORD03467,PROD0012,Skincare,Minimalist,2,428,15,128.4,727.6,5
ITEM000597,ORD03467,PROD0061,Haircare,L'Oreal Paris,2,466,20,186.4,745.6,5
ITEM000598,ORD03467,PROD0056,Haircare,MAC,1,1009,0,0,1009,5
ITEM000599,ORD00718,PROD0099,Men's Grooming,Forest Essentials,1,554,20,110.8,443.2,
ITEM000600,ORD00134,PROD0018,Skincare,Dot & Key,3,1081,5,162.15,3080.85,5
ITEM000601,ORD04063,PROD0103,Wellness,Forest Essentials,2,1146,0,0,2292,5
ITEM000602,ORD00468,PROD0053,Haircare,Forest Essentials,1,1102,0,0,1102,3
ITEM000603,ORD00468,PROD0007,Skincare,Biotique,1,995,5,49.75,945.25,3
ITEM000604,ORD04304,PROD0066,Fragrance,Forest Essentials,1,2975,30,892.5,2082.5,5
ITEM000605,ORD04304,PROD0083,Bath & Body,Minimalist,1,446,10,44.6,401.4,3
ITEM000606,ORD04304,PROD0035,Makeup,Sugar Cosmetics,1,526,0,0,526,5
ITEM000607,ORD04304,PROD0097,Men's Grooming,Maybelline,1,369,30,110.7,258.3,3
ITEM000608,ORD01065,PROD0105,Wellness,Minimalist,1,1068,15,160.2,907.8,
ITEM000609,ORD01065,PROD0004,Skincare,Dot & Key,1,1072,15,160.8,911.2,
ITEM000610,ORD02426,PROD0073,Fragrance,Biotique,1,2226,0,0,2226,2
ITEM000611,ORD03639,PROD0079,Bath & Body,L'Oreal Paris,2,653,0,0,1306,5
ITEM000612,ORD03639,PROD0031,Makeup,WOW Skin Science,1,1892,20,378.4,1513.6,5
ITEM000613,ORD02772,PROD0044,Makeup,Nykaa Cosmetics,3,701,15,315.45,1787.55,5
ITEM000614,ORD02772,PROD0010,Skincare,The Ordinary,2,893,15,267.9,1518.1,4
ITEM000615,ORD02772,PROD0097,Men's Grooming,Maybelline,1,369,10,36.9,332.1,5
ITEM000616,ORD00520,PROD0093,Men's Grooming,Nykaa Cosmetics,1,245,0,0,245,4
ITEM000617,ORD00520,PROD0003,Skincare,MAC,3,1606,0,0,4818,5
ITEM000618,ORD00328,PROD0005,Skincare,Biotique,2,893,20,357.2,1428.8,5
ITEM000619,ORD00323,PROD0057,Haircare,The Ordinary,1,735,10,73.5,661.5,5
ITEM000620,ORD00323,PROD0014,Skincare,Sugar Cosmetics,1,1200,15,180,1020,2
ITEM000621,ORD00323,PROD0034,Makeup,WOW Skin Science,1,2004,20,400.8,1603.2,4
ITEM000622,ORD00323,PROD0024,Skincare,MAC,2,900,0,0,1800,4
ITEM000623,ORD00582,PROD0097,Men's Grooming,Maybelline,1,369,30,110.7,258.3,5
ITEM000624,ORD00582,PROD0021,Skincare,Biotique,3,869,10,260.7,2346.3,4
ITEM000625,ORD02705,PROD0030,Makeup,Nykaa Cosmetics,1,946,0,0,946,
ITEM000626,ORD02705,PROD0068,Fragrance,Minimalist,1,1193,10,119.3,1073.7,
ITEM000627,ORD02705,PROD0094,Men's Grooming,MAC,2,243,0,0,486,
ITEM000628,ORD02293,PROD0045,Makeup,WOW Skin Science,1,1690,15,253.5,1436.5,4
ITEM000629,ORD04628,PROD0044,Makeup,Nykaa Cosmetics,1,701,0,0,701,5
ITEM000630,ORD04628,PROD0097,Men's Grooming,Maybelline,2,369,0,0,738,5
ITEM000631,ORD04628,PROD0011,Skincare,Lakme,1,1528,0,0,1528,5
ITEM000632,ORD01337,PROD0112,Wellness,NIVEA,2,964,0,0,1928,
ITEM000633,ORD01337,PROD0018,Skincare,Dot & Key,1,1081,0,0,1081,
ITEM000634,ORD01337,PROD0042,Makeup,Sugar Cosmetics,1,647,0,0,647,
ITEM000635,ORD00927,PROD0022,Skincare,MAC,1,1685,0,0,1685,4
ITEM000636,ORD00927,PROD0030,Makeup,Nykaa Cosmetics,1,946,15,141.9,804.1,2
ITEM000637,ORD02100,PROD0029,Makeup,Biotique,1,1007,0,0,1007,3
ITEM000638,ORD02100,PROD0027,Makeup,Mamaearth,1,1454,30,436.2,1017.8,4
ITEM000639,ORD04797,PROD0013,Skincare,Nykaa Cosmetics,1,716,10,71.6,644.4,2
ITEM000640,ORD01590,PROD0033,Makeup,Mamaearth,1,2384,10,238.4,2145.6,5
ITEM000641,ORD01590,PROD0046,Makeup,The Ordinary,1,532,30,159.6,372.4,3
ITEM000642,ORD01535,PROD0049,Haircare,Forest Essentials,1,718,0,0,718,5
ITEM000643,ORD01535,PROD0039,Makeup,Nykaa Cosmetics,2,864,20,345.6,1382.4,5
ITEM000644,ORD01535,PROD0109,Wellness,L'Oreal Paris,1,625,30,187.5,437.5,5
ITEM000645,ORD04313,PROD0053,Haircare,Forest Essentials,1,1102,10,110.2,991.8,4
ITEM000646,ORD01840,PROD0083,Bath & Body,Minimalist,1,446,30,133.8,312.2,5
ITEM000647,ORD00170,PROD0045,Makeup,WOW Skin Science,1,1690,10,169,1521,3
ITEM000648,ORD00170,PROD0056,Haircare,MAC,2,1009,30,605.4,1412.6,5
ITEM000649,ORD00170,PROD0108,Wellness,The Ordinary,1,945,0,0,945,5
ITEM000650,ORD00288,PROD0026,Makeup,Biotique,1,267,10,26.7,240.3,
ITEM000651,ORD00288,PROD0068,Fragrance,Minimalist,1,1193,0,0,1193,
ITEM000652,ORD00288,PROD0058,Haircare,Mamaearth,1,841,5,42.05,798.95,
ITEM000653,ORD00744,PROD0026,Makeup,Biotique,1,267,10,26.7,240.3,5
ITEM000654,ORD00744,PROD0105,Wellness,Minimalist,2,1068,20,427.2,1708.8,4
ITEM000655,ORD00744,PROD0005,Skincare,Biotique,1,893,20,178.6,714.4,5
ITEM000656,ORD04272,PROD0044,Makeup,Nykaa Cosmetics,3,701,20,420.6,1682.4,5
ITEM000657,ORD04272,PROD0010,Skincare,The Ordinary,1,893,20,178.6,714.4,4
ITEM000658,ORD04272,PROD0028,Makeup,L'Oreal Paris,2,844,30,506.4,1181.6,5
ITEM000659,ORD03963,PROD0029,Makeup,Biotique,3,1007,0,0,3021,5
ITEM000660,ORD01320,PROD0034,Makeup,WOW Skin Science,2,2004,15,601.2,3406.8,4
ITEM000661,ORD01320,PROD0022,Skincare,MAC,1,1685,15,252.75,1432.25,5
ITEM000662,ORD03976,PROD0064,Haircare,The Ordinary,1,642,10,64.2,577.8,4
ITEM000663,ORD00169,PROD0034,Makeup,WOW Skin Science,2,2004,10,400.8,3607.2,3
ITEM000664,ORD00873,PROD0052,Haircare,Nykaa Cosmetics,3,915,15,411.75,2333.25,
ITEM000665,ORD00873,PROD0093,Men's Grooming,Nykaa Cosmetics,3,245,0,0,735,
ITEM000666,ORD03709,PROD0037,Makeup,Mamaearth,3,209,20,125.4,501.6,3
ITEM000667,ORD01628,PROD0061,Haircare,L'Oreal Paris,1,466,0,0,466,5
ITEM000668,ORD02969,PROD0086,Bath & Body,Sugar Cosmetics,2,317,15,95.1,538.9,3
ITEM000669,ORD01910,PROD0022,Skincare,MAC,1,1685,20,337,1348,1
ITEM000670,ORD00382,PROD0076,Fragrance,Dot & Key,1,552,10,55.2,496.8,5
ITEM000671,ORD00382,PROD0100,Men's Grooming,Minimalist,2,156,30,93.6,218.4,5
ITEM000672,ORD00382,PROD0017,Skincare,WOW Skin Science,1,1699,0,0,1699,3
ITEM000673,ORD00382,PROD0088,Bath & Body,Sugar Cosmetics,2,669,15,200.7,1137.3,5
ITEM000674,ORD03574,PROD0105,Wellness,Minimalist,2,1068,0,0,2136,4
ITEM000675,ORD01184,PROD0085,Bath & Body,Sugar Cosmetics,2,329,15,98.7,559.3,5
ITEM000676,ORD03241,PROD0083,Bath & Body,Minimalist,1,446,30,133.8,312.2,
ITEM000677,ORD02218,PROD0108,Wellness,The Ordinary,1,945,20,189,756,2
ITEM000678,ORD04895,PROD0011,Skincare,Lakme,2,1528,30,916.8,2139.2,5
ITEM000679,ORD04895,PROD0028,Makeup,L'Oreal Paris,1,844,5,42.2,801.8,5
ITEM000680,ORD04895,PROD0024,Skincare,MAC,1,900,0,0,900,5
ITEM000681,ORD04895,PROD0018,Skincare,Dot & Key,3,1081,30,972.9,2270.1,2
ITEM000682,ORD03876,PROD0005,Skincare,Biotique,2,893,20,357.2,1428.8,4
ITEM000683,ORD03876,PROD0111,Wellness,Maybelline,1,489,5,24.45,464.55,4
ITEM000684,ORD03876,PROD0078,Fragrance,Forest Essentials,3,1970,10,591,5319,1
ITEM000685,ORD03876,PROD0007,Skincare,Biotique,1,995,20,199,796,5
ITEM000686,ORD03499,PROD0005,Skincare,Biotique,1,893,5,44.65,848.35,3
ITEM000687,ORD03499,PROD0058,Haircare,Mamaearth,1,841,30,252.3,588.7,5
ITEM000688,ORD03499,PROD0019,Skincare,The Ordinary,1,1588,20,317.6,1270.4,5
ITEM000689,ORD00040,PROD0094,Men's Grooming,MAC,2,243,30,145.8,340.2,4
ITEM000690,ORD00518,PROD0096,Men's Grooming,The Ordinary,1,520,0,0,520,3
ITEM000691,ORD00518,PROD0045,Makeup,WOW Skin Science,1,1690,20,338,1352,2
ITEM000692,ORD00518,PROD0095,Men's Grooming,The Ordinary,2,269,5,26.9,511.1,3
ITEM000693,ORD04302,PROD0037,Makeup,Mamaearth,1,209,0,0,209,5
ITEM000694,ORD04302,PROD0062,Haircare,WOW Skin Science,1,769,0,0,769,4
ITEM000695,ORD04302,PROD0052,Haircare,Nykaa Cosmetics,3,915,0,0,2745,5
ITEM000696,ORD03900,PROD0057,Haircare,The Ordinary,1,735,20,147,588,3
ITEM000697,ORD03297,PROD0092,Men's Grooming,Lakme,2,463,0,0,926,
ITEM000698,ORD00203,PROD0008,Skincare,Forest Essentials,1,317,30,95.1,221.9,4
ITEM000699,ORD00203,PROD0027,Makeup,Mamaearth,1,1454,5,72.7,1381.3,5
ITEM000700,ORD00203,PROD0043,Makeup,WOW Skin Science,1,1330,0,0,1330,4
ITEM000701,ORD00203,PROD0053,Haircare,Forest Essentials,1,1102,10,110.2,991.8,5
ITEM000702,ORD03119,PROD0101,Wellness,Mamaearth,1,930,0,0,930,3
ITEM000703,ORD04044,PROD0023,Skincare,Biotique,1,1629,5,81.45,1547.55,2
ITEM000704,ORD04044,PROD0042,Makeup,Sugar Cosmetics,2,647,15,194.1,1099.9,5
ITEM000705,ORD03208,PROD0062,Haircare,WOW Skin Science,1,769,10,76.9,692.1,5
ITEM000706,ORD03208,PROD0016,Skincare,The Ordinary,1,1150,30,345,805,3
ITEM000707,ORD00386,PROD0060,Haircare,Plum,2,512,10,102.4,921.6,
ITEM000708,ORD00492,PROD0049,Haircare,Forest Essentials,1,718,20,143.6,574.4,
ITEM000709,ORD03861,PROD0100,Men's Grooming,Minimalist,1,156,20,31.2,124.8,5
ITEM000710,ORD03861,PROD0091,Men's Grooming,WOW Skin Science,2,530,0,0,1060,4
ITEM000711,ORD00175,PROD0008,Skincare,Forest Essentials,1,317,20,63.4,253.6,4
ITEM000712,ORD00175,PROD0042,Makeup,Sugar Cosmetics,1,647,15,97.05,549.95,5
ITEM000713,ORD04288,PROD0064,Haircare,The Ordinary,1,642,0,0,642,3
ITEM000714,ORD04288,PROD0072,Fragrance,The Ordinary,1,1765,30,529.5,1235.5,3
ITEM000715,ORD03388,PROD0093,Men's Grooming,Nykaa Cosmetics,2,245,30,147,343,
ITEM000716,ORD03388,PROD0064,Haircare,The Ordinary,1,642,0,0,642,
ITEM000717,ORD03388,PROD0033,Makeup,Mamaearth,1,2384,5,119.2,2264.8,
ITEM000718,ORD04619,PROD0050,Haircare,Nykaa Cosmetics,1,762,0,0,762,3
ITEM000719,ORD04619,PROD0011,Skincare,Lakme,1,1528,0,0,1528,5
ITEM000720,ORD01277,PROD0003,Skincare,MAC,1,1606,20,321.2,1284.8,5
ITEM000721,ORD01277,PROD0044,Makeup,Nykaa Cosmetics,2,701,5,70.1,1331.9,5
ITEM000722,ORD01277,PROD0033,Makeup,Mamaearth,1,2384,15,357.6,2026.4,5
ITEM000723,ORD01277,PROD0009,Skincare,NIVEA,1,720,20,144,576,5
ITEM000724,ORD04054,PROD0104,Wellness,Nykaa Cosmetics,2,1259,10,251.8,2266.2,4
ITEM000725,ORD04054,PROD0103,Wellness,Forest Essentials,1,1146,10,114.6,1031.4,4
ITEM000726,ORD04089,PROD0001,Skincare,Minimalist,1,1006,5,50.3,955.7,4
ITEM000727,ORD00176,PROD0057,Haircare,The Ordinary,1,735,30,220.5,514.5,4
ITEM000728,ORD00176,PROD0081,Bath & Body,L'Oreal Paris,1,767,0,0,767,3
ITEM000729,ORD01346,PROD0085,Bath & Body,Sugar Cosmetics,1,329,30,98.7,230.3,2
ITEM000730,ORD01346,PROD0013,Skincare,Nykaa Cosmetics,2,716,5,71.6,1360.4,4
ITEM000731,ORD00578,PROD0107,Wellness,Sugar Cosmetics,3,1156,15,520.2,2947.8,
ITEM000732,ORD00578,PROD0084,Bath & Body,Mamaearth,1,750,30,225,525,
ITEM000733,ORD00578,PROD0048,Haircare,Maybelline,1,775,0,0,775,
ITEM000734,ORD00578,PROD0026,Makeup,Biotique,3,267,15,120.15,680.85,
ITEM000735,ORD03518,PROD0051,Haircare,WOW Skin Science,1,847,5,42.35,804.65,4
ITEM000736,ORD03518,PROD0056,Haircare,MAC,1,1009,15,151.35,857.65,5
ITEM000737,ORD03115,PROD0072,Fragrance,The Ordinary,1,1765,5,88.25,1676.75,5
ITEM000738,ORD03115,PROD0067,Fragrance,Biotique,1,1488,15,223.2,1264.8,5
ITEM000739,ORD04275,PROD0028,Makeup,L'Oreal Paris,2,844,5,84.4,1603.6,
ITEM000740,ORD00936,PROD0065,Haircare,Forest Essentials,1,334,15,50.1,283.9,4
ITEM000741,ORD00936,PROD0085,Bath & Body,Sugar Cosmetics,1,329,30,98.7,230.3,5
ITEM000742,ORD00936,PROD0071,Fragrance,Maybelline,1,1416,0,0,1416,4
ITEM000743,ORD00936,PROD0007,Skincare,Biotique,1,995,10,99.5,895.5,5
ITEM000744,ORD01996,PROD0104,Wellness,Nykaa Cosmetics,1,1259,5,62.95,1196.05,1
ITEM000745,ORD02395,PROD0083,Bath & Body,Minimalist,1,446,0,0,446,
ITEM000746,ORD00774,PROD0038,Makeup,The Ordinary,1,477,10,47.7,429.3,4
ITEM000747,ORD00774,PROD0064,Haircare,The Ordinary,2,642,5,64.2,1219.8,5
ITEM000748,ORD00774,PROD0097,Men's Grooming,Maybelline,1,369,0,0,369,5
ITEM000749,ORD03683,PROD0052,Haircare,Nykaa Cosmetics,1,915,5,45.75,869.25,5
ITEM000750,ORD03683,PROD0061,Haircare,L'Oreal Paris,1,466,0,0,466,4
ITEM000751,ORD04388,PROD0094,Men's Grooming,MAC,1,243,5,12.15,230.85,
ITEM000752,ORD04388,PROD0058,Haircare,Mamaearth,1,841,20,168.2,672.8,
ITEM000753,ORD00172,PROD0098,Men's Grooming,The Ordinary,1,241,15,36.15,204.85,
ITEM000754,ORD00172,PROD0048,Haircare,Maybelline,1,775,30,232.5,542.5,
ITEM000755,ORD00172,PROD0078,Fragrance,Forest Essentials,3,1970,0,0,5910,
ITEM000756,ORD04414,PROD0075,Fragrance,Forest Essentials,2,1648,0,0,3296,5
ITEM000757,ORD04414,PROD0029,Makeup,Biotique,1,1007,5,50.35,956.65,5
ITEM000758,ORD02849,PROD0091,Men's Grooming,WOW Skin Science,1,530,15,79.5,450.5,
ITEM000759,ORD02849,PROD0090,Men's Grooming,NIVEA,1,842,20,168.4,673.6,
ITEM000760,ORD02591,PROD0031,Makeup,WOW Skin Science,1,1892,30,567.6,1324.4,5
ITEM000761,ORD02591,PROD0090,Men's Grooming,NIVEA,2,842,5,84.2,1599.8,3
ITEM000762,ORD02591,PROD0065,Haircare,Forest Essentials,1,334,0,0,334,2
ITEM000763,ORD02591,PROD0003,Skincare,MAC,1,1606,5,80.3,1525.7,3
ITEM000764,ORD04758,PROD0038,Makeup,The Ordinary,2,477,0,0,954,
ITEM000765,ORD04758,PROD0104,Wellness,Nykaa Cosmetics,1,1259,30,377.7,881.3,
ITEM000766,ORD03579,PROD0062,Haircare,WOW Skin Science,1,769,0,0,769,
ITEM000767,ORD03579,PROD0004,Skincare,Dot & Key,1,1072,5,53.6,1018.4,
ITEM000768,ORD03579,PROD0090,Men's Grooming,NIVEA,1,842,0,0,842,
ITEM000769,ORD02389,PROD0110,Wellness,Nykaa Cosmetics,1,1400,0,0,1400,
ITEM000770,ORD02408,PROD0107,Wellness,Sugar Cosmetics,1,1156,30,346.8,809.2,
ITEM000771,ORD02408,PROD0082,Bath & Body,Sugar Cosmetics,1,621,15,93.15,527.85,
ITEM000772,ORD02408,PROD0019,Skincare,The Ordinary,2,1588,15,476.4,2699.6,
ITEM000773,ORD02408,PROD0002,Skincare,Dot & Key,2,483,10,96.6,869.4,
ITEM000774,ORD01275,PROD0085,Bath & Body,Sugar Cosmetics,1,329,0,0,329,4
ITEM000775,ORD01275,PROD0068,Fragrance,Minimalist,3,1193,0,0,3579,3
ITEM000776,ORD00079,PROD0006,Skincare,Nykaa Cosmetics,2,1639,0,0,3278,5
ITEM000777,ORD01842,PROD0049,Haircare,Forest Essentials,1,718,0,0,718,5
ITEM000778,ORD02569,PROD0052,Haircare,Nykaa Cosmetics,1,915,20,183,732,
ITEM000779,ORD02569,PROD0066,Fragrance,Forest Essentials,1,2975,10,297.5,2677.5,
ITEM000780,ORD04740,PROD0086,Bath & Body,Sugar Cosmetics,3,317,10,95.1,855.9,4
ITEM000781,ORD00128,PROD0005,Skincare,Biotique,3,893,0,0,2679,5
ITEM000782,ORD00091,PROD0080,Bath & Body,Lakme,1,152,20,30.4,121.6,5
ITEM000783,ORD04435,PROD0059,Haircare,Minimalist,1,503,20,100.6,402.4,3
ITEM000784,ORD00367,PROD0018,Skincare,Dot & Key,3,1081,10,324.3,2918.7,4
ITEM000785,ORD03411,PROD0075,Fragrance,Forest Essentials,1,1648,5,82.4,1565.6,3
ITEM000786,ORD01102,PROD0067,Fragrance,Biotique,1,1488,10,148.8,1339.2,4
ITEM000787,ORD01102,PROD0091,Men's Grooming,WOW Skin Science,2,530,0,0,1060,4
ITEM000788,ORD01102,PROD0097,Men's Grooming,Maybelline,2,369,0,0,738,4
ITEM000789,ORD01621,PROD0070,Fragrance,NIVEA,1,2241,10,224.1,2016.9,4
ITEM000790,ORD01621,PROD0108,Wellness,The Ordinary,2,945,0,0,1890,1
ITEM000791,ORD04607,PROD0091,Men's Grooming,WOW Skin Science,1,530,5,26.5,503.5,
ITEM000792,ORD01059,PROD0097,Men's Grooming,Maybelline,1,369,20,73.8,295.2,4
ITEM000793,ORD01059,PROD0106,Wellness,Forest Essentials,1,762,30,228.6,533.4,3
ITEM000794,ORD01059,PROD0089,Bath & Body,Biotique,1,384,0,0,384,5
ITEM000795,ORD01994,PROD0022,Skincare,MAC,2,1685,0,0,3370,5
ITEM000796,ORD01888,PROD0026,Makeup,Biotique,1,267,15,40.05,226.95,5
ITEM000797,ORD01096,PROD0060,Haircare,Plum,3,512,5,76.8,1459.2,2
ITEM000798,ORD02022,PROD0081,Bath & Body,L'Oreal Paris,1,767,10,76.7,690.3,5
ITEM000799,ORD04332,PROD0094,Men's Grooming,MAC,1,243,10,24.3,218.7,4
ITEM000800,ORD04332,PROD0076,Fragrance,Dot & Key,3,552,20,331.2,1324.8,5
ITEM000801,ORD00488,PROD0112,Wellness,NIVEA,1,964,0,0,964,3
ITEM000802,ORD00488,PROD0054,Haircare,Dot & Key,1,181,5,9.05,171.95,4
ITEM000803,ORD00488,PROD0046,Makeup,The Ordinary,1,532,10,53.2,478.8,4
ITEM000804,ORD00488,PROD0041,Makeup,Mamaearth,1,1516,20,303.2,1212.8,4
ITEM000805,ORD01045,PROD0050,Haircare,Nykaa Cosmetics,1,762,30,228.6,533.4,4
ITEM000806,ORD01045,PROD0037,Makeup,Mamaearth,1,209,30,62.7,146.3,5
ITEM000807,ORD01045,PROD0108,Wellness,The Ordinary,1,945,10,94.5,850.5,4
ITEM000808,ORD01045,PROD0095,Men's Grooming,The Ordinary,2,269,30,161.4,376.6,3
ITEM000809,ORD04154,PROD0024,Skincare,MAC,2,900,0,0,1800,4
ITEM000810,ORD04154,PROD0103,Wellness,Forest Essentials,1,1146,30,343.8,802.2,5
ITEM000811,ORD04145,PROD0033,Makeup,Mamaearth,2,2384,0,0,4768,5
ITEM000812,ORD04721,PROD0016,Skincare,The Ordinary,1,1150,30,345,805,5
ITEM000813,ORD02451,PROD0067,Fragrance,Biotique,1,1488,0,0,1488,4
ITEM000814,ORD03640,PROD0047,Haircare,Biotique,1,665,5,33.25,631.75,
ITEM000815,ORD03640,PROD0098,Men's Grooming,The Ordinary,1,241,0,0,241,
ITEM000816,ORD04043,PROD0060,Haircare,Plum,1,512,30,153.6,358.4,4
ITEM000817,ORD03212,PROD0003,Skincare,MAC,1,1606,15,240.9,1365.1,4
ITEM000818,ORD03212,PROD0072,Fragrance,The Ordinary,1,1765,30,529.5,1235.5,5
ITEM000819,ORD00962,PROD0010,Skincare,The Ordinary,2,893,5,89.3,1696.7,
ITEM000820,ORD01372,PROD0044,Makeup,Nykaa Cosmetics,1,701,0,0,701,4
ITEM000821,ORD02324,PROD0017,Skincare,WOW Skin Science,1,1699,0,0,1699,3
ITEM000822,ORD02324,PROD0062,Haircare,WOW Skin Science,2,769,15,230.7,1307.3,4
ITEM000823,ORD01321,PROD0060,Haircare,Plum,1,512,10,51.2,460.8,
ITEM000824,ORD02876,PROD0079,Bath & Body,L'Oreal Paris,1,653,5,32.65,620.35,1
ITEM000825,ORD02876,PROD0056,Haircare,MAC,1,1009,20,201.8,807.2,5
ITEM000826,ORD03158,PROD0007,Skincare,Biotique,1,995,0,0,995,
ITEM000827,ORD03158,PROD0077,Fragrance,Lakme,1,2406,0,0,2406,
ITEM000828,ORD03158,PROD0041,Makeup,Mamaearth,1,1516,0,0,1516,
ITEM000829,ORD02654,PROD0096,Men's Grooming,The Ordinary,2,520,15,156,884,5
ITEM000830,ORD04261,PROD0100,Men's Grooming,Minimalist,1,156,20,31.2,124.8,3
ITEM000831,ORD03987,PROD0014,Skincare,Sugar Cosmetics,1,1200,20,240,960,3
ITEM000832,ORD04425,PROD0062,Haircare,WOW Skin Science,1,769,0,0,769,5
ITEM000833,ORD04425,PROD0097,Men's Grooming,Maybelline,1,369,0,0,369,5
ITEM000834,ORD02556,PROD0112,Wellness,NIVEA,1,964,5,48.2,915.8,
ITEM000835,ORD02556,PROD0012,Skincare,Minimalist,1,428,0,0,428,
ITEM000836,ORD02556,PROD0001,Skincare,Minimalist,1,1006,20,201.2,804.8,
ITEM000837,ORD00043,PROD0010,Skincare,The Ordinary,1,893,0,0,893,4
ITEM000838,ORD00480,PROD0018,Skincare,Dot & Key,1,1081,20,216.2,864.8,2
ITEM000839,ORD00480,PROD0074,Fragrance,NIVEA,1,752,20,150.4,601.6,4
ITEM000840,ORD00480,PROD0011,Skincare,Lakme,1,1528,30,458.4,1069.6,4
ITEM000841,ORD00480,PROD0078,Fragrance,Forest Essentials,1,1970,15,295.5,1674.5,4
ITEM000842,ORD04682,PROD0026,Makeup,Biotique,1,267,15,40.05,226.95,5
ITEM000843,ORD04682,PROD0111,Wellness,Maybelline,1,489,0,0,489,5
ITEM000844,ORD03661,PROD0045,Makeup,WOW Skin Science,1,1690,15,253.5,1436.5,5
ITEM000845,ORD03528,PROD0090,Men's Grooming,NIVEA,1,842,30,252.6,589.4,1
ITEM000846,ORD03528,PROD0111,Wellness,Maybelline,1,489,5,24.45,464.55,5
ITEM000847,ORD02899,PROD0099,Men's Grooming,Forest Essentials,2,554,0,0,1108,3
ITEM000848,ORD02105,PROD0036,Makeup,Dot & Key,1,988,5,49.4,938.6,5
ITEM000849,ORD02105,PROD0105,Wellness,Minimalist,1,1068,0,0,1068,5
ITEM000850,ORD01418,PROD0079,Bath & Body,L'Oreal Paris,1,653,15,97.95,555.05,3
ITEM000851,ORD01418,PROD0093,Men's Grooming,Nykaa Cosmetics,1,245,0,0,245,4
ITEM000852,ORD00064,PROD0033,Makeup,Mamaearth,1,2384,0,0,2384,5
ITEM000853,ORD00064,PROD0037,Makeup,Mamaearth,3,209,0,0,627,2
ITEM000854,ORD00064,PROD0025,Skincare,Forest Essentials,1,639,15,95.85,543.15,2
ITEM000855,ORD03772,PROD0098,Men's Grooming,The Ordinary,2,241,30,144.6,337.4,5
ITEM000856,ORD04630,PROD0066,Fragrance,Forest Essentials,1,2975,15,446.25,2528.75,
ITEM000857,ORD02523,PROD0050,Haircare,Nykaa Cosmetics,1,762,15,114.3,647.7,4
ITEM000858,ORD01634,PROD0025,Skincare,Forest Essentials,1,639,0,0,639,
ITEM000859,ORD01652,PROD0086,Bath & Body,Sugar Cosmetics,1,317,5,15.85,301.15,5
ITEM000860,ORD01652,PROD0036,Makeup,Dot & Key,2,988,30,592.8,1383.2,3
ITEM000861,ORD01652,PROD0024,Skincare,MAC,1,900,20,180,720,5
ITEM000862,ORD01652,PROD0025,Skincare,Forest Essentials,2,639,0,0,1278,3
ITEM000863,ORD04411,PROD0088,Bath & Body,Sugar Cosmetics,1,669,15,100.35,568.65,
ITEM000864,ORD04411,PROD0029,Makeup,Biotique,1,1007,10,100.7,906.3,
ITEM000865,ORD04411,PROD0072,Fragrance,The Ordinary,1,1765,0,0,1765,
ITEM000866,ORD03357,PROD0085,Bath & Body,Sugar Cosmetics,2,329,0,0,658,3
ITEM000867,ORD01197,PROD0019,Skincare,The Ordinary,1,1588,30,476.4,1111.6,5
ITEM000868,ORD04626,PROD0072,Fragrance,The Ordinary,2,1765,0,0,3530,4
ITEM000869,ORD04626,PROD0106,Wellness,Forest Essentials,2,762,15,228.6,1295.4,4
ITEM000870,ORD04626,PROD0090,Men's Grooming,NIVEA,1,842,0,0,842,5
ITEM000871,ORD00067,PROD0025,Skincare,Forest Essentials,1,639,0,0,639,
ITEM000872,ORD00067,PROD0065,Haircare,Forest Essentials,1,334,30,100.2,233.8,
ITEM000873,ORD00067,PROD0026,Makeup,Biotique,3,267,0,0,801,
ITEM000874,ORD00067,PROD0095,Men's Grooming,The Ordinary,1,269,15,40.35,228.65,
ITEM000875,ORD00596,PROD0086,Bath & Body,Sugar Cosmetics,1,317,0,0,317,
ITEM000876,ORD00596,PROD0033,Makeup,Mamaearth,1,2384,15,357.6,2026.4,
ITEM000877,ORD00596,PROD0110,Wellness,Nykaa Cosmetics,1,1400,15,210,1190,
ITEM000878,ORD04911,PROD0033,Makeup,Mamaearth,1,2384,5,119.2,2264.8,
ITEM000879,ORD04911,PROD0038,Makeup,The Ordinary,3,477,0,0,1431,
ITEM000880,ORD04911,PROD0047,Haircare,Biotique,1,665,30,199.5,465.5,
ITEM000881,ORD03034,PROD0055,Haircare,Minimalist,3,967,20,580.2,2320.8,4
ITEM000882,ORD00489,PROD0108,Wellness,The Ordinary,2,945,0,0,1890,5
ITEM000883,ORD00489,PROD0091,Men's Grooming,WOW Skin Science,2,530,10,106,954,3
ITEM000884,ORD02010,PROD0107,Wellness,Sugar Cosmetics,2,1156,15,346.8,1965.2,5
ITEM000885,ORD01903,PROD0054,Haircare,Dot & Key,1,181,20,36.2,144.8,
ITEM000886,ORD01903,PROD0102,Wellness,MAC,1,1278,10,127.8,1150.2,
ITEM000887,ORD00214,PROD0055,Haircare,Minimalist,2,967,15,290.1,1643.9,4
ITEM000888,ORD00214,PROD0045,Makeup,WOW Skin Science,1,1690,0,0,1690,5
ITEM000889,ORD00214,PROD0039,Makeup,Nykaa Cosmetics,1,864,20,172.8,691.2,4
ITEM000890,ORD00425,PROD0057,Haircare,The Ordinary,2,735,0,0,1470,4
ITEM000891,ORD00425,PROD0060,Haircare,Plum,1,512,0,0,512,5
ITEM000892,ORD00425,PROD0047,Haircare,Biotique,1,665,20,133,532,4
ITEM000893,ORD03790,PROD0012,Skincare,Minimalist,1,428,30,128.4,299.6,
ITEM000894,ORD03790,PROD0107,Wellness,Sugar Cosmetics,1,1156,5,57.8,1098.2,
ITEM000895,ORD03790,PROD0021,Skincare,Biotique,1,869,15,130.35,738.65,
ITEM000896,ORD03752,PROD0017,Skincare,WOW Skin Science,2,1699,0,0,3398,5
ITEM000897,ORD00204,PROD0024,Skincare,MAC,2,900,5,90,1710,3
ITEM000898,ORD02304,PROD0038,Makeup,The Ordinary,2,477,0,0,954,4
ITEM000899,ORD00071,PROD0033,Makeup,Mamaearth,1,2384,0,0,2384,1
ITEM000900,ORD00071,PROD0032,Makeup,Maybelline,1,2207,10,220.7,1986.3,4
ITEM000901,ORD00071,PROD0012,Skincare,Minimalist,3,428,15,192.6,1091.4,5
ITEM000902,ORD02058,PROD0017,Skincare,WOW Skin Science,1,1699,0,0,1699,5
ITEM000903,ORD02058,PROD0036,Makeup,Dot & Key,1,988,5,49.4,938.6,3
ITEM000904,ORD02058,PROD0020,Skincare,Maybelline,2,1237,10,247.4,2226.6,4
ITEM000905,ORD02058,PROD0086,Bath & Body,Sugar Cosmetics,1,317,0,0,317,4
ITEM000906,ORD01496,PROD0103,Wellness,Forest Essentials,1,1146,10,114.6,1031.4,
ITEM000907,ORD02039,PROD0063,Haircare,Mamaearth,1,1105,0,0,1105,3
ITEM000908,ORD02765,PROD0094,Men's Grooming,MAC,1,243,10,24.3,218.7,5
ITEM000909,ORD04239,PROD0009,Skincare,NIVEA,1,720,20,144,576,4
ITEM000910,ORD04239,PROD0093,Men's Grooming,Nykaa Cosmetics,1,245,0,0,245,4
ITEM000911,ORD04858,PROD0002,Skincare,Dot & Key,1,483,20,96.6,386.4,4
ITEM000912,ORD03305,PROD0082,Bath & Body,Sugar Cosmetics,1,621,0,0,621,1
ITEM000913,ORD03305,PROD0042,Makeup,Sugar Cosmetics,1,647,20,129.4,517.6,5
ITEM000914,ORD03352,PROD0031,Makeup,WOW Skin Science,1,1892,20,378.4,1513.6,4
ITEM000915,ORD03352,PROD0047,Haircare,Biotique,1,665,20,133,532,5
ITEM000916,ORD02831,PROD0082,Bath & Body,Sugar Cosmetics,3,621,30,558.9,1304.1,
ITEM000917,ORD02831,PROD0044,Makeup,Nykaa Cosmetics,3,701,5,105.15,1997.85,
ITEM000918,ORD00631,PROD0054,Haircare,Dot & Key,1,181,15,27.15,153.85,3
ITEM000919,ORD00631,PROD0055,Haircare,Minimalist,1,967,15,145.05,821.95,4
ITEM000920,ORD01848,PROD0064,Haircare,The Ordinary,1,642,10,64.2,577.8,5
ITEM000921,ORD01848,PROD0098,Men's Grooming,The Ordinary,1,241,5,12.05,228.95,5
ITEM000922,ORD00162,PROD0052,Haircare,Nykaa Cosmetics,1,915,30,274.5,640.5,3
ITEM000923,ORD00162,PROD0106,Wellness,Forest Essentials,1,762,30,228.6,533.4,4
ITEM000924,ORD04236,PROD0098,Men's Grooming,The Ordinary,1,241,20,48.2,192.8,4
ITEM000925,ORD01368,PROD0033,Makeup,Mamaearth,1,2384,30,715.2,1668.8,4
ITEM000926,ORD04433,PROD0031,Makeup,WOW Skin Science,2,1892,0,0,3784,5
ITEM000927,ORD04433,PROD0017,Skincare,WOW Skin Science,2,1699,20,679.6,2718.4,4
ITEM000928,ORD02664,PROD0033,Makeup,Mamaearth,2,2384,10,476.8,4291.2,4
ITEM000929,ORD04186,PROD0060,Haircare,Plum,1,512,10,51.2,460.8,
ITEM000930,ORD04186,PROD0014,Skincare,Sugar Cosmetics,2,1200,5,120,2280,
ITEM000931,ORD04186,PROD0105,Wellness,Minimalist,1,1068,10,106.8,961.2,
ITEM000932,ORD04186,PROD0080,Bath & Body,Lakme,1,152,0,0,152,
ITEM000933,ORD02399,PROD0100,Men's Grooming,Minimalist,1,156,0,0,156,4
ITEM000934,ORD02399,PROD0093,Men's Grooming,Nykaa Cosmetics,2,245,5,24.5,465.5,5
ITEM000935,ORD02669,PROD0030,Makeup,Nykaa Cosmetics,1,946,5,47.3,898.7,
ITEM000936,ORD04690,PROD0104,Wellness,Nykaa Cosmetics,1,1259,10,125.9,1133.1,2
ITEM000937,ORD03728,PROD0039,Makeup,Nykaa Cosmetics,1,864,20,172.8,691.2,5
ITEM000938,ORD02354,PROD0003,Skincare,MAC,1,1606,20,321.2,1284.8,5
ITEM000939,ORD02354,PROD0042,Makeup,Sugar Cosmetics,2,647,0,0,1294,5
ITEM000940,ORD02354,PROD0085,Bath & Body,Sugar Cosmetics,1,329,0,0,329,4
ITEM000941,ORD02270,PROD0075,Fragrance,Forest Essentials,2,1648,0,0,3296,3
ITEM000942,ORD02270,PROD0112,Wellness,NIVEA,1,964,5,48.2,915.8,5
ITEM000943,ORD02270,PROD0007,Skincare,Biotique,1,995,15,149.25,845.75,5
ITEM000944,ORD02270,PROD0032,Makeup,Maybelline,1,2207,30,662.1,1544.9,4
ITEM000945,ORD04202,PROD0076,Fragrance,Dot & Key,1,552,0,0,552,4
ITEM000946,ORD03659,PROD0088,Bath & Body,Sugar Cosmetics,1,669,0,0,669,3
ITEM000947,ORD03659,PROD0091,Men's Grooming,WOW Skin Science,1,530,10,53,477,5
ITEM000948,ORD03688,PROD0111,Wellness,Maybelline,1,489,5,24.45,464.55,
ITEM000949,ORD03688,PROD0085,Bath & Body,Sugar Cosmetics,1,329,0,0,329,
ITEM000950,ORD02031,PROD0052,Haircare,Nykaa Cosmetics,1,915,30,274.5,640.5,4
ITEM000951,ORD02031,PROD0088,Bath & Body,Sugar Cosmetics,3,669,0,0,2007,3
ITEM000952,ORD04926,PROD0004,Skincare,Dot & Key,2,1072,20,428.8,1715.2,5
ITEM000953,ORD01938,PROD0085,Bath & Body,Sugar Cosmetics,1,329,20,65.8,263.2,5
ITEM000954,ORD01938,PROD0023,Skincare,Biotique,1,1629,15,244.35,1384.65,5
ITEM000955,ORD02929,PROD0003,Skincare,MAC,1,1606,0,0,1606,4
ITEM000956,ORD00377,PROD0093,Men's Grooming,Nykaa Cosmetics,1,245,0,0,245,4
ITEM000957,ORD03851,PROD0005,Skincare,Biotique,1,893,30,267.9,625.1,4
ITEM000958,ORD03851,PROD0081,Bath & Body,L'Oreal Paris,1,767,0,0,767,5
ITEM000959,ORD03851,PROD0064,Haircare,The Ordinary,1,642,30,192.6,449.4,2
ITEM000960,ORD01680,PROD0021,Skincare,Biotique,3,869,0,0,2607,5
ITEM000961,ORD01680,PROD0069,Fragrance,Plum,1,1765,10,176.5,1588.5,4
ITEM000962,ORD01680,PROD0089,Bath & Body,Biotique,2,384,5,38.4,729.6,5
ITEM000963,ORD03222,PROD0058,Haircare,Mamaearth,1,841,10,84.1,756.9,
ITEM000964,ORD01152,PROD0107,Wellness,Sugar Cosmetics,1,1156,0,0,1156,3
ITEM000965,ORD01152,PROD0029,Makeup,Biotique,1,1007,10,100.7,906.3,5
ITEM000966,ORD01152,PROD0052,Haircare,Nykaa Cosmetics,1,915,10,91.5,823.5,3
ITEM000967,ORD01724,PROD0106,Wellness,Forest Essentials,2,762,10,152.4,1371.6,5
ITEM000968,ORD01724,PROD0035,Makeup,Sugar Cosmetics,1,526,5,26.3,499.7,3
ITEM000969,ORD01724,PROD0051,Haircare,WOW Skin Science,1,847,5,42.35,804.65,3
ITEM000970,ORD01724,PROD0022,Skincare,MAC,1,1685,30,505.5,1179.5,3
ITEM000971,ORD01246,PROD0013,Skincare,Nykaa Cosmetics,3,716,10,214.8,1933.2,
ITEM000972,ORD01246,PROD0092,Men's Grooming,Lakme,1,463,0,0,463,
ITEM000973,ORD00031,PROD0079,Bath & Body,L'Oreal Paris,1,653,10,65.3,587.7,4
ITEM000974,ORD03205,PROD0057,Haircare,The Ordinary,1,735,0,0,735,2
ITEM000975,ORD03076,PROD0026,Makeup,Biotique,1,267,0,0,267,4
ITEM000976,ORD03651,PROD0067,Fragrance,Biotique,1,1488,0,0,1488,5
ITEM000977,ORD02940,PROD0010,Skincare,The Ordinary,2,893,15,267.9,1518.1,2
ITEM000978,ORD00285,PROD0060,Haircare,Plum,3,512,5,76.8,1459.2,4
ITEM000979,ORD00285,PROD0072,Fragrance,The Ordinary,1,1765,20,353,1412,2
ITEM000980,ORD00285,PROD0062,Haircare,WOW Skin Science,1,769,5,38.45,730.55,5
ITEM000981,ORD00285,PROD0088,Bath & Body,Sugar Cosmetics,2,669,0,0,1338,4
ITEM000982,ORD02658,PROD0037,Makeup,Mamaearth,1,209,30,62.7,146.3,3
ITEM000983,ORD02658,PROD0039,Makeup,Nykaa Cosmetics,1,864,10,86.4,777.6,5
ITEM000984,ORD02138,PROD0053,Haircare,Forest Essentials,2,1102,10,220.4,1983.6,5
ITEM000985,ORD02138,PROD0036,Makeup,Dot & Key,1,988,20,197.6,790.4,2
ITEM000986,ORD03139,PROD0088,Bath & Body,Sugar Cosmetics,1,669,0,0,669,5
ITEM000987,ORD01485,PROD0004,Skincare,Dot & Key,2,1072,5,107.2,2036.8,4
ITEM000988,ORD01485,PROD0010,Skincare,The Ordinary,1,893,20,178.6,714.4,4
ITEM000989,ORD04684,PROD0027,Makeup,Mamaearth,2,1454,10,290.8,2617.2,5
ITEM000990,ORD02128,PROD0045,Makeup,WOW Skin Science,1,1690,30,507,1183,5
ITEM000991,ORD03192,PROD0079,Bath & Body,L'Oreal Paris,3,653,5,97.95,1861.05,4
ITEM000992,ORD03913,PROD0053,Haircare,Forest Essentials,2,1102,5,110.2,2093.8,5
ITEM000993,ORD03913,PROD0107,Wellness,Sugar Cosmetics,2,1156,10,231.2,2080.8,5
ITEM000994,ORD01147,PROD0049,Haircare,Forest Essentials,1,718,0,0,718,5
ITEM000995,ORD01747,PROD0088,Bath & Body,Sugar Cosmetics,1,669,20,133.8,535.2,5
ITEM000996,ORD01747,PROD0091,Men's Grooming,WOW Skin Science,1,530,15,79.5,450.5,4
ITEM000997,ORD01747,PROD0090,Men's Grooming,NIVEA,1,842,0,0,842,4
ITEM000998,ORD01329,PROD0060,Haircare,Plum,1,512,20,102.4,409.6,3
ITEM000999,ORD04793,PROD0094,Men's Grooming,MAC,2,243,0,0,486,3
ITEM001000,ORD04793,PROD0075,Fragrance,Forest Essentials,1,1648,30,494.4,1153.6,5
ITEM001001,ORD04793,PROD0035,Makeup,Sugar Cosmetics,1,526,15,78.9,447.1,5
ITEM001002,ORD00243,PROD0086,Bath & Body,Sugar Cosmetics,1,317,15,47.55,269.45,4
ITEM001003,ORD01739,PROD0079,Bath & Body,L'Oreal Paris,3,653,5,97.95,1861.05,
ITEM001004,ORD01545,PROD0099,Men's Grooming,Forest Essentials,1,554,20,110.8,443.2,4
ITEM001005,ORD01545,PROD0109,Wellness,L'Oreal Paris,1,625,15,93.75,531.25,4
ITEM001006,ORD00874,PROD0069,Fragrance,Plum,1,1765,10,176.5,1588.5,5
ITEM001007,ORD00874,PROD0106,Wellness,Forest Essentials,2,762,15,228.6,1295.4,5
ITEM001008,ORD00874,PROD0088,Bath & Body,Sugar Cosmetics,1,669,30,200.7,468.3,4
ITEM001009,ORD03576,PROD0096,Men's Grooming,The Ordinary,1,520,15,78,442,5
ITEM001010,ORD03576,PROD0071,Fragrance,Maybelline,1,1416,10,141.6,1274.4,4
ITEM001011,ORD03576,PROD0008,Skincare,Forest Essentials,1,317,15,47.55,269.45,4
ITEM001012,ORD01191,PROD0067,Fragrance,Biotique,1,1488,0,0,1488,2
ITEM001013,ORD03698,PROD0093,Men's Grooming,Nykaa Cosmetics,1,245,20,49,196,
ITEM001014,ORD01309,PROD0075,Fragrance,Forest Essentials,3,1648,20,988.8,3955.2,5
ITEM001015,ORD01309,PROD0090,Men's Grooming,NIVEA,1,842,10,84.2,757.8,4
ITEM001016,ORD02198,PROD0017,Skincare,WOW Skin Science,1,1699,0,0,1699,2
ITEM001017,ORD02958,PROD0085,Bath & Body,Sugar Cosmetics,2,329,20,131.6,526.4,2
ITEM001018,ORD00277,PROD0107,Wellness,Sugar Cosmetics,2,1156,0,0,2312,5
ITEM001019,ORD00277,PROD0026,Makeup,Biotique,1,267,30,80.1,186.9,5
ITEM001020,ORD00277,PROD0099,Men's Grooming,Forest Essentials,1,554,0,0,554,4
ITEM001021,ORD00277,PROD0004,Skincare,Dot & Key,1,1072,30,321.6,750.4,5
ITEM001022,ORD00765,PROD0020,Skincare,Maybelline,2,1237,15,371.1,2102.9,
ITEM001023,ORD00765,PROD0014,Skincare,Sugar Cosmetics,1,1200,15,180,1020,
ITEM001024,ORD00765,PROD0075,Fragrance,Forest Essentials,1,1648,0,0,1648,
ITEM001025,ORD00765,PROD0102,Wellness,MAC,1,1278,30,383.4,894.6,
ITEM001026,ORD03781,PROD0053,Haircare,Forest Essentials,1,1102,0,0,1102,5
ITEM001027,ORD03781,PROD0044,Makeup,Nykaa Cosmetics,1,701,30,210.3,490.7,5
ITEM001028,ORD01753,PROD0010,Skincare,The Ordinary,1,893,30,267.9,625.1,5
ITEM001029,ORD01442,PROD0106,Wellness,Forest Essentials,2,762,30,457.2,1066.8,1
ITEM001030,ORD01895,PROD0013,Skincare,Nykaa Cosmetics,1,716,10,71.6,644.4,
ITEM001031,ORD01895,PROD0057,Haircare,The Ordinary,1,735,20,147,588,
ITEM001032,ORD01895,PROD0061,Haircare,L'Oreal Paris,2,466,0,0,932,
ITEM001033,ORD02158,PROD0051,Haircare,WOW Skin Science,2,847,5,84.7,1609.3,5
ITEM001034,ORD02137,PROD0093,Men's Grooming,Nykaa Cosmetics,2,245,0,0,490,4
ITEM001035,ORD02592,PROD0081,Bath & Body,L'Oreal Paris,1,767,30,230.1,536.9,
ITEM001036,ORD01762,PROD0020,Skincare,Maybelline,1,1237,15,185.55,1051.45,5
ITEM001037,ORD01762,PROD0088,Bath & Body,Sugar Cosmetics,1,669,0,0,669,5
ITEM001038,ORD01762,PROD0008,Skincare,Forest Essentials,1,317,20,63.4,253.6,4
ITEM001039,ORD03644,PROD0054,Haircare,Dot & Key,1,181,20,36.2,144.8,5
ITEM001040,ORD03644,PROD0107,Wellness,Sugar Cosmetics,2,1156,5,115.6,2196.4,5
ITEM001041,ORD03644,PROD0007,Skincare,Biotique,3,995,5,149.25,2835.75,4
ITEM001042,ORD04872,PROD0050,Haircare,Nykaa Cosmetics,1,762,0,0,762,5
ITEM001043,ORD03474,PROD0081,Bath & Body,L'Oreal Paris,1,767,5,38.35,728.65,
ITEM001044,ORD03474,PROD0065,Haircare,Forest Essentials,2,334,5,33.4,634.6,
ITEM001045,ORD03821,PROD0013,Skincare,Nykaa Cosmetics,1,716,5,35.8,680.2,1
ITEM001046,ORD03821,PROD0029,Makeup,Biotique,1,1007,30,302.1,704.9,5
ITEM001047,ORD03821,PROD0004,Skincare,Dot & Key,2,1072,20,428.8,1715.2,4
ITEM001048,ORD04776,PROD0087,Bath & Body,Dot & Key,1,222,15,33.3,188.7,2
ITEM001049,ORD03353,PROD0024,Skincare,MAC,2,900,5,90,1710,4
ITEM001050,ORD03353,PROD0044,Makeup,Nykaa Cosmetics,1,701,30,210.3,490.7,5
ITEM001051,ORD03186,PROD0030,Makeup,Nykaa Cosmetics,1,946,0,0,946,
ITEM001052,ORD03186,PROD0098,Men's Grooming,The Ordinary,1,241,0,0,241,
ITEM001053,ORD03186,PROD0011,Skincare,Lakme,1,1528,20,305.6,1222.4,
ITEM001054,ORD03186,PROD0062,Haircare,WOW Skin Science,2,769,0,0,1538,
ITEM001055,ORD04468,PROD0007,Skincare,Biotique,2,995,0,0,1990,5
ITEM001056,ORD04468,PROD0023,Skincare,Biotique,1,1629,20,325.8,1303.2,2
ITEM001057,ORD04468,PROD0103,Wellness,Forest Essentials,1,1146,0,0,1146,5
ITEM001058,ORD04468,PROD0030,Makeup,Nykaa Cosmetics,1,946,0,0,946,4
ITEM001059,ORD04946,PROD0095,Men's Grooming,The Ordinary,2,269,0,0,538,5
ITEM001060,ORD01284,PROD0102,Wellness,MAC,1,1278,15,191.7,1086.3,5
ITEM001061,ORD01284,PROD0002,Skincare,Dot & Key,2,483,30,289.8,676.2,4
ITEM001062,ORD01284,PROD0035,Makeup,Sugar Cosmetics,2,526,15,157.8,894.2,2
ITEM001063,ORD01284,PROD0110,Wellness,Nykaa Cosmetics,1,1400,30,420,980,4
ITEM001064,ORD03850,PROD0108,Wellness,The Ordinary,1,945,10,94.5,850.5,5
ITEM001065,ORD03599,PROD0076,Fragrance,Dot & Key,2,552,0,0,1104,5
ITEM001066,ORD03599,PROD0054,Haircare,Dot & Key,1,181,5,9.05,171.95,4
ITEM001067,ORD03599,PROD0067,Fragrance,Biotique,3,1488,30,1339.2,3124.8,4
ITEM001068,ORD03599,PROD0102,Wellness,MAC,1,1278,30,383.4,894.6,4
ITEM001069,ORD00197,PROD0008,Skincare,Forest Essentials,3,317,5,47.55,903.45,4
ITEM001070,ORD00197,PROD0101,Wellness,Mamaearth,1,930,5,46.5,883.5,5
ITEM001071,ORD00197,PROD0074,Fragrance,NIVEA,2,752,10,150.4,1353.6,5
ITEM001072,ORD00197,PROD0038,Makeup,The Ordinary,1,477,10,47.7,429.3,5
ITEM001073,ORD01863,PROD0077,Fragrance,Lakme,1,2406,20,481.2,1924.8,
ITEM001074,ORD00946,PROD0096,Men's Grooming,The Ordinary,1,520,15,78,442,5
ITEM001075,ORD00969,PROD0036,Makeup,Dot & Key,1,988,0,0,988,5
ITEM001076,ORD03998,PROD0072,Fragrance,The Ordinary,2,1765,15,529.5,3000.5,
ITEM001077,ORD03998,PROD0112,Wellness,NIVEA,1,964,30,289.2,674.8,
ITEM001078,ORD02832,PROD0054,Haircare,Dot & Key,3,181,5,27.15,515.85,5
ITEM001079,ORD02832,PROD0015,Skincare,Biotique,1,1295,10,129.5,1165.5,5
ITEM001080,ORD00828,PROD0067,Fragrance,Biotique,1,1488,10,148.8,1339.2,5
ITEM001081,ORD04571,PROD0103,Wellness,Forest Essentials,2,1146,10,229.2,2062.8,3
ITEM001082,ORD04571,PROD0053,Haircare,Forest Essentials,1,1102,15,165.3,936.7,4
ITEM001083,ORD00249,PROD0023,Skincare,Biotique,1,1629,15,244.35,1384.65,2
ITEM001084,ORD04509,PROD0094,Men's Grooming,MAC,1,243,10,24.3,218.7,5
ITEM001085,ORD04509,PROD0026,Makeup,Biotique,1,267,15,40.05,226.95,4
ITEM001086,ORD01189,PROD0102,Wellness,MAC,1,1278,0,0,1278,2
ITEM001087,ORD01189,PROD0041,Makeup,Mamaearth,1,1516,10,151.6,1364.4,4
ITEM001088,ORD01189,PROD0099,Men's Grooming,Forest Essentials,3,554,15,249.3,1412.7,5
ITEM001089,ORD01189,PROD0086,Bath & Body,Sugar Cosmetics,1,317,5,15.85,301.15,3
ITEM001090,ORD01241,PROD0057,Haircare,The Ordinary,1,735,15,110.25,624.75,2
ITEM001091,ORD01241,PROD0015,Skincare,Biotique,2,1295,20,518,2072,4
ITEM001092,ORD01241,PROD0099,Men's Grooming,Forest Essentials,1,554,0,0,554,4
ITEM001093,ORD04249,PROD0064,Haircare,The Ordinary,3,642,30,577.8,1348.2,5
ITEM001094,ORD04194,PROD0055,Haircare,Minimalist,2,967,15,290.1,1643.9,5
ITEM001095,ORD04194,PROD0010,Skincare,The Ordinary,1,893,0,0,893,4
ITEM001096,ORD04364,PROD0111,Wellness,Maybelline,1,489,5,24.45,464.55,4
ITEM001097,ORD01603,PROD0101,Wellness,Mamaearth,1,930,5,46.5,883.5,
ITEM001098,ORD01466,PROD0005,Skincare,Biotique,1,893,5,44.65,848.35,5
ITEM001099,ORD04299,PROD0002,Skincare,Dot & Key,1,483,5,24.15,458.85,
ITEM001100,ORD04299,PROD0028,Makeup,L'Oreal Paris,1,844,20,168.8,675.2,
ITEM001101,ORD01923,PROD0059,Haircare,Minimalist,1,503,0,0,503,5
ITEM001102,ORD01923,PROD0047,Haircare,Biotique,1,665,30,199.5,465.5,5
ITEM001103,ORD01154,PROD0013,Skincare,Nykaa Cosmetics,1,716,20,143.2,572.8,3
ITEM001104,ORD01154,PROD0003,Skincare,MAC,2,1606,0,0,3212,5
ITEM001105,ORD04973,PROD0092,Men's Grooming,Lakme,3,463,0,0,1389,4
ITEM001106,ORD04973,PROD0100,Men's Grooming,Minimalist,1,156,10,15.6,140.4,5
ITEM001107,ORD04135,PROD0016,Skincare,The Ordinary,2,1150,0,0,2300,5
ITEM001108,ORD04135,PROD0005,Skincare,Biotique,1,893,0,0,893,5
ITEM001109,ORD00792,PROD0112,Wellness,NIVEA,2,964,5,96.4,1831.6,
ITEM001110,ORD03194,PROD0012,Skincare,Minimalist,1,428,0,0,428,4
ITEM001111,ORD03194,PROD0010,Skincare,The Ordinary,1,893,0,0,893,4
ITEM001112,ORD03194,PROD0068,Fragrance,Minimalist,2,1193,15,357.9,2028.1,5
ITEM001113,ORD03194,PROD0110,Wellness,Nykaa Cosmetics,2,1400,0,0,2800,4
ITEM001114,ORD00439,PROD0088,Bath & Body,Sugar Cosmetics,1,669,20,133.8,535.2,4
ITEM001115,ORD00439,PROD0018,Skincare,Dot & Key,3,1081,10,324.3,2918.7,3
ITEM001116,ORD02084,PROD0003,Skincare,MAC,1,1606,20,321.2,1284.8,5
ITEM001117,ORD03624,PROD0077,Fragrance,Lakme,1,2406,15,360.9,2045.1,4
ITEM001118,ORD03624,PROD0017,Skincare,WOW Skin Science,1,1699,0,0,1699,5
ITEM001119,ORD03881,PROD0022,Skincare,MAC,3,1685,20,1011,4044,5
ITEM001120,ORD01565,PROD0035,Makeup,Sugar Cosmetics,1,526,30,157.8,368.2,3
ITEM001121,ORD01547,PROD0065,Haircare,Forest Essentials,3,334,30,300.6,701.4,5
ITEM001122,ORD02715,PROD0045,Makeup,WOW Skin Science,3,1690,30,1521,3549,2
ITEM001123,ORD02715,PROD0073,Fragrance,Biotique,1,2226,15,333.9,1892.1,4
ITEM001124,ORD01476,PROD0072,Fragrance,The Ordinary,1,1765,0,0,1765,3
ITEM001125,ORD01476,PROD0093,Men's Grooming,Nykaa Cosmetics,1,245,15,36.75,208.25,4
ITEM001126,ORD01476,PROD0092,Men's Grooming,Lakme,2,463,0,0,926,3
ITEM001127,ORD01476,PROD0068,Fragrance,Minimalist,1,1193,30,357.9,835.1,4
ITEM001128,ORD04647,PROD0082,Bath & Body,Sugar Cosmetics,1,621,20,124.2,496.8,5
ITEM001129,ORD04647,PROD0088,Bath & Body,Sugar Cosmetics,1,669,15,100.35,568.65,3
ITEM001130,ORD04647,PROD0007,Skincare,Biotique,1,995,10,99.5,895.5,4
ITEM001131,ORD03729,PROD0045,Makeup,WOW Skin Science,3,1690,0,0,5070,5
ITEM001132,ORD03729,PROD0016,Skincare,The Ordinary,1,1150,0,0,1150,3
ITEM001133,ORD01787,PROD0093,Men's Grooming,Nykaa Cosmetics,1,245,20,49,196,5
ITEM001134,ORD03865,PROD0068,Fragrance,Minimalist,1,1193,5,59.65,1133.35,
ITEM001135,ORD02367,PROD0081,Bath & Body,L'Oreal Paris,1,767,15,115.05,651.95,2
ITEM001136,ORD02367,PROD0046,Makeup,The Ordinary,1,532,0,0,532,5
ITEM001137,ORD02655,PROD0024,Skincare,MAC,1,900,0,0,900,5
ITEM001138,ORD02655,PROD0099,Men's Grooming,Forest Essentials,1,554,15,83.1,470.9,4
ITEM001139,ORD02655,PROD0102,Wellness,MAC,2,1278,20,511.2,2044.8,5
ITEM001140,ORD02655,PROD0058,Haircare,Mamaearth,1,841,0,0,841,3
ITEM001141,ORD03433,PROD0061,Haircare,L'Oreal Paris,2,466,30,279.6,652.4,4
ITEM001142,ORD04742,PROD0092,Men's Grooming,Lakme,1,463,30,138.9,324.1,5
ITEM001143,ORD03443,PROD0082,Bath & Body,Sugar Cosmetics,1,621,0,0,621,
ITEM001144,ORD03443,PROD0102,Wellness,MAC,1,1278,5,63.9,1214.1,
ITEM001145,ORD03443,PROD0095,Men's Grooming,The Ordinary,1,269,0,0,269,
ITEM001146,ORD03435,PROD0088,Bath & Body,Sugar Cosmetics,1,669,5,33.45,635.55,5
ITEM001147,ORD04890,PROD0059,Haircare,Minimalist,2,503,30,301.8,704.2,3
ITEM001148,ORD04890,PROD0080,Bath & Body,Lakme,1,152,20,30.4,121.6,4
ITEM001149,ORD04890,PROD0095,Men's Grooming,The Ordinary,1,269,10,26.9,242.1,5
ITEM001150,ORD00920,PROD0022,Skincare,MAC,1,1685,20,337,1348,4
ITEM001151,ORD04437,PROD0054,Haircare,Dot & Key,1,181,20,36.2,144.8,4
ITEM001152,ORD02283,PROD0017,Skincare,WOW Skin Science,3,1699,10,509.7,4587.3,
ITEM001153,ORD02283,PROD0044,Makeup,Nykaa Cosmetics,1,701,10,70.1,630.9,
ITEM001154,ORD02283,PROD0079,Bath & Body,L'Oreal Paris,1,653,15,97.95,555.05,
ITEM001155,ORD02735,PROD0035,Makeup,Sugar Cosmetics,1,526,15,78.9,447.1,5
ITEM001156,ORD02735,PROD0074,Fragrance,NIVEA,1,752,20,150.4,601.6,4
ITEM001157,ORD02735,PROD0027,Makeup,Mamaearth,2,1454,0,0,2908,4
ITEM001158,ORD02735,PROD0099,Men's Grooming,Forest Essentials,1,554,20,110.8,443.2,4
ITEM001159,ORD04053,PROD0070,Fragrance,NIVEA,1,2241,10,224.1,2016.9,3
ITEM001160,ORD01366,PROD0023,Skincare,Biotique,2,1629,15,488.7,2769.3,3
ITEM001161,ORD01366,PROD0064,Haircare,The Ordinary,1,642,10,64.2,577.8,5
ITEM001162,ORD01366,PROD0030,Makeup,Nykaa Cosmetics,2,946,10,189.2,1702.8,4
ITEM001163,ORD01366,PROD0012,Skincare,Minimalist,1,428,15,64.2,363.8,3
ITEM001164,ORD03755,PROD0011,Skincare,Lakme,1,1528,15,229.2,1298.8,4
ITEM001165,ORD03755,PROD0110,Wellness,Nykaa Cosmetics,3,1400,5,210,3990,4
ITEM001166,ORD00456,PROD0045,Makeup,WOW Skin Science,1,1690,0,0,1690,5
ITEM001167,ORD00456,PROD0023,Skincare,Biotique,2,1629,30,977.4,2280.6,3
ITEM001168,ORD02296,PROD0091,Men's Grooming,WOW Skin Science,1,530,0,0,530,5
ITEM001169,ORD04166,PROD0090,Men's Grooming,NIVEA,3,842,5,126.3,2399.7,
ITEM001170,ORD04166,PROD0064,Haircare,The Ordinary,1,642,20,128.4,513.6,
ITEM001171,ORD02689,PROD0102,Wellness,MAC,1,1278,20,255.6,1022.4,4
ITEM001172,ORD02689,PROD0008,Skincare,Forest Essentials,2,317,30,190.2,443.8,5
ITEM001173,ORD02689,PROD0006,Skincare,Nykaa Cosmetics,3,1639,20,983.4,3933.6,4
ITEM001174,ORD02689,PROD0044,Makeup,Nykaa Cosmetics,1,701,5,35.05,665.95,5
ITEM001175,ORD01859,PROD0041,Makeup,Mamaearth,1,1516,10,151.6,1364.4,4
ITEM001176,ORD01859,PROD0085,Bath & Body,Sugar Cosmetics,2,329,20,131.6,526.4,4
ITEM001177,ORD03242,PROD0014,Skincare,Sugar Cosmetics,3,1200,20,720,2880,4
ITEM001178,ORD03242,PROD0045,Makeup,WOW Skin Science,2,1690,10,338,3042,4
ITEM001179,ORD03242,PROD0054,Haircare,Dot & Key,1,181,5,9.05,171.95,4
ITEM001180,ORD00152,PROD0012,Skincare,Minimalist,1,428,0,0,428,5
ITEM001181,ORD00152,PROD0031,Makeup,WOW Skin Science,2,1892,20,756.8,3027.2,5
ITEM001182,ORD00719,PROD0036,Makeup,Dot & Key,2,988,20,395.2,1580.8,
ITEM001183,ORD00719,PROD0048,Haircare,Maybelline,1,775,5,38.75,736.25,
ITEM001184,ORD01818,PROD0004,Skincare,Dot & Key,2,1072,5,107.2,2036.8,
ITEM001185,ORD01818,PROD0060,Haircare,Plum,1,512,20,102.4,409.6,
ITEM001186,ORD03805,PROD0034,Makeup,WOW Skin Science,1,2004,0,0,2004,5
ITEM001187,ORD03805,PROD0030,Makeup,Nykaa Cosmetics,1,946,10,94.6,851.4,4
ITEM001188,ORD03805,PROD0055,Haircare,Minimalist,1,967,0,0,967,4
ITEM001189,ORD02305,PROD0029,Makeup,Biotique,1,1007,20,201.4,805.6,4
ITEM001190,ORD04790,PROD0103,Wellness,Forest Essentials,2,1146,30,687.6,1604.4,5
ITEM001191,ORD01399,PROD0063,Haircare,Mamaearth,2,1105,20,442,1768,4
ITEM001192,ORD01139,PROD0033,Makeup,Mamaearth,1,2384,15,357.6,2026.4,4
ITEM001193,ORD02718,PROD0080,Bath & Body,Lakme,1,152,0,0,152,4
ITEM001194,ORD04457,PROD0060,Haircare,Plum,3,512,10,153.6,1382.4,2
ITEM001195,ORD04457,PROD0024,Skincare,MAC,2,900,5,90,1710,3
ITEM001196,ORD04457,PROD0085,Bath & Body,Sugar Cosmetics,1,329,15,49.35,279.65,5
ITEM001197,ORD04018,PROD0107,Wellness,Sugar Cosmetics,1,1156,15,173.4,982.6,3
ITEM001198,ORD04018,PROD0065,Haircare,Forest Essentials,1,334,0,0,334,5
ITEM001199,ORD04018,PROD0024,Skincare,MAC,1,900,15,135,765,4
ITEM001200,ORD04018,PROD0037,Makeup,Mamaearth,1,209,30,62.7,146.3,4
ITEM001201,ORD02229,PROD0066,Fragrance,Forest Essentials,2,2975,20,1190,4760,3
ITEM001202,ORD02229,PROD0058,Haircare,Mamaearth,1,841,0,0,841,5
ITEM001203,ORD00974,PROD0082,Bath & Body,Sugar Cosmetics,2,621,5,62.1,1179.9,5
ITEM001204,ORD00974,PROD0041,Makeup,Mamaearth,1,1516,30,454.8,1061.2,5
ITEM001205,ORD04512,PROD0109,Wellness,L'Oreal Paris,1,625,30,187.5,437.5,4
ITEM001206,ORD04512,PROD0111,Wellness,Maybelline,1,489,20,97.8,391.2,4
ITEM001207,ORD04512,PROD0098,Men's Grooming,The Ordinary,2,241,5,24.1,457.9,3
ITEM001208,ORD04512,PROD0106,Wellness,Forest Essentials,2,762,20,304.8,1219.2,5
ITEM001209,ORD01708,PROD0027,Makeup,Mamaearth,1,1454,0,0,1454,3
ITEM001210,ORD01492,PROD0018,Skincare,Dot & Key,1,1081,30,324.3,756.7,5
ITEM001211,ORD01211,PROD0084,Bath & Body,Mamaearth,1,750,0,0,750,5
ITEM001212,ORD01211,PROD0074,Fragrance,NIVEA,3,752,5,112.8,2143.2,5
ITEM001213,ORD01211,PROD0105,Wellness,Minimalist,1,1068,5,53.4,1014.6,5
ITEM001214,ORD00135,PROD0069,Fragrance,Plum,1,1765,0,0,1765,5
ITEM001215,ORD00943,PROD0080,Bath & Body,Lakme,1,152,15,22.8,129.2,
ITEM001216,ORD04146,PROD0068,Fragrance,Minimalist,2,1193,10,238.6,2147.4,3
ITEM001217,ORD04146,PROD0017,Skincare,WOW Skin Science,2,1699,0,0,3398,5
ITEM001218,ORD04146,PROD0043,Makeup,WOW Skin Science,1,1330,20,266,1064,5
ITEM001219,ORD04146,PROD0100,Men's Grooming,Minimalist,1,156,20,31.2,124.8,5
ITEM001220,ORD03916,PROD0030,Makeup,Nykaa Cosmetics,1,946,20,189.2,756.8,4
ITEM001221,ORD02211,PROD0034,Makeup,WOW Skin Science,3,2004,15,901.8,5110.2,1
ITEM001222,ORD02211,PROD0012,Skincare,Minimalist,1,428,5,21.4,406.6,5
ITEM001223,ORD02211,PROD0097,Men's Grooming,Maybelline,1,369,10,36.9,332.1,5
ITEM001224,ORD01886,PROD0074,Fragrance,NIVEA,1,752,30,225.6,526.4,3
ITEM001225,ORD01886,PROD0038,Makeup,The Ordinary,1,477,0,0,477,5
ITEM001226,ORD04309,PROD0039,Makeup,Nykaa Cosmetics,1,864,10,86.4,777.6,2
ITEM001227,ORD04309,PROD0026,Makeup,Biotique,2,267,10,53.4,480.6,4
ITEM001228,ORD04309,PROD0107,Wellness,Sugar Cosmetics,2,1156,10,231.2,2080.8,4
ITEM001229,ORD02407,PROD0036,Makeup,Dot & Key,2,988,15,296.4,1679.6,4
ITEM001230,ORD00858,PROD0088,Bath & Body,Sugar Cosmetics,2,669,5,66.9,1271.1,5
ITEM001231,ORD01243,PROD0073,Fragrance,Biotique,1,2226,30,667.8,1558.2,4
ITEM001232,ORD01243,PROD0039,Makeup,Nykaa Cosmetics,1,864,30,259.2,604.8,3
ITEM001233,ORD02949,PROD0058,Haircare,Mamaearth,2,841,10,168.2,1513.8,1
ITEM001234,ORD02949,PROD0084,Bath & Body,Mamaearth,1,750,10,75,675,5
ITEM001235,ORD03654,PROD0056,Haircare,MAC,1,1009,15,151.35,857.65,
ITEM001236,ORD03361,PROD0024,Skincare,MAC,3,900,15,405,2295,5
ITEM001237,ORD03361,PROD0017,Skincare,WOW Skin Science,1,1699,15,254.85,1444.15,2
ITEM001238,ORD02278,PROD0034,Makeup,WOW Skin Science,1,2004,5,100.2,1903.8,4
ITEM001239,ORD04648,PROD0016,Skincare,The Ordinary,1,1150,10,115,1035,4
ITEM001240,ORD04640,PROD0059,Haircare,Minimalist,1,503,0,0,503,4
ITEM001241,ORD04640,PROD0039,Makeup,Nykaa Cosmetics,1,864,15,129.6,734.4,4
ITEM001242,ORD01614,PROD0031,Makeup,WOW Skin Science,1,1892,30,567.6,1324.4,4
ITEM001243,ORD01614,PROD0062,Haircare,WOW Skin Science,1,769,0,0,769,2
ITEM001244,ORD01614,PROD0018,Skincare,Dot & Key,2,1081,0,0,2162,4
ITEM001245,ORD00960,PROD0091,Men's Grooming,WOW Skin Science,1,530,0,0,530,4
ITEM001246,ORD00960,PROD0007,Skincare,Biotique,2,995,10,199,1791,5
ITEM001247,ORD03013,PROD0006,Skincare,Nykaa Cosmetics,2,1639,0,0,3278,4
ITEM001248,ORD03254,PROD0049,Haircare,Forest Essentials,1,718,5,35.9,682.1,5
ITEM001249,ORD01387,PROD0032,Makeup,Maybelline,1,2207,0,0,2207,
ITEM001250,ORD01387,PROD0076,Fragrance,Dot & Key,3,552,20,331.2,1324.8,
ITEM001251,ORD03584,PROD0038,Makeup,The Ordinary,1,477,15,71.55,405.45,
ITEM001252,ORD03584,PROD0007,Skincare,Biotique,1,995,5,49.75,945.25,
ITEM001253,ORD03584,PROD0074,Fragrance,NIVEA,1,752,20,150.4,601.6,
ITEM001254,ORD02614,PROD0032,Makeup,Maybelline,1,2207,0,0,2207,5
ITEM001255,ORD04514,PROD0036,Makeup,Dot & Key,3,988,0,0,2964,4
ITEM001256,ORD04514,PROD0064,Haircare,The Ordinary,1,642,5,32.1,609.9,4
ITEM001257,ORD01478,PROD0027,Makeup,Mamaearth,1,1454,20,290.8,1163.2,2
ITEM001258,ORD01478,PROD0062,Haircare,WOW Skin Science,1,769,10,76.9,692.1,2
ITEM001259,ORD01478,PROD0014,Skincare,Sugar Cosmetics,1,1200,5,60,1140,4
ITEM001260,ORD01478,PROD0101,Wellness,Mamaearth,3,930,15,418.5,2371.5,5
ITEM001261,ORD01336,PROD0080,Bath & Body,Lakme,2,152,10,30.4,273.6,5
ITEM001262,ORD01336,PROD0077,Fragrance,Lakme,2,2406,0,0,4812,4
ITEM001263,ORD04183,PROD0084,Bath & Body,Mamaearth,1,750,20,150,600,4
ITEM001264,ORD04403,PROD0035,Makeup,Sugar Cosmetics,1,526,15,78.9,447.1,3
ITEM001265,ORD01959,PROD0061,Haircare,L'Oreal Paris,1,466,10,46.6,419.4,
ITEM001266,ORD01959,PROD0029,Makeup,Biotique,1,1007,20,201.4,805.6,
ITEM001267,ORD01959,PROD0082,Bath & Body,Sugar Cosmetics,1,621,10,62.1,558.9,
ITEM001268,ORD03173,PROD0044,Makeup,Nykaa Cosmetics,2,701,5,70.1,1331.9,4
ITEM001269,ORD02328,PROD0018,Skincare,Dot & Key,1,1081,20,216.2,864.8,5
ITEM001270,ORD02816,PROD0062,Haircare,WOW Skin Science,2,769,10,153.8,1384.2,5
ITEM001271,ORD03869,PROD0033,Makeup,Mamaearth,1,2384,10,238.4,2145.6,5
ITEM001272,ORD03869,PROD0007,Skincare,Biotique,2,995,0,0,1990,2
ITEM001273,ORD03869,PROD0084,Bath & Body,Mamaearth,2,750,5,75,1425,3
ITEM001274,ORD01393,PROD0014,Skincare,Sugar Cosmetics,2,1200,0,0,2400,5
ITEM001275,ORD01393,PROD0081,Bath & Body,L'Oreal Paris,1,767,10,76.7,690.3,5
ITEM001276,ORD04287,PROD0005,Skincare,Biotique,2,893,15,267.9,1518.1,5
ITEM001277,ORD04664,PROD0081,Bath & Body,L'Oreal Paris,1,767,5,38.35,728.65,5
ITEM001278,ORD03015,PROD0100,Men's Grooming,Minimalist,1,156,0,0,156,2
ITEM001279,ORD03015,PROD0092,Men's Grooming,Lakme,1,463,30,138.9,324.1,4
ITEM001280,ORD02244,PROD0111,Wellness,Maybelline,1,489,10,48.9,440.1,5
ITEM001281,ORD04297,PROD0093,Men's Grooming,Nykaa Cosmetics,1,245,10,24.5,220.5,
ITEM001282,ORD04297,PROD0021,Skincare,Biotique,1,869,0,0,869,
ITEM001283,ORD04999,PROD0029,Makeup,Biotique,3,1007,0,0,3021,1
ITEM001284,ORD04999,PROD0107,Wellness,Sugar Cosmetics,3,1156,5,173.4,3294.6,4
ITEM001285,ORD04999,PROD0051,Haircare,WOW Skin Science,3,847,5,127.05,2413.95,5
ITEM001286,ORD04999,PROD0100,Men's Grooming,Minimalist,1,156,20,31.2,124.8,1
ITEM001287,ORD02754,PROD0083,Bath & Body,Minimalist,1,446,0,0,446,5
ITEM001288,ORD02754,PROD0032,Makeup,Maybelline,2,2207,30,1324.2,3089.8,5
ITEM001289,ORD02754,PROD0070,Fragrance,NIVEA,2,2241,30,1344.6,3137.4,2
ITEM001290,ORD03950,PROD0011,Skincare,Lakme,1,1528,30,458.4,1069.6,5
ITEM001291,ORD04362,PROD0086,Bath & Body,Sugar Cosmetics,1,317,0,0,317,
ITEM001292,ORD04362,PROD0082,Bath & Body,Sugar Cosmetics,1,621,0,0,621,
ITEM001293,ORD03541,PROD0084,Bath & Body,Mamaearth,1,750,5,37.5,712.5,4
ITEM001294,ORD03541,PROD0064,Haircare,The Ordinary,1,642,10,64.2,577.8,5
ITEM001295,ORD02544,PROD0053,Haircare,Forest Essentials,1,1102,0,0,1102,5
ITEM001296,ORD03730,PROD0082,Bath & Body,Sugar Cosmetics,2,621,30,372.6,869.4,4
ITEM001297,ORD03730,PROD0035,Makeup,Sugar Cosmetics,1,526,5,26.3,499.7,5
ITEM001298,ORD03730,PROD0043,Makeup,WOW Skin Science,1,1330,0,0,1330,3
ITEM001299,ORD00759,PROD0072,Fragrance,The Ordinary,2,1765,5,176.5,3353.5,4
ITEM001300,ORD00759,PROD0024,Skincare,MAC,2,900,0,0,1800,5
ITEM001301,ORD04775,PROD0035,Makeup,Sugar Cosmetics,1,526,0,0,526,5
ITEM001302,ORD04775,PROD0080,Bath & Body,Lakme,1,152,15,22.8,129.2,5
ITEM001303,ORD04775,PROD0071,Fragrance,Maybelline,2,1416,20,566.4,2265.6,4
ITEM001304,ORD04775,PROD0089,Bath & Body,Biotique,2,384,30,230.4,537.6,5
ITEM001305,ORD01446,PROD0075,Fragrance,Forest Essentials,1,1648,5,82.4,1565.6,4
ITEM001306,ORD00551,PROD0034,Makeup,WOW Skin Science,2,2004,30,1202.4,2805.6,4
ITEM001307,ORD00551,PROD0032,Makeup,Maybelline,2,2207,10,441.4,3972.6,4
ITEM001308,ORD04473,PROD0048,Haircare,Maybelline,1,775,5,38.75,736.25,1
ITEM001309,ORD04473,PROD0060,Haircare,Plum,1,512,15,76.8,435.2,3
ITEM001310,ORD01642,PROD0002,Skincare,Dot & Key,1,483,15,72.45,410.55,1
ITEM001311,ORD01642,PROD0061,Haircare,L'Oreal Paris,1,466,15,69.9,396.1,5
ITEM001312,ORD01642,PROD0085,Bath & Body,Sugar Cosmetics,3,329,5,49.35,937.65,5
ITEM001313,ORD00282,PROD0085,Bath & Body,Sugar Cosmetics,1,329,0,0,329,4
ITEM001314,ORD00282,PROD0032,Makeup,Maybelline,1,2207,15,331.05,1875.95,4
ITEM001315,ORD00282,PROD0029,Makeup,Biotique,1,1007,10,100.7,906.3,4
ITEM001316,ORD00504,PROD0069,Fragrance,Plum,3,1765,0,0,5295,4
ITEM001317,ORD00504,PROD0077,Fragrance,Lakme,1,2406,20,481.2,1924.8,5
ITEM001318,ORD01359,PROD0007,Skincare,Biotique,2,995,30,597,1393,4
ITEM001319,ORD04703,PROD0084,Bath & Body,Mamaearth,3,750,20,450,1800,5
ITEM001320,ORD04703,PROD0059,Haircare,Minimalist,3,503,0,0,1509,5
ITEM001321,ORD00598,PROD0011,Skincare,Lakme,2,1528,15,458.4,2597.6,5
ITEM001322,ORD00598,PROD0094,Men's Grooming,MAC,2,243,20,97.2,388.8,5
ITEM001323,ORD00598,PROD0045,Makeup,WOW Skin Science,1,1690,5,84.5,1605.5,5
ITEM001324,ORD00598,PROD0026,Makeup,Biotique,1,267,0,0,267,5
ITEM001325,ORD01677,PROD0068,Fragrance,Minimalist,1,1193,0,0,1193,4
ITEM001326,ORD02982,PROD0045,Makeup,WOW Skin Science,1,1690,10,169,1521,5
ITEM001327,ORD01235,PROD0005,Skincare,Biotique,2,893,20,357.2,1428.8,4
ITEM001328,ORD01052,PROD0072,Fragrance,The Ordinary,2,1765,20,706,2824,5
ITEM001329,ORD01052,PROD0036,Makeup,Dot & Key,1,988,0,0,988,4
ITEM001330,ORD01052,PROD0024,Skincare,MAC,1,900,15,135,765,5
ITEM001331,ORD03609,PROD0112,Wellness,NIVEA,1,964,15,144.6,819.4,4
ITEM001332,ORD03609,PROD0059,Haircare,Minimalist,3,503,30,452.7,1056.3,5
ITEM001333,ORD03609,PROD0105,Wellness,Minimalist,2,1068,0,0,2136,3
ITEM001334,ORD00429,PROD0060,Haircare,Plum,1,512,10,51.2,460.8,5
ITEM001335,ORD00429,PROD0045,Makeup,WOW Skin Science,1,1690,0,0,1690,5
ITEM001336,ORD04927,PROD0050,Haircare,Nykaa Cosmetics,1,762,0,0,762,4
ITEM001337,ORD04927,PROD0005,Skincare,Biotique,1,893,15,133.95,759.05,5
ITEM001338,ORD03679,PROD0017,Skincare,WOW Skin Science,2,1699,15,509.7,2888.3,
ITEM001339,ORD03679,PROD0071,Fragrance,Maybelline,3,1416,5,212.4,4035.6,
ITEM001340,ORD00103,PROD0097,Men's Grooming,Maybelline,1,369,30,110.7,258.3,4
ITEM001341,ORD02422,PROD0095,Men's Grooming,The Ordinary,1,269,0,0,269,4
ITEM001342,ORD04127,PROD0086,Bath & Body,Sugar Cosmetics,3,317,5,47.55,903.45,3
ITEM001343,ORD03402,PROD0060,Haircare,Plum,1,512,0,0,512,3
ITEM001344,ORD01957,PROD0035,Makeup,Sugar Cosmetics,2,526,20,210.4,841.6,5
ITEM001345,ORD01957,PROD0047,Haircare,Biotique,1,665,20,133,532,4
ITEM001346,ORD01957,PROD0054,Haircare,Dot & Key,1,181,20,36.2,144.8,4
ITEM001347,ORD00096,PROD0017,Skincare,WOW Skin Science,1,1699,20,339.8,1359.2,4
ITEM001348,ORD00096,PROD0061,Haircare,L'Oreal Paris,1,466,10,46.6,419.4,4
ITEM001349,ORD00096,PROD0068,Fragrance,Minimalist,2,1193,5,119.3,2266.7,4
ITEM001350,ORD00096,PROD0010,Skincare,The Ordinary,1,893,0,0,893,5
ITEM001351,ORD03954,PROD0053,Haircare,Forest Essentials,1,1102,0,0,1102,5
ITEM001352,ORD00362,PROD0104,Wellness,Nykaa Cosmetics,2,1259,0,0,2518,4
ITEM001353,ORD02920,PROD0057,Haircare,The Ordinary,1,735,20,147,588,5
ITEM001354,ORD03416,PROD0091,Men's Grooming,WOW Skin Science,1,530,10,53,477,
ITEM001355,ORD02893,PROD0003,Skincare,MAC,2,1606,0,0,3212,4
ITEM001356,ORD00907,PROD0056,Haircare,MAC,1,1009,30,302.7,706.3,5
ITEM001357,ORD02645,PROD0021,Skincare,Biotique,2,869,20,347.6,1390.4,3
ITEM001358,ORD02645,PROD0005,Skincare,Biotique,1,893,20,178.6,714.4,2
ITEM001359,ORD00808,PROD0101,Wellness,Mamaearth,1,930,0,0,930,5
ITEM001360,ORD00808,PROD0008,Skincare,Forest Essentials,1,317,20,63.4,253.6,5
ITEM001361,ORD03737,PROD0008,Skincare,Forest Essentials,1,317,10,31.7,285.3,5
ITEM001362,ORD03217,PROD0058,Haircare,Mamaearth,1,841,30,252.3,588.7,4
ITEM001363,ORD02472,PROD0031,Makeup,WOW Skin Science,1,1892,20,378.4,1513.6,4
ITEM001364,ORD04500,PROD0075,Fragrance,Forest Essentials,1,1648,20,329.6,1318.4,4
ITEM001365,ORD04500,PROD0095,Men's Grooming,The Ordinary,1,269,0,0,269,3
ITEM001366,ORD02517,PROD0077,Fragrance,Lakme,1,2406,15,360.9,2045.1,4
ITEM001367,ORD02517,PROD0087,Bath & Body,Dot & Key,1,222,15,33.3,188.7,1
ITEM001368,ORD02517,PROD0060,Haircare,Plum,1,512,20,102.4,409.6,3
ITEM001369,ORD02822,PROD0106,Wellness,Forest Essentials,1,762,0,0,762,
ITEM001370,ORD02663,PROD0085,Bath & Body,Sugar Cosmetics,1,329,30,98.7,230.3,4
ITEM001371,ORD01563,PROD0061,Haircare,L'Oreal Paris,1,466,15,69.9,396.1,1
ITEM001372,ORD01563,PROD0067,Fragrance,Biotique,1,1488,15,223.2,1264.8,5
ITEM001373,ORD01563,PROD0071,Fragrance,Maybelline,2,1416,0,0,2832,4
ITEM001374,ORD01717,PROD0016,Skincare,The Ordinary,1,1150,0,0,1150,5
ITEM001375,ORD04077,PROD0060,Haircare,Plum,2,512,0,0,1024,3
ITEM001376,ORD04077,PROD0083,Bath & Body,Minimalist,1,446,0,0,446,5
ITEM001377,ORD02968,PROD0056,Haircare,MAC,1,1009,15,151.35,857.65,5
ITEM001378,ORD02968,PROD0017,Skincare,WOW Skin Science,2,1699,10,339.8,3058.2,2
ITEM001379,ORD02968,PROD0035,Makeup,Sugar Cosmetics,1,526,30,157.8,368.2,5
ITEM001380,ORD02107,PROD0061,Haircare,L'Oreal Paris,1,466,30,139.8,326.2,5
ITEM001381,ORD02107,PROD0103,Wellness,Forest Essentials,2,1146,5,114.6,2177.4,2
ITEM001382,ORD04103,PROD0042,Makeup,Sugar Cosmetics,1,647,15,97.05,549.95,4
ITEM001383,ORD04103,PROD0053,Haircare,Forest Essentials,2,1102,15,330.6,1873.4,5
ITEM001384,ORD04103,PROD0083,Bath & Body,Minimalist,1,446,20,89.2,356.8,4
ITEM001385,ORD04103,PROD0085,Bath & Body,Sugar Cosmetics,1,329,0,0,329,5
ITEM001386,ORD00385,PROD0057,Haircare,The Ordinary,1,735,0,0,735,5
ITEM001387,ORD00385,PROD0061,Haircare,L'Oreal Paris,1,466,20,93.2,372.8,4
ITEM001388,ORD00302,PROD0062,Haircare,WOW Skin Science,2,769,15,230.7,1307.3,
ITEM001389,ORD00302,PROD0052,Haircare,Nykaa Cosmetics,1,915,10,91.5,823.5,
ITEM001390,ORD04584,PROD0017,Skincare,WOW Skin Science,2,1699,10,339.8,3058.2,4
ITEM001391,ORD04584,PROD0095,Men's Grooming,The Ordinary,1,269,15,40.35,228.65,1
ITEM001392,ORD01252,PROD0040,Makeup,NIVEA,2,681,10,136.2,1225.8,3
ITEM001393,ORD00939,PROD0068,Fragrance,Minimalist,2,1193,0,0,2386,5
ITEM001394,ORD01989,PROD0092,Men's Grooming,Lakme,1,463,10,46.3,416.7,4
ITEM001395,ORD00508,PROD0058,Haircare,Mamaearth,1,841,30,252.3,588.7,4
ITEM001396,ORD00508,PROD0061,Haircare,L'Oreal Paris,2,466,15,139.8,792.2,4
ITEM001397,ORD00508,PROD0033,Makeup,Mamaearth,3,2384,0,0,7152,2
ITEM001398,ORD02404,PROD0110,Wellness,Nykaa Cosmetics,1,1400,15,210,1190,1
ITEM001399,ORD02404,PROD0083,Bath & Body,Minimalist,1,446,15,66.9,379.1,3
ITEM001400,ORD02195,PROD0030,Makeup,Nykaa Cosmetics,2,946,5,94.6,1797.4,3
ITEM001401,ORD02195,PROD0075,Fragrance,Forest Essentials,1,1648,10,164.8,1483.2,5
ITEM001402,ORD00168,PROD0042,Makeup,Sugar Cosmetics,1,647,30,194.1,452.9,5
ITEM001403,ORD00168,PROD0108,Wellness,The Ordinary,2,945,30,567,1323,5
ITEM001404,ORD03453,PROD0089,Bath & Body,Biotique,2,384,15,115.2,652.8,5
ITEM001405,ORD03099,PROD0072,Fragrance,The Ordinary,2,1765,5,176.5,3353.5,5
ITEM001406,ORD03820,PROD0032,Makeup,Maybelline,1,2207,0,0,2207,4
ITEM001407,ORD00856,PROD0070,Fragrance,NIVEA,1,2241,20,448.2,1792.8,5
ITEM001408,ORD01832,PROD0040,Makeup,NIVEA,2,681,30,408.6,953.4,3
ITEM001409,ORD01832,PROD0106,Wellness,Forest Essentials,1,762,10,76.2,685.8,5
ITEM001410,ORD01832,PROD0007,Skincare,Biotique,1,995,0,0,995,5
ITEM001411,ORD01832,PROD0108,Wellness,The Ordinary,1,945,15,141.75,803.25,5
ITEM001412,ORD04733,PROD0021,Skincare,Biotique,1,869,5,43.45,825.55,4
ITEM001413,ORD04733,PROD0052,Haircare,Nykaa Cosmetics,2,915,0,0,1830,4
ITEM001414,ORD03551,PROD0102,Wellness,MAC,1,1278,10,127.8,1150.2,5
ITEM001415,ORD03551,PROD0047,Haircare,Biotique,2,665,0,0,1330,3
ITEM001416,ORD03551,PROD0011,Skincare,Lakme,1,1528,5,76.4,1451.6,5
ITEM001417,ORD03551,PROD0089,Bath & Body,Biotique,2,384,0,0,768,4
ITEM001418,ORD03237,PROD0050,Haircare,Nykaa Cosmetics,1,762,0,0,762,3
ITEM001419,ORD03832,PROD0087,Bath & Body,Dot & Key,1,222,5,11.1,210.9,3
ITEM001420,ORD02678,PROD0039,Makeup,Nykaa Cosmetics,1,864,10,86.4,777.6,3
ITEM001421,ORD02678,PROD0095,Men's Grooming,The Ordinary,1,269,30,80.7,188.3,2
ITEM001422,ORD00032,PROD0101,Wellness,Mamaearth,1,930,30,279,651,4
ITEM001423,ORD00032,PROD0097,Men's Grooming,Maybelline,1,369,20,73.8,295.2,5
ITEM001424,ORD02016,PROD0062,Haircare,WOW Skin Science,1,769,15,115.35,653.65,
ITEM001425,ORD02016,PROD0011,Skincare,Lakme,1,1528,20,305.6,1222.4,
ITEM001426,ORD02016,PROD0087,Bath & Body,Dot & Key,1,222,15,33.3,188.7,
ITEM001427,ORD04240,PROD0088,Bath & Body,Sugar Cosmetics,1,669,0,0,669,5
ITEM001428,ORD04240,PROD0014,Skincare,Sugar Cosmetics,1,1200,30,360,840,5
ITEM001429,ORD04240,PROD0112,Wellness,NIVEA,3,964,5,144.6,2747.4,3
ITEM001430,ORD04240,PROD0073,Fragrance,Biotique,1,2226,10,222.6,2003.4,4
ITEM001431,ORD00947,PROD0001,Skincare,Minimalist,1,1006,15,150.9,855.1,
ITEM001432,ORD04213,PROD0050,Haircare,Nykaa Cosmetics,2,762,30,457.2,1066.8,4
ITEM001433,ORD04701,PROD0100,Men's Grooming,Minimalist,1,156,0,0,156,2
ITEM001434,ORD00610,PROD0006,Skincare,Nykaa Cosmetics,2,1639,30,983.4,2294.6,
ITEM001435,ORD02248,PROD0062,Haircare,WOW Skin Science,1,769,20,153.8,615.2,4
ITEM001436,ORD02248,PROD0068,Fragrance,Minimalist,1,1193,0,0,1193,4
ITEM001437,ORD04696,PROD0111,Wellness,Maybelline,2,489,15,146.7,831.3,5
ITEM001438,ORD04696,PROD0075,Fragrance,Forest Essentials,1,1648,10,164.8,1483.2,2
ITEM001439,ORD04696,PROD0053,Haircare,Forest Essentials,3,1102,0,0,3306,5
ITEM001440,ORD02173,PROD0010,Skincare,The Ordinary,1,893,0,0,893,3
ITEM001441,ORD03901,PROD0106,Wellness,Forest Essentials,1,762,30,228.6,533.4,5
ITEM001442,ORD03901,PROD0055,Haircare,Minimalist,1,967,20,193.4,773.6,3
ITEM001443,ORD03901,PROD0043,Makeup,WOW Skin Science,1,1330,30,399,931,4
ITEM001444,ORD04845,PROD0029,Makeup,Biotique,2,1007,0,0,2014,5
ITEM001445,ORD04167,PROD0065,Haircare,Forest Essentials,1,334,15,50.1,283.9,4
ITEM001446,ORD04167,PROD0099,Men's Grooming,Forest Essentials,2,554,0,0,1108,4
ITEM001447,ORD04167,PROD0048,Haircare,Maybelline,1,775,15,116.25,658.75,4
ITEM001448,ORD04167,PROD0032,Makeup,Maybelline,1,2207,0,0,2207,3
ITEM001449,ORD02052,PROD0069,Fragrance,Plum,1,1765,15,264.75,1500.25,5
ITEM001450,ORD02052,PROD0002,Skincare,Dot & Key,1,483,0,0,483,2
ITEM001451,ORD02487,PROD0080,Bath & Body,Lakme,1,152,5,7.6,144.4,4
ITEM001452,ORD02487,PROD0109,Wellness,L'Oreal Paris,3,625,0,0,1875,4
ITEM001453,ORD03787,PROD0106,Wellness,Forest Essentials,1,762,0,0,762,4
ITEM001454,ORD03787,PROD0056,Haircare,MAC,1,1009,15,151.35,857.65,5
ITEM001455,ORD03405,PROD0093,Men's Grooming,Nykaa Cosmetics,1,245,0,0,245,
ITEM001456,ORD02709,PROD0071,Fragrance,Maybelline,1,1416,10,141.6,1274.4,
ITEM001457,ORD01000,PROD0039,Makeup,Nykaa Cosmetics,3,864,0,0,2592,5
ITEM001458,ORD01626,PROD0011,Skincare,Lakme,1,1528,30,458.4,1069.6,4
ITEM001459,ORD04840,PROD0012,Skincare,Minimalist,2,428,30,256.8,599.2,3
ITEM001460,ORD02180,PROD0079,Bath & Body,L'Oreal Paris,1,653,5,32.65,620.35,3
ITEM001461,ORD02180,PROD0007,Skincare,Biotique,1,995,5,49.75,945.25,5
ITEM001462,ORD02180,PROD0043,Makeup,WOW Skin Science,2,1330,20,532,2128,4
ITEM001463,ORD02180,PROD0026,Makeup,Biotique,2,267,0,0,534,5
ITEM001464,ORD02695,PROD0040,Makeup,NIVEA,1,681,5,34.05,646.95,3
ITEM001465,ORD02695,PROD0015,Skincare,Biotique,1,1295,10,129.5,1165.5,5
ITEM001466,ORD02695,PROD0083,Bath & Body,Minimalist,2,446,0,0,892,5
ITEM001467,ORD02695,PROD0009,Skincare,NIVEA,1,720,20,144,576,5
ITEM001468,ORD00951,PROD0053,Haircare,Forest Essentials,1,1102,15,165.3,936.7,3
ITEM001469,ORD00951,PROD0040,Makeup,NIVEA,1,681,5,34.05,646.95,4
ITEM001470,ORD00951,PROD0023,Skincare,Biotique,1,1629,5,81.45,1547.55,3
ITEM001471,ORD00951,PROD0028,Makeup,L'Oreal Paris,1,844,30,253.2,590.8,2
ITEM001472,ORD02564,PROD0112,Wellness,NIVEA,1,964,20,192.8,771.2,2
ITEM001473,ORD02564,PROD0111,Wellness,Maybelline,2,489,5,48.9,929.1,3
ITEM001474,ORD01883,PROD0094,Men's Grooming,MAC,3,243,10,72.9,656.1,
ITEM001475,ORD02785,PROD0017,Skincare,WOW Skin Science,1,1699,0,0,1699,5
ITEM001476,ORD03852,PROD0101,Wellness,Mamaearth,3,930,0,0,2790,2
ITEM001477,ORD03852,PROD0019,Skincare,The Ordinary,1,1588,5,79.4,1508.6,5
ITEM001478,ORD03852,PROD0025,Skincare,Forest Essentials,2,639,5,63.9,1214.1,4
ITEM001479,ORD03536,PROD0014,Skincare,Sugar Cosmetics,1,1200,0,0,1200,4
ITEM001480,ORD03536,PROD0011,Skincare,Lakme,1,1528,30,458.4,1069.6,5
ITEM001481,ORD03536,PROD0017,Skincare,WOW Skin Science,1,1699,0,0,1699,4
ITEM001482,ORD03536,PROD0047,Haircare,Biotique,1,665,0,0,665,3
ITEM001483,ORD02997,PROD0071,Fragrance,Maybelline,1,1416,20,283.2,1132.8,
ITEM001484,ORD04329,PROD0050,Haircare,Nykaa Cosmetics,2,762,20,304.8,1219.2,
ITEM001485,ORD04329,PROD0096,Men's Grooming,The Ordinary,1,520,30,156,364,
ITEM001486,ORD04329,PROD0089,Bath & Body,Biotique,1,384,0,0,384,
ITEM001487,ORD04329,PROD0060,Haircare,Plum,1,512,0,0,512,
ITEM001488,ORD02586,PROD0009,Skincare,NIVEA,2,720,0,0,1440,3
ITEM001489,ORD02586,PROD0062,Haircare,WOW Skin Science,1,769,0,0,769,4
ITEM001490,ORD02586,PROD0017,Skincare,WOW Skin Science,2,1699,15,509.7,2888.3,5
ITEM001491,ORD02586,PROD0109,Wellness,L'Oreal Paris,1,625,20,125,500,5
ITEM001492,ORD04399,PROD0096,Men's Grooming,The Ordinary,1,520,5,26,494,5
ITEM001493,ORD04399,PROD0068,Fragrance,Minimalist,1,1193,30,357.9,835.1,4
ITEM001494,ORD03451,PROD0008,Skincare,Forest Essentials,1,317,0,0,317,5
ITEM001495,ORD03451,PROD0071,Fragrance,Maybelline,1,1416,0,0,1416,4
ITEM001496,ORD03530,PROD0023,Skincare,Biotique,1,1629,0,0,1629,4
ITEM001497,ORD03530,PROD0020,Skincare,Maybelline,1,1237,0,0,1237,5
ITEM001498,ORD03530,PROD0050,Haircare,Nykaa Cosmetics,2,762,5,76.2,1447.8,4
ITEM001499,ORD03721,PROD0004,Skincare,Dot & Key,1,1072,5,53.6,1018.4,4
ITEM001500,ORD03721,PROD0083,Bath & Body,Minimalist,3,446,20,267.6,1070.4,2
ITEM001501,ORD03721,PROD0008,Skincare,Forest Essentials,1,317,5,15.85,301.15,5
ITEM001502,ORD04544,PROD0018,Skincare,Dot & Key,1,1081,30,324.3,756.7,
ITEM001503,ORD04544,PROD0012,Skincare,Minimalist,2,428,20,171.2,684.8,
ITEM001504,ORD04544,PROD0027,Makeup,Mamaearth,2,1454,30,872.4,2035.6,
ITEM001505,ORD04544,PROD0026,Makeup,Biotique,2,267,30,160.2,373.8,
ITEM001506,ORD00689,PROD0006,Skincare,Nykaa Cosmetics,3,1639,10,491.7,4425.3,5
ITEM001507,ORD00689,PROD0009,Skincare,NIVEA,1,720,0,0,720,5
ITEM001508,ORD04263,PROD0025,Skincare,Forest Essentials,2,639,0,0,1278,5
ITEM001509,ORD00373,PROD0007,Skincare,Biotique,2,995,10,199,1791,
ITEM001510,ORD02721,PROD0079,Bath & Body,L'Oreal Paris,2,653,0,0,1306,
ITEM001511,ORD02721,PROD0082,Bath & Body,Sugar Cosmetics,1,621,20,124.2,496.8,
ITEM001512,ORD01240,PROD0014,Skincare,Sugar Cosmetics,1,1200,0,0,1200,5
ITEM001513,ORD04968,PROD0028,Makeup,L'Oreal Paris,3,844,10,253.2,2278.8,
ITEM001514,ORD04277,PROD0065,Haircare,Forest Essentials,1,334,0,0,334,5
ITEM001515,ORD02936,PROD0069,Fragrance,Plum,3,1765,20,1059,4236,4
ITEM001516,ORD02936,PROD0021,Skincare,Biotique,2,869,10,173.8,1564.2,5
ITEM001517,ORD04932,PROD0042,Makeup,Sugar Cosmetics,1,647,15,97.05,549.95,3
ITEM001518,ORD02256,PROD0009,Skincare,NIVEA,1,720,5,36,684,5
ITEM001519,ORD00521,PROD0003,Skincare,MAC,3,1606,0,0,4818,4
ITEM001520,ORD00521,PROD0013,Skincare,Nykaa Cosmetics,3,716,5,107.4,2040.6,4
ITEM001521,ORD01463,PROD0069,Fragrance,Plum,1,1765,20,353,1412,3
ITEM001522,ORD01463,PROD0103,Wellness,Forest Essentials,1,1146,20,229.2,916.8,5
ITEM001523,ORD02400,PROD0074,Fragrance,NIVEA,1,752,0,0,752,2
ITEM001524,ORD02400,PROD0109,Wellness,L'Oreal Paris,2,625,20,250,1000,3
ITEM001525,ORD04627,PROD0015,Skincare,Biotique,1,1295,0,0,1295,3
ITEM001526,ORD01370,PROD0096,Men's Grooming,The Ordinary,1,520,5,26,494,
ITEM001527,ORD01370,PROD0002,Skincare,Dot & Key,2,483,30,289.8,676.2,
ITEM001528,ORD00805,PROD0041,Makeup,Mamaearth,1,1516,10,151.6,1364.4,5
ITEM001529,ORD00805,PROD0102,Wellness,MAC,1,1278,15,191.7,1086.3,5
ITEM001530,ORD00805,PROD0071,Fragrance,Maybelline,3,1416,20,849.6,3398.4,4
ITEM001531,ORD03634,PROD0061,Haircare,L'Oreal Paris,1,466,5,23.3,442.7,3
ITEM001532,ORD03634,PROD0062,Haircare,WOW Skin Science,1,769,0,0,769,4
ITEM001533,ORD03634,PROD0005,Skincare,Biotique,3,893,20,535.8,2143.2,4
ITEM001534,ORD01877,PROD0083,Bath & Body,Minimalist,1,446,10,44.6,401.4,4
ITEM001535,ORD01877,PROD0099,Men's Grooming,Forest Essentials,3,554,0,0,1662,4
ITEM001536,ORD02202,PROD0017,Skincare,WOW Skin Science,3,1699,30,1529.1,3567.9,
ITEM001537,ORD02231,PROD0060,Haircare,Plum,3,512,15,230.4,1305.6,5
ITEM001538,ORD02231,PROD0011,Skincare,Lakme,1,1528,0,0,1528,4
ITEM001539,ORD02231,PROD0078,Fragrance,Forest Essentials,2,1970,15,591,3349,5
ITEM001540,ORD01452,PROD0017,Skincare,WOW Skin Science,1,1699,15,254.85,1444.15,4
ITEM001541,ORD00803,PROD0111,Wellness,Maybelline,3,489,30,440.1,1026.9,5
ITEM001542,ORD00803,PROD0023,Skincare,Biotique,1,1629,20,325.8,1303.2,4
ITEM001543,ORD00803,PROD0015,Skincare,Biotique,1,1295,10,129.5,1165.5,5
ITEM001544,ORD00803,PROD0019,Skincare,The Ordinary,3,1588,5,238.2,4525.8,3
ITEM001545,ORD04991,PROD0027,Makeup,Mamaearth,1,1454,30,436.2,1017.8,3
ITEM001546,ORD04991,PROD0022,Skincare,MAC,2,1685,0,0,3370,4
ITEM001547,ORD02805,PROD0064,Haircare,The Ordinary,1,642,15,96.3,545.7,4
ITEM001548,ORD02805,PROD0083,Bath & Body,Minimalist,1,446,0,0,446,4
ITEM001549,ORD00350,PROD0014,Skincare,Sugar Cosmetics,1,1200,30,360,840,5
ITEM001550,ORD01451,PROD0053,Haircare,Forest Essentials,2,1102,15,330.6,1873.4,2
ITEM001551,ORD04338,PROD0027,Makeup,Mamaearth,1,1454,20,290.8,1163.2,
ITEM001552,ORD04091,PROD0051,Haircare,WOW Skin Science,2,847,15,254.1,1439.9,5
ITEM001553,ORD02326,PROD0088,Bath & Body,Sugar Cosmetics,1,669,0,0,669,
ITEM001554,ORD02326,PROD0059,Haircare,Minimalist,1,503,0,0,503,
ITEM001555,ORD04094,PROD0032,Makeup,Maybelline,1,2207,0,0,2207,
ITEM001556,ORD01732,PROD0100,Men's Grooming,Minimalist,1,156,10,15.6,140.4,
ITEM001557,ORD03621,PROD0072,Fragrance,The Ordinary,1,1765,30,529.5,1235.5,
ITEM001558,ORD03621,PROD0036,Makeup,Dot & Key,1,988,15,148.2,839.8,
ITEM001559,ORD01695,PROD0080,Bath & Body,Lakme,1,152,30,45.6,106.4,4
ITEM001560,ORD01695,PROD0085,Bath & Body,Sugar Cosmetics,1,329,20,65.8,263.2,2
ITEM001561,ORD01695,PROD0054,Haircare,Dot & Key,1,181,10,18.1,162.9,5
ITEM001562,ORD01695,PROD0026,Makeup,Biotique,1,267,10,26.7,240.3,4
ITEM001563,ORD00903,PROD0107,Wellness,Sugar Cosmetics,2,1156,10,231.2,2080.8,3
ITEM001564,ORD00891,PROD0074,Fragrance,NIVEA,1,752,10,75.2,676.8,4
ITEM001565,ORD00891,PROD0094,Men's Grooming,MAC,2,243,20,97.2,388.8,1
ITEM001566,ORD01006,PROD0017,Skincare,WOW Skin Science,1,1699,30,509.7,1189.3,4
ITEM001567,ORD04307,PROD0039,Makeup,Nykaa Cosmetics,3,864,15,388.8,2203.2,5
ITEM001568,ORD03200,PROD0019,Skincare,The Ordinary,2,1588,5,158.8,3017.2,
ITEM001569,ORD03200,PROD0095,Men's Grooming,The Ordinary,3,269,0,0,807,
ITEM001570,ORD03200,PROD0076,Fragrance,Dot & Key,1,552,30,165.6,386.4,
ITEM001571,ORD01765,PROD0019,Skincare,The Ordinary,1,1588,15,238.2,1349.8,5
ITEM001572,ORD01765,PROD0001,Skincare,Minimalist,2,1006,5,100.6,1911.4,5
ITEM001573,ORD04617,PROD0080,Bath & Body,Lakme,1,152,30,45.6,106.4,5
ITEM001574,ORD03285,PROD0074,Fragrance,NIVEA,1,752,30,225.6,526.4,1
ITEM001575,ORD00772,PROD0096,Men's Grooming,The Ordinary,1,520,20,104,416,5
ITEM001576,ORD00772,PROD0048,Haircare,Maybelline,1,775,5,38.75,736.25,5
ITEM001577,ORD00772,PROD0076,Fragrance,Dot & Key,1,552,30,165.6,386.4,5
ITEM001578,ORD00772,PROD0022,Skincare,MAC,1,1685,0,0,1685,5
ITEM001579,ORD01825,PROD0041,Makeup,Mamaearth,1,1516,0,0,1516,5
ITEM001580,ORD02910,PROD0012,Skincare,Minimalist,1,428,0,0,428,4
ITEM001581,ORD04385,PROD0029,Makeup,Biotique,3,1007,15,453.15,2567.85,3
ITEM001582,ORD04385,PROD0009,Skincare,NIVEA,1,720,5,36,684,4
ITEM001583,ORD03882,PROD0055,Haircare,Minimalist,3,967,0,0,2901,5
ITEM001584,ORD03882,PROD0056,Haircare,MAC,3,1009,5,151.35,2875.65,5
ITEM001585,ORD04652,PROD0094,Men's Grooming,MAC,1,243,0,0,243,5
ITEM001586,ORD04652,PROD0043,Makeup,WOW Skin Science,2,1330,30,798,1862,3
ITEM001587,ORD02417,PROD0017,Skincare,WOW Skin Science,3,1699,5,254.85,4842.15,5
ITEM001588,ORD03225,PROD0111,Wellness,Maybelline,1,489,0,0,489,5
ITEM001589,ORD03225,PROD0057,Haircare,The Ordinary,1,735,10,73.5,661.5,5
ITEM001590,ORD03225,PROD0055,Haircare,Minimalist,3,967,20,580.2,2320.8,2
ITEM001591,ORD03225,PROD0107,Wellness,Sugar Cosmetics,1,1156,0,0,1156,5
ITEM001592,ORD01525,PROD0037,Makeup,Mamaearth,3,209,0,0,627,3
ITEM001593,ORD01691,PROD0017,Skincare,WOW Skin Science,2,1699,15,509.7,2888.3,2
ITEM001594,ORD03777,PROD0028,Makeup,L'Oreal Paris,1,844,0,0,844,5
ITEM001595,ORD03777,PROD0047,Haircare,Biotique,1,665,5,33.25,631.75,5
ITEM001596,ORD03642,PROD0060,Haircare,Plum,1,512,15,76.8,435.2,5
ITEM001597,ORD03841,PROD0052,Haircare,Nykaa Cosmetics,2,915,20,366,1464,5
ITEM001598,ORD03394,PROD0069,Fragrance,Plum,1,1765,20,353,1412,4
ITEM001599,ORD03394,PROD0054,Haircare,Dot & Key,1,181,0,0,181,5
ITEM001600,ORD00963,PROD0107,Wellness,Sugar Cosmetics,1,1156,0,0,1156,4
ITEM001601,ORD00963,PROD0093,Men's Grooming,Nykaa Cosmetics,2,245,10,49,441,4
ITEM001602,ORD02057,PROD0033,Makeup,Mamaearth,1,2384,5,119.2,2264.8,
ITEM001603,ORD02057,PROD0102,Wellness,MAC,1,1278,30,383.4,894.6,
ITEM001604,ORD03393,PROD0048,Haircare,Maybelline,2,775,20,310,1240,5
ITEM001605,ORD03393,PROD0102,Wellness,MAC,1,1278,15,191.7,1086.3,3
ITEM001606,ORD03393,PROD0014,Skincare,Sugar Cosmetics,1,1200,5,60,1140,5
ITEM001607,ORD01119,PROD0089,Bath & Body,Biotique,2,384,30,230.4,537.6,4
ITEM001608,ORD01119,PROD0054,Haircare,Dot & Key,1,181,10,18.1,162.9,5
ITEM001609,ORD01119,PROD0097,Men's Grooming,Maybelline,1,369,10,36.9,332.1,5
ITEM001610,ORD01742,PROD0051,Haircare,WOW Skin Science,1,847,5,42.35,804.65,
ITEM001611,ORD01022,PROD0043,Makeup,WOW Skin Science,1,1330,10,133,1197,5
ITEM001612,ORD01022,PROD0091,Men's Grooming,WOW Skin Science,3,530,0,0,1590,5
ITEM001613,ORD01022,PROD0003,Skincare,MAC,1,1606,15,240.9,1365.1,2
ITEM001614,ORD01022,PROD0094,Men's Grooming,MAC,2,243,5,24.3,461.7,1
ITEM001615,ORD00129,PROD0072,Fragrance,The Ordinary,2,1765,0,0,3530,4
ITEM001616,ORD00129,PROD0025,Skincare,Forest Essentials,1,639,10,63.9,575.1,3
ITEM001617,ORD01566,PROD0033,Makeup,Mamaearth,1,2384,30,715.2,1668.8,
ITEM001618,ORD01566,PROD0090,Men's Grooming,NIVEA,1,842,20,168.4,673.6,
ITEM001619,ORD01566,PROD0081,Bath & Body,L'Oreal Paris,2,767,20,306.8,1227.2,
ITEM001620,ORD04342,PROD0055,Haircare,Minimalist,1,967,0,0,967,4
ITEM001621,ORD04342,PROD0002,Skincare,Dot & Key,2,483,15,144.9,821.1,3
ITEM001622,ORD01356,PROD0062,Haircare,WOW Skin Science,1,769,10,76.9,692.1,4
ITEM001623,ORD01356,PROD0081,Bath & Body,L'Oreal Paris,2,767,0,0,1534,5
ITEM001624,ORD00108,PROD0060,Haircare,Plum,1,512,15,76.8,435.2,5
ITEM001625,ORD00108,PROD0048,Haircare,Maybelline,2,775,15,232.5,1317.5,4
ITEM001626,ORD00108,PROD0033,Makeup,Mamaearth,1,2384,0,0,2384,5
ITEM001627,ORD00108,PROD0099,Men's Grooming,Forest Essentials,2,554,0,0,1108,1
ITEM001628,ORD03485,PROD0054,Haircare,Dot & Key,1,181,0,0,181,4
ITEM001629,ORD03485,PROD0028,Makeup,L'Oreal Paris,2,844,30,506.4,1181.6,3
ITEM001630,ORD03485,PROD0056,Haircare,MAC,1,1009,20,201.8,807.2,5
ITEM001631,ORD03485,PROD0015,Skincare,Biotique,1,1295,0,0,1295,3
ITEM001632,ORD01847,PROD0070,Fragrance,NIVEA,2,2241,10,448.2,4033.8,4
ITEM001633,ORD01847,PROD0067,Fragrance,Biotique,3,1488,15,669.6,3794.4,3
ITEM001634,ORD01239,PROD0083,Bath & Body,Minimalist,1,446,30,133.8,312.2,5
ITEM001635,ORD03449,PROD0081,Bath & Body,L'Oreal Paris,1,767,10,76.7,690.3,5
ITEM001636,ORD00109,PROD0064,Haircare,The Ordinary,1,642,30,192.6,449.4,5
ITEM001637,ORD00467,PROD0066,Fragrance,Forest Essentials,3,2975,0,0,8925,5
ITEM001638,ORD04660,PROD0048,Haircare,Maybelline,1,775,10,77.5,697.5,2
ITEM001639,ORD03514,PROD0074,Fragrance,NIVEA,1,752,0,0,752,4
ITEM001640,ORD03514,PROD0081,Bath & Body,L'Oreal Paris,1,767,15,115.05,651.95,5
ITEM001641,ORD00788,PROD0074,Fragrance,NIVEA,2,752,10,150.4,1353.6,5
ITEM001642,ORD01618,PROD0091,Men's Grooming,WOW Skin Science,1,530,0,0,530,4
ITEM001643,ORD01112,PROD0030,Makeup,Nykaa Cosmetics,1,946,30,283.8,662.2,
ITEM001644,ORD01112,PROD0010,Skincare,The Ordinary,1,893,15,133.95,759.05,
ITEM001645,ORD01112,PROD0085,Bath & Body,Sugar Cosmetics,1,329,15,49.35,279.65,
ITEM001646,ORD01112,PROD0050,Haircare,Nykaa Cosmetics,1,762,5,38.1,723.9,
ITEM001647,ORD03493,PROD0090,Men's Grooming,NIVEA,1,842,0,0,842,3
ITEM001648,ORD03493,PROD0076,Fragrance,Dot & Key,2,552,5,55.2,1048.8,5
ITEM001649,ORD01578,PROD0044,Makeup,Nykaa Cosmetics,2,701,5,70.1,1331.9,
ITEM001650,ORD01578,PROD0002,Skincare,Dot & Key,1,483,5,24.15,458.85,
ITEM001651,ORD02186,PROD0090,Men's Grooming,NIVEA,3,842,30,757.8,1768.2,
ITEM001652,ORD02186,PROD0110,Wellness,Nykaa Cosmetics,2,1400,20,560,2240,
ITEM001653,ORD00325,PROD0052,Haircare,Nykaa Cosmetics,2,915,5,91.5,1738.5,5
ITEM001654,ORD03322,PROD0056,Haircare,MAC,2,1009,5,100.9,1917.1,2
ITEM001655,ORD03322,PROD0033,Makeup,Mamaearth,1,2384,5,119.2,2264.8,4
ITEM001656,ORD02897,PROD0066,Fragrance,Forest Essentials,1,2975,0,0,2975,3
ITEM001657,ORD00818,PROD0089,Bath & Body,Biotique,1,384,15,57.6,326.4,2
ITEM001658,ORD00818,PROD0014,Skincare,Sugar Cosmetics,1,1200,0,0,1200,4
ITEM001659,ORD00818,PROD0080,Bath & Body,Lakme,1,152,30,45.6,106.4,2
ITEM001660,ORD00818,PROD0056,Haircare,MAC,2,1009,0,0,2018,4
ITEM001661,ORD00983,PROD0021,Skincare,Biotique,1,869,20,173.8,695.2,5
ITEM001662,ORD00983,PROD0103,Wellness,Forest Essentials,1,1146,0,0,1146,4
ITEM001663,ORD00231,PROD0096,Men's Grooming,The Ordinary,2,520,0,0,1040,5
ITEM001664,ORD00231,PROD0044,Makeup,Nykaa Cosmetics,1,701,30,210.3,490.7,4
ITEM001665,ORD00231,PROD0052,Haircare,Nykaa Cosmetics,1,915,20,183,732,2
ITEM001666,ORD00231,PROD0045,Makeup,WOW Skin Science,1,1690,0,0,1690,2
ITEM001667,ORD04234,PROD0106,Wellness,Forest Essentials,1,762,30,228.6,533.4,3
ITEM001668,ORD00227,PROD0028,Makeup,L'Oreal Paris,1,844,30,253.2,590.8,1
ITEM001669,ORD04069,PROD0079,Bath & Body,L'Oreal Paris,2,653,10,130.6,1175.4,3
ITEM001670,ORD00156,PROD0082,Bath & Body,Sugar Cosmetics,1,621,30,186.3,434.7,
ITEM001671,ORD03629,PROD0045,Makeup,WOW Skin Science,2,1690,10,338,3042,3
ITEM001672,ORD04377,PROD0047,Haircare,Biotique,1,665,5,33.25,631.75,3
ITEM001673,ORD04377,PROD0040,Makeup,NIVEA,2,681,20,272.4,1089.6,5
ITEM001674,ORD04377,PROD0008,Skincare,Forest Essentials,1,317,20,63.4,253.6,5
ITEM001675,ORD04377,PROD0032,Makeup,Maybelline,1,2207,0,0,2207,5
ITEM001676,ORD00365,PROD0002,Skincare,Dot & Key,1,483,0,0,483,4
ITEM001677,ORD00967,PROD0082,Bath & Body,Sugar Cosmetics,1,621,30,186.3,434.7,2
ITEM001678,ORD00967,PROD0039,Makeup,Nykaa Cosmetics,1,864,0,0,864,3
ITEM001679,ORD03072,PROD0028,Makeup,L'Oreal Paris,1,844,10,84.4,759.6,4
ITEM001680,ORD03072,PROD0060,Haircare,Plum,1,512,0,0,512,5
ITEM001681,ORD01722,PROD0105,Wellness,Minimalist,1,1068,10,106.8,961.2,5
ITEM001682,ORD01722,PROD0060,Haircare,Plum,2,512,15,153.6,870.4,4
ITEM001683,ORD04360,PROD0083,Bath & Body,Minimalist,1,446,20,89.2,356.8,
ITEM001684,ORD04360,PROD0024,Skincare,MAC,1,900,0,0,900,
ITEM001685,ORD01352,PROD0104,Wellness,Nykaa Cosmetics,1,1259,30,377.7,881.3,4
ITEM001686,ORD01352,PROD0105,Wellness,Minimalist,2,1068,10,213.6,1922.4,5
ITEM001687,ORD01882,PROD0023,Skincare,Biotique,1,1629,0,0,1629,
ITEM001688,ORD00688,PROD0037,Makeup,Mamaearth,1,209,20,41.8,167.2,5
ITEM001689,ORD00843,PROD0039,Makeup,Nykaa Cosmetics,3,864,0,0,2592,5
ITEM001690,ORD00843,PROD0052,Haircare,Nykaa Cosmetics,2,915,0,0,1830,5
ITEM001691,ORD00843,PROD0005,Skincare,Biotique,1,893,15,133.95,759.05,5
ITEM001692,ORD00843,PROD0107,Wellness,Sugar Cosmetics,3,1156,15,520.2,2947.8,4
ITEM001693,ORD01760,PROD0112,Wellness,NIVEA,1,964,20,192.8,771.2,
ITEM001694,ORD01760,PROD0095,Men's Grooming,The Ordinary,1,269,15,40.35,228.65,
ITEM001695,ORD01760,PROD0067,Fragrance,Biotique,3,1488,5,223.2,4240.8,
ITEM001696,ORD01281,PROD0055,Haircare,Minimalist,1,967,0,0,967,
ITEM001697,ORD01281,PROD0018,Skincare,Dot & Key,2,1081,20,432.4,1729.6,
ITEM001698,ORD01281,PROD0021,Skincare,Biotique,1,869,5,43.45,825.55,
ITEM001699,ORD01281,PROD0039,Makeup,Nykaa Cosmetics,1,864,5,43.2,820.8,
ITEM001700,ORD01733,PROD0037,Makeup,Mamaearth,2,209,20,83.6,334.4,3
ITEM001701,ORD01576,PROD0111,Wellness,Maybelline,3,489,15,220.05,1246.95,4
ITEM001702,ORD01576,PROD0034,Makeup,WOW Skin Science,3,2004,0,0,6012,3
ITEM001703,ORD01576,PROD0076,Fragrance,Dot & Key,2,552,10,110.4,993.6,3
ITEM001704,ORD01576,PROD0103,Wellness,Forest Essentials,1,1146,0,0,1146,5
ITEM001705,ORD04529,PROD0106,Wellness,Forest Essentials,1,762,30,228.6,533.4,3
ITEM001706,ORD04529,PROD0021,Skincare,Biotique,1,869,15,130.35,738.65,2
ITEM001707,ORD01998,PROD0042,Makeup,Sugar Cosmetics,1,647,5,32.35,614.65,5
ITEM001708,ORD00700,PROD0080,Bath & Body,Lakme,1,152,0,0,152,
ITEM001709,ORD00700,PROD0085,Bath & Body,Sugar Cosmetics,1,329,30,98.7,230.3,
ITEM001710,ORD00700,PROD0018,Skincare,Dot & Key,2,1081,0,0,2162,
ITEM001711,ORD02397,PROD0007,Skincare,Biotique,1,995,0,0,995,5
ITEM001712,ORD01460,PROD0006,Skincare,Nykaa Cosmetics,1,1639,20,327.8,1311.2,4
ITEM001713,ORD00188,PROD0042,Makeup,Sugar Cosmetics,2,647,15,194.1,1099.9,5
ITEM001714,ORD00188,PROD0112,Wellness,NIVEA,1,964,0,0,964,1
ITEM001715,ORD02337,PROD0058,Haircare,Mamaearth,1,841,10,84.1,756.9,
ITEM001716,ORD02800,PROD0080,Bath & Body,Lakme,1,152,0,0,152,
ITEM001717,ORD00482,PROD0009,Skincare,NIVEA,1,720,15,108,612,4
ITEM001718,ORD01968,PROD0106,Wellness,Forest Essentials,2,762,15,228.6,1295.4,
ITEM001719,ORD01968,PROD0093,Men's Grooming,Nykaa Cosmetics,1,245,0,0,245,
ITEM001720,ORD01968,PROD0025,Skincare,Forest Essentials,1,639,0,0,639,
ITEM001721,ORD01968,PROD0020,Skincare,Maybelline,1,1237,10,123.7,1113.3,
ITEM001722,ORD04989,PROD0068,Fragrance,Minimalist,1,1193,10,119.3,1073.7,5
ITEM001723,ORD04989,PROD0032,Makeup,Maybelline,1,2207,0,0,2207,4
ITEM001724,ORD03329,PROD0085,Bath & Body,Sugar Cosmetics,1,329,15,49.35,279.65,4
ITEM001725,ORD03329,PROD0026,Makeup,Biotique,1,267,20,53.4,213.6,3
ITEM001726,ORD03329,PROD0014,Skincare,Sugar Cosmetics,1,1200,0,0,1200,5
ITEM001727,ORD01591,PROD0034,Makeup,WOW Skin Science,1,2004,30,601.2,1402.8,5
ITEM001728,ORD00483,PROD0071,Fragrance,Maybelline,1,1416,30,424.8,991.2,
ITEM001729,ORD00483,PROD0087,Bath & Body,Dot & Key,1,222,10,22.2,199.8,
ITEM001730,ORD01175,PROD0052,Haircare,Nykaa Cosmetics,2,915,15,274.5,1555.5,5
ITEM001731,ORD01175,PROD0108,Wellness,The Ordinary,1,945,10,94.5,850.5,5
ITEM001732,ORD00824,PROD0100,Men's Grooming,Minimalist,1,156,0,0,156,5
ITEM001733,ORD00824,PROD0031,Makeup,WOW Skin Science,3,1892,20,1135.2,4540.8,5
ITEM001734,ORD00824,PROD0060,Haircare,Plum,1,512,5,25.6,486.4,2
ITEM001735,ORD00824,PROD0018,Skincare,Dot & Key,1,1081,0,0,1081,5
ITEM001736,ORD02647,PROD0055,Haircare,Minimalist,2,967,20,386.8,1547.2,
ITEM001737,ORD02647,PROD0052,Haircare,Nykaa Cosmetics,1,915,20,183,732,
ITEM001738,ORD02717,PROD0042,Makeup,Sugar Cosmetics,3,647,20,388.2,1552.8,3
ITEM001739,ORD02717,PROD0087,Bath & Body,Dot & Key,1,222,0,0,222,5
ITEM001740,ORD02717,PROD0004,Skincare,Dot & Key,1,1072,30,321.6,750.4,3
ITEM001741,ORD00384,PROD0100,Men's Grooming,Minimalist,2,156,30,93.6,218.4,5
ITEM001742,ORD00384,PROD0109,Wellness,L'Oreal Paris,3,625,0,0,1875,5
ITEM001743,ORD00384,PROD0037,Makeup,Mamaearth,1,209,0,0,209,5
ITEM001744,ORD01521,PROD0071,Fragrance,Maybelline,1,1416,15,212.4,1203.6,3
ITEM001745,ORD02777,PROD0082,Bath & Body,Sugar Cosmetics,1,621,30,186.3,434.7,5
ITEM001746,ORD03973,PROD0058,Haircare,Mamaearth,2,841,0,0,1682,2
ITEM001747,ORD02083,PROD0016,Skincare,The Ordinary,1,1150,0,0,1150,2
ITEM001748,ORD02083,PROD0095,Men's Grooming,The Ordinary,2,269,0,0,538,5
ITEM001749,ORD02083,PROD0109,Wellness,L'Oreal Paris,1,625,0,0,625,1
ITEM001750,ORD02083,PROD0107,Wellness,Sugar Cosmetics,2,1156,30,693.6,1618.4,5
ITEM001751,ORD00567,PROD0026,Makeup,Biotique,2,267,10,53.4,480.6,
ITEM001752,ORD03684,PROD0025,Skincare,Forest Essentials,1,639,0,0,639,4
ITEM001753,ORD02915,PROD0080,Bath & Body,Lakme,1,152,5,7.6,144.4,4
ITEM001754,ORD03327,PROD0053,Haircare,Forest Essentials,1,1102,20,220.4,881.6,
ITEM001755,ORD03327,PROD0049,Haircare,Forest Essentials,1,718,10,71.8,646.2,
ITEM001756,ORD02810,PROD0071,Fragrance,Maybelline,2,1416,0,0,2832,
ITEM001757,ORD00223,PROD0054,Haircare,Dot & Key,1,181,0,0,181,3
ITEM001758,ORD04904,PROD0112,Wellness,NIVEA,3,964,0,0,2892,5
ITEM001759,ORD04904,PROD0030,Makeup,Nykaa Cosmetics,1,946,10,94.6,851.4,4
ITEM001760,ORD04904,PROD0020,Skincare,Maybelline,1,1237,0,0,1237,4
ITEM001761,ORD04904,PROD0019,Skincare,The Ordinary,2,1588,15,476.4,2699.6,5
ITEM001762,ORD04138,PROD0059,Haircare,Minimalist,1,503,5,25.15,477.85,2
ITEM001763,ORD02009,PROD0009,Skincare,NIVEA,1,720,0,0,720,3
ITEM001764,ORD02009,PROD0093,Men's Grooming,Nykaa Cosmetics,1,245,10,24.5,220.5,3
ITEM001765,ORD04731,PROD0027,Makeup,Mamaearth,1,1454,0,0,1454,3
ITEM001766,ORD04432,PROD0067,Fragrance,Biotique,1,1488,0,0,1488,5
ITEM001767,ORD04432,PROD0072,Fragrance,The Ordinary,2,1765,10,353,3177,5
ITEM001768,ORD04948,PROD0085,Bath & Body,Sugar Cosmetics,2,329,10,65.8,592.2,4
ITEM001769,ORD04948,PROD0060,Haircare,Plum,1,512,10,51.2,460.8,4
ITEM001770,ORD00343,PROD0102,Wellness,MAC,3,1278,0,0,3834,3
ITEM001771,ORD00343,PROD0032,Makeup,Maybelline,1,2207,0,0,2207,4
ITEM001772,ORD00343,PROD0098,Men's Grooming,The Ordinary,2,241,20,96.4,385.6,5
ITEM001773,ORD00343,PROD0105,Wellness,Minimalist,2,1068,15,320.4,1815.6,4
ITEM001774,ORD02603,PROD0107,Wellness,Sugar Cosmetics,1,1156,0,0,1156,
ITEM001775,ORD02603,PROD0059,Haircare,Minimalist,2,503,0,0,1006,
ITEM001776,ORD03564,PROD0068,Fragrance,Minimalist,1,1193,15,178.95,1014.05,
ITEM001777,ORD01160,PROD0015,Skincare,Biotique,1,1295,0,0,1295,3
ITEM001778,ORD03699,PROD0087,Bath & Body,Dot & Key,1,222,5,11.1,210.9,4
ITEM001779,ORD03699,PROD0069,Fragrance,Plum,1,1765,20,353,1412,4
ITEM001780,ORD03146,PROD0068,Fragrance,Minimalist,2,1193,15,357.9,2028.1,5
ITEM001781,ORD03146,PROD0086,Bath & Body,Sugar Cosmetics,1,317,20,63.4,253.6,4
ITEM001782,ORD00959,PROD0022,Skincare,MAC,1,1685,0,0,1685,5
ITEM001783,ORD00959,PROD0111,Wellness,Maybelline,1,489,15,73.35,415.65,4
ITEM001784,ORD01358,PROD0080,Bath & Body,Lakme,1,152,0,0,152,2
ITEM001785,ORD02272,PROD0066,Fragrance,Forest Essentials,3,2975,0,0,8925,5
ITEM001786,ORD02941,PROD0086,Bath & Body,Sugar Cosmetics,1,317,30,95.1,221.9,
ITEM001787,ORD02941,PROD0094,Men's Grooming,MAC,1,243,20,48.6,194.4,
ITEM001788,ORD03243,PROD0092,Men's Grooming,Lakme,1,463,0,0,463,
ITEM001789,ORD02918,PROD0039,Makeup,Nykaa Cosmetics,3,864,15,388.8,2203.2,4
ITEM001790,ORD02979,PROD0060,Haircare,Plum,1,512,0,0,512,5
ITEM001791,ORD04390,PROD0112,Wellness,NIVEA,2,964,5,96.4,1831.6,4
ITEM001792,ORD04390,PROD0062,Haircare,WOW Skin Science,1,769,0,0,769,5
ITEM001793,ORD04390,PROD0083,Bath & Body,Minimalist,1,446,30,133.8,312.2,1
ITEM001794,ORD01205,PROD0017,Skincare,WOW Skin Science,1,1699,0,0,1699,5
ITEM001795,ORD04881,PROD0045,Makeup,WOW Skin Science,2,1690,15,507,2873,3
ITEM001796,ORD04257,PROD0080,Bath & Body,Lakme,1,152,0,0,152,5
ITEM001797,ORD04257,PROD0094,Men's Grooming,MAC,2,243,15,72.9,413.1,4
ITEM001798,ORD04257,PROD0107,Wellness,Sugar Cosmetics,2,1156,0,0,2312,4
ITEM001799,ORD02668,PROD0009,Skincare,NIVEA,1,720,5,36,684,3
ITEM001800,ORD02668,PROD0019,Skincare,The Ordinary,1,1588,10,158.8,1429.2,5
ITEM001801,ORD04736,PROD0008,Skincare,Forest Essentials,1,317,20,63.4,253.6,5
ITEM001802,ORD03693,PROD0011,Skincare,Lakme,1,1528,0,0,1528,4
ITEM001803,ORD03693,PROD0112,Wellness,NIVEA,1,964,20,192.8,771.2,5
ITEM001804,ORD03693,PROD0045,Makeup,WOW Skin Science,1,1690,10,169,1521,5
ITEM001805,ORD04921,PROD0104,Wellness,Nykaa Cosmetics,1,1259,10,125.9,1133.1,5
ITEM001806,ORD04013,PROD0112,Wellness,NIVEA,1,964,15,144.6,819.4,
ITEM001807,ORD03633,PROD0074,Fragrance,NIVEA,1,752,0,0,752,4
ITEM001808,ORD03633,PROD0036,Makeup,Dot & Key,2,988,15,296.4,1679.6,4
ITEM001809,ORD02533,PROD0089,Bath & Body,Biotique,2,384,0,0,768,5
ITEM001810,ORD02533,PROD0081,Bath & Body,L'Oreal Paris,1,767,0,0,767,4
ITEM001811,ORD02533,PROD0028,Makeup,L'Oreal Paris,2,844,15,253.2,1434.8,1
ITEM001812,ORD02238,PROD0045,Makeup,WOW Skin Science,2,1690,5,169,3211,3
ITEM001813,ORD01778,PROD0095,Men's Grooming,The Ordinary,1,269,30,80.7,188.3,
ITEM001814,ORD03802,PROD0096,Men's Grooming,The Ordinary,1,520,10,52,468,4
ITEM001815,ORD03802,PROD0100,Men's Grooming,Minimalist,1,156,0,0,156,4
ITEM001816,ORD01638,PROD0013,Skincare,Nykaa Cosmetics,1,716,0,0,716,5
ITEM001817,ORD01638,PROD0017,Skincare,WOW Skin Science,1,1699,0,0,1699,5
ITEM001818,ORD04693,PROD0037,Makeup,Mamaearth,1,209,0,0,209,5
ITEM001819,ORD02661,PROD0092,Men's Grooming,Lakme,1,463,15,69.45,393.55,4
ITEM001820,ORD02253,PROD0066,Fragrance,Forest Essentials,1,2975,20,595,2380,3
ITEM001821,ORD02904,PROD0026,Makeup,Biotique,1,267,15,40.05,226.95,2
ITEM001822,ORD02904,PROD0084,Bath & Body,Mamaearth,1,750,0,0,750,1
ITEM001823,ORD00761,PROD0108,Wellness,The Ordinary,1,945,0,0,945,4
ITEM001824,ORD00761,PROD0035,Makeup,Sugar Cosmetics,1,526,10,52.6,473.4,4
ITEM001825,ORD00761,PROD0013,Skincare,Nykaa Cosmetics,3,716,30,644.4,1503.6,4
ITEM001826,ORD02479,PROD0095,Men's Grooming,The Ordinary,2,269,0,0,538,4
ITEM001827,ORD01537,PROD0054,Haircare,Dot & Key,1,181,0,0,181,5
ITEM001828,ORD01537,PROD0033,Makeup,Mamaearth,1,2384,15,357.6,2026.4,3
ITEM001829,ORD01537,PROD0040,Makeup,NIVEA,1,681,10,68.1,612.9,2
ITEM001830,ORD01537,PROD0098,Men's Grooming,The Ordinary,1,241,0,0,241,3
ITEM001831,ORD04197,PROD0013,Skincare,Nykaa Cosmetics,2,716,20,286.4,1145.6,5
ITEM001832,ORD00547,PROD0086,Bath & Body,Sugar Cosmetics,3,317,0,0,951,
ITEM001833,ORD00547,PROD0084,Bath & Body,Mamaearth,1,750,0,0,750,
ITEM001834,ORD00547,PROD0072,Fragrance,The Ordinary,2,1765,0,0,3530,
ITEM001835,ORD02007,PROD0062,Haircare,WOW Skin Science,1,769,0,0,769,5
ITEM001836,ORD02007,PROD0112,Wellness,NIVEA,1,964,20,192.8,771.2,2
ITEM001837,ORD03421,PROD0091,Men's Grooming,WOW Skin Science,1,530,10,53,477,
ITEM001838,ORD03421,PROD0023,Skincare,Biotique,2,1629,30,977.4,2280.6,
ITEM001839,ORD03421,PROD0027,Makeup,Mamaearth,1,1454,20,290.8,1163.2,
ITEM001840,ORD01972,PROD0091,Men's Grooming,WOW Skin Science,1,530,0,0,530,5
ITEM001841,ORD01972,PROD0110,Wellness,Nykaa Cosmetics,1,1400,15,210,1190,5
ITEM001842,ORD01698,PROD0082,Bath & Body,Sugar Cosmetics,1,621,15,93.15,527.85,4
ITEM001843,ORD01341,PROD0058,Haircare,Mamaearth,3,841,20,504.6,2018.4,
ITEM001844,ORD03460,PROD0062,Haircare,WOW Skin Science,1,769,0,0,769,4
ITEM001845,ORD00637,PROD0105,Wellness,Minimalist,1,1068,10,106.8,961.2,4
ITEM001846,ORD00637,PROD0012,Skincare,Minimalist,1,428,20,85.6,342.4,2
ITEM001847,ORD02245,PROD0020,Skincare,Maybelline,1,1237,30,371.1,865.9,3
ITEM001848,ORD02245,PROD0067,Fragrance,Biotique,2,1488,20,595.2,2380.8,5
ITEM001849,ORD02245,PROD0037,Makeup,Mamaearth,1,209,15,31.35,177.65,5
ITEM001850,ORD01473,PROD0016,Skincare,The Ordinary,1,1150,30,345,805,3
ITEM001851,ORD01441,PROD0059,Haircare,Minimalist,1,503,5,25.15,477.85,
ITEM001852,ORD01441,PROD0055,Haircare,Minimalist,2,967,0,0,1934,
ITEM001853,ORD01441,PROD0065,Haircare,Forest Essentials,1,334,20,66.8,267.2,
ITEM001854,ORD02736,PROD0016,Skincare,The Ordinary,1,1150,15,172.5,977.5,5
ITEM001855,ORD02736,PROD0026,Makeup,Biotique,1,267,0,0,267,5
ITEM001856,ORD02736,PROD0080,Bath & Body,Lakme,1,152,0,0,152,5
ITEM001857,ORD01592,PROD0111,Wellness,Maybelline,1,489,0,0,489,
ITEM001858,ORD01592,PROD0059,Haircare,Minimalist,1,503,10,50.3,452.7,
ITEM001859,ORD02829,PROD0039,Makeup,Nykaa Cosmetics,1,864,30,259.2,604.8,
ITEM001860,ORD02829,PROD0015,Skincare,Biotique,1,1295,5,64.75,1230.25,
ITEM001861,ORD02829,PROD0046,Makeup,The Ordinary,2,532,0,0,1064,
ITEM001862,ORD04813,PROD0034,Makeup,WOW Skin Science,1,2004,0,0,2004,5
ITEM001863,ORD04813,PROD0025,Skincare,Forest Essentials,1,639,20,127.8,511.2,5
ITEM001864,ORD04744,PROD0091,Men's Grooming,WOW Skin Science,3,530,20,318,1272,
ITEM001865,ORD04744,PROD0065,Haircare,Forest Essentials,1,334,10,33.4,300.6,
ITEM001866,ORD04196,PROD0085,Bath & Body,Sugar Cosmetics,1,329,15,49.35,279.65,
ITEM001867,ORD00055,PROD0066,Fragrance,Forest Essentials,1,2975,0,0,2975,3
ITEM001868,ORD00055,PROD0070,Fragrance,NIVEA,2,2241,10,448.2,4033.8,2
ITEM001869,ORD02602,PROD0053,Haircare,Forest Essentials,1,1102,10,110.2,991.8,5
ITEM001870,ORD02299,PROD0092,Men's Grooming,Lakme,1,463,5,23.15,439.85,5
ITEM001871,ORD02299,PROD0073,Fragrance,Biotique,2,2226,15,667.8,3784.2,3
ITEM001872,ORD02299,PROD0008,Skincare,Forest Essentials,1,317,5,15.85,301.15,4
ITEM001873,ORD02299,PROD0017,Skincare,WOW Skin Science,1,1699,15,254.85,1444.15,5
ITEM001874,ORD03956,PROD0098,Men's Grooming,The Ordinary,1,241,0,0,241,5
ITEM001875,ORD03251,PROD0047,Haircare,Biotique,1,665,15,99.75,565.25,5
ITEM001876,ORD03251,PROD0107,Wellness,Sugar Cosmetics,2,1156,10,231.2,2080.8,5
ITEM001877,ORD02091,PROD0068,Fragrance,Minimalist,1,1193,0,0,1193,5
ITEM001878,ORD02091,PROD0098,Men's Grooming,The Ordinary,2,241,0,0,482,5
ITEM001879,ORD02091,PROD0002,Skincare,Dot & Key,1,483,0,0,483,5
ITEM001880,ORD02091,PROD0090,Men's Grooming,NIVEA,1,842,30,252.6,589.4,5
ITEM001881,ORD04245,PROD0104,Wellness,Nykaa Cosmetics,2,1259,30,755.4,1762.6,1
ITEM001882,ORD04245,PROD0004,Skincare,Dot & Key,2,1072,15,321.6,1822.4,5
ITEM001883,ORD04671,PROD0010,Skincare,The Ordinary,1,893,15,133.95,759.05,5
ITEM001884,ORD02607,PROD0055,Haircare,Minimalist,1,967,30,290.1,676.9,2
ITEM001885,ORD02607,PROD0071,Fragrance,Maybelline,1,1416,5,70.8,1345.2,5
ITEM001886,ORD02607,PROD0098,Men's Grooming,The Ordinary,1,241,30,72.3,168.7,5
ITEM001887,ORD01176,PROD0018,Skincare,Dot & Key,1,1081,30,324.3,756.7,3
ITEM001888,ORD03940,PROD0073,Fragrance,Biotique,1,2226,0,0,2226,4
ITEM001889,ORD03940,PROD0081,Bath & Body,L'Oreal Paris,1,767,10,76.7,690.3,1
ITEM001890,ORD04801,PROD0022,Skincare,MAC,2,1685,30,1011,2359,
ITEM001891,ORD01015,PROD0080,Bath & Body,Lakme,2,152,30,91.2,212.8,2
ITEM001892,ORD01015,PROD0082,Bath & Body,Sugar Cosmetics,2,621,10,124.2,1117.8,2
ITEM001893,ORD03423,PROD0088,Bath & Body,Sugar Cosmetics,2,669,20,267.6,1070.4,5
ITEM001894,ORD01177,PROD0009,Skincare,NIVEA,1,720,15,108,612,
ITEM001895,ORD01177,PROD0063,Haircare,Mamaearth,1,1105,0,0,1105,
ITEM001896,ORD01177,PROD0050,Haircare,Nykaa Cosmetics,1,762,20,152.4,609.6,
ITEM001897,ORD01177,PROD0039,Makeup,Nykaa Cosmetics,1,864,10,86.4,777.6,
ITEM001898,ORD02587,PROD0062,Haircare,WOW Skin Science,2,769,0,0,1538,5
ITEM001899,ORD00258,PROD0046,Makeup,The Ordinary,1,532,5,26.6,505.4,
ITEM001900,ORD02315,PROD0008,Skincare,Forest Essentials,1,317,15,47.55,269.45,3
ITEM001901,ORD02315,PROD0036,Makeup,Dot & Key,2,988,10,197.6,1778.4,3
ITEM001902,ORD02315,PROD0016,Skincare,The Ordinary,1,1150,30,345,805,5
ITEM001903,ORD01024,PROD0077,Fragrance,Lakme,3,2406,0,0,7218,5
ITEM001904,ORD01299,PROD0050,Haircare,Nykaa Cosmetics,2,762,0,0,1524,5
ITEM001905,ORD01299,PROD0084,Bath & Body,Mamaearth,1,750,5,37.5,712.5,5
ITEM001906,ORD04750,PROD0084,Bath & Body,Mamaearth,1,750,10,75,675,3
ITEM001907,ORD04750,PROD0052,Haircare,Nykaa Cosmetics,1,915,20,183,732,5
ITEM001908,ORD04750,PROD0025,Skincare,Forest Essentials,3,639,0,0,1917,4
ITEM001909,ORD01323,PROD0070,Fragrance,NIVEA,1,2241,0,0,2241,3
ITEM001910,ORD04072,PROD0020,Skincare,Maybelline,1,1237,10,123.7,1113.3,3
ITEM001911,ORD04072,PROD0051,Haircare,WOW Skin Science,1,847,30,254.1,592.9,3
ITEM001912,ORD00078,PROD0062,Haircare,WOW Skin Science,1,769,10,76.9,692.1,
ITEM001913,ORD00078,PROD0100,Men's Grooming,Minimalist,1,156,0,0,156,
ITEM001914,ORD00078,PROD0026,Makeup,Biotique,3,267,10,80.1,720.9,
ITEM001915,ORD00546,PROD0053,Haircare,Forest Essentials,2,1102,20,440.8,1763.2,
ITEM001916,ORD00335,PROD0084,Bath & Body,Mamaearth,2,750,10,150,1350,4
ITEM001917,ORD00335,PROD0059,Haircare,Minimalist,1,503,5,25.15,477.85,5
ITEM001918,ORD03792,PROD0048,Haircare,Maybelline,1,775,0,0,775,
ITEM001919,ORD04878,PROD0097,Men's Grooming,Maybelline,1,369,15,55.35,313.65,
ITEM001920,ORD03169,PROD0070,Fragrance,NIVEA,1,2241,10,224.1,2016.9,5
ITEM001921,ORD01826,PROD0039,Makeup,Nykaa Cosmetics,1,864,20,172.8,691.2,4
ITEM001922,ORD01826,PROD0029,Makeup,Biotique,2,1007,10,201.4,1812.6,5
ITEM001923,ORD03260,PROD0029,Makeup,Biotique,1,1007,5,50.35,956.65,3
ITEM001924,ORD03260,PROD0106,Wellness,Forest Essentials,1,762,20,152.4,609.6,5
ITEM001925,ORD03260,PROD0011,Skincare,Lakme,2,1528,15,458.4,2597.6,5
ITEM001926,ORD02852,PROD0038,Makeup,The Ordinary,1,477,30,143.1,333.9,4
ITEM001927,ORD01744,PROD0035,Makeup,Sugar Cosmetics,1,526,30,157.8,368.2,5
ITEM001928,ORD01744,PROD0089,Bath & Body,Biotique,1,384,30,115.2,268.8,4
ITEM001929,ORD01744,PROD0036,Makeup,Dot & Key,1,988,5,49.4,938.6,4
ITEM001930,ORD02486,PROD0080,Bath & Body,Lakme,1,152,10,15.2,136.8,2
ITEM001931,ORD02486,PROD0103,Wellness,Forest Essentials,1,1146,20,229.2,916.8,5
ITEM001932,ORD01192,PROD0040,Makeup,NIVEA,2,681,0,0,1362,5
ITEM001933,ORD01192,PROD0078,Fragrance,Forest Essentials,1,1970,0,0,1970,5
ITEM001934,ORD01192,PROD0070,Fragrance,NIVEA,1,2241,0,0,2241,5
ITEM001935,ORD04009,PROD0031,Makeup,WOW Skin Science,1,1892,0,0,1892,2
ITEM001936,ORD04009,PROD0079,Bath & Body,L'Oreal Paris,1,653,15,97.95,555.05,4
ITEM001937,ORD04751,PROD0033,Makeup,Mamaearth,1,2384,5,119.2,2264.8,5
ITEM001938,ORD04291,PROD0002,Skincare,Dot & Key,1,483,5,24.15,458.85,4
ITEM001939,ORD04291,PROD0066,Fragrance,Forest Essentials,1,2975,5,148.75,2826.25,5
ITEM001940,ORD02064,PROD0047,Haircare,Biotique,1,665,5,33.25,631.75,5
ITEM001941,ORD02064,PROD0024,Skincare,MAC,1,900,20,180,720,2
ITEM001942,ORD04100,PROD0062,Haircare,WOW Skin Science,1,769,10,76.9,692.1,4
ITEM001943,ORD04100,PROD0054,Haircare,Dot & Key,1,181,20,36.2,144.8,4
ITEM001944,ORD04100,PROD0074,Fragrance,NIVEA,1,752,5,37.6,714.4,5
ITEM001945,ORD04371,PROD0004,Skincare,Dot & Key,1,1072,10,107.2,964.8,
ITEM001946,ORD04371,PROD0019,Skincare,The Ordinary,2,1588,20,635.2,2540.8,
ITEM001947,ORD04952,PROD0065,Haircare,Forest Essentials,1,334,5,16.7,317.3,5
ITEM001948,ORD04952,PROD0015,Skincare,Biotique,1,1295,5,64.75,1230.25,4
ITEM001949,ORD04952,PROD0008,Skincare,Forest Essentials,2,317,0,0,634,2
ITEM001950,ORD04914,PROD0092,Men's Grooming,Lakme,1,463,30,138.9,324.1,5
ITEM001951,ORD03694,PROD0112,Wellness,NIVEA,3,964,5,144.6,2747.4,
ITEM001952,ORD01980,PROD0057,Haircare,The Ordinary,2,735,0,0,1470,4
ITEM001953,ORD03428,PROD0020,Skincare,Maybelline,1,1237,15,185.55,1051.45,
ITEM001954,ORD01136,PROD0043,Makeup,WOW Skin Science,1,1330,0,0,1330,1
ITEM001955,ORD01136,PROD0057,Haircare,The Ordinary,1,735,15,110.25,624.75,4
ITEM001956,ORD01136,PROD0058,Haircare,Mamaearth,1,841,30,252.3,588.7,4
ITEM001957,ORD01443,PROD0002,Skincare,Dot & Key,1,483,0,0,483,1
ITEM001958,ORD01443,PROD0009,Skincare,NIVEA,1,720,30,216,504,4
ITEM001959,ORD02542,PROD0095,Men's Grooming,The Ordinary,1,269,0,0,269,
ITEM001960,ORD03441,PROD0057,Haircare,The Ordinary,1,735,10,73.5,661.5,3
ITEM001961,ORD01773,PROD0006,Skincare,Nykaa Cosmetics,1,1639,30,491.7,1147.3,3
ITEM001962,ORD00970,PROD0077,Fragrance,Lakme,3,2406,20,1443.6,5774.4,3
ITEM001963,ORD00970,PROD0044,Makeup,Nykaa Cosmetics,1,701,0,0,701,5
ITEM001964,ORD01572,PROD0104,Wellness,Nykaa Cosmetics,1,1259,0,0,1259,5
ITEM001965,ORD01572,PROD0105,Wellness,Minimalist,1,1068,10,106.8,961.2,5
ITEM001966,ORD01572,PROD0100,Men's Grooming,Minimalist,2,156,0,0,312,3
ITEM001967,ORD01572,PROD0063,Haircare,Mamaearth,1,1105,15,165.75,939.25,2
ITEM001968,ORD01172,PROD0088,Bath & Body,Sugar Cosmetics,1,669,20,133.8,535.2,
ITEM001969,ORD01172,PROD0069,Fragrance,Plum,1,1765,20,353,1412,
ITEM001970,ORD00973,PROD0040,Makeup,NIVEA,1,681,20,136.2,544.8,5
ITEM001971,ORD04940,PROD0095,Men's Grooming,The Ordinary,2,269,0,0,538,5
ITEM001972,ORD01270,PROD0108,Wellness,The Ordinary,2,945,0,0,1890,5
ITEM001973,ORD01270,PROD0079,Bath & Body,L'Oreal Paris,1,653,10,65.3,587.7,5
ITEM001974,ORD00490,PROD0037,Makeup,Mamaearth,1,209,0,0,209,
ITEM001975,ORD00490,PROD0091,Men's Grooming,WOW Skin Science,3,530,20,318,1272,
ITEM001976,ORD02577,PROD0089,Bath & Body,Biotique,1,384,10,38.4,345.6,4
ITEM001977,ORD02577,PROD0043,Makeup,WOW Skin Science,1,1330,0,0,1330,5
ITEM001978,ORD02577,PROD0068,Fragrance,Minimalist,1,1193,15,178.95,1014.05,4
ITEM001979,ORD03337,PROD0071,Fragrance,Maybelline,1,1416,0,0,1416,4
ITEM001980,ORD00322,PROD0096,Men's Grooming,The Ordinary,1,520,5,26,494,4
ITEM001981,ORD01866,PROD0029,Makeup,Biotique,1,1007,20,201.4,805.6,3
ITEM001982,ORD01866,PROD0041,Makeup,Mamaearth,1,1516,15,227.4,1288.6,5
ITEM001983,ORD03966,PROD0097,Men's Grooming,Maybelline,1,369,0,0,369,5
ITEM001984,ORD00014,PROD0074,Fragrance,NIVEA,1,752,5,37.6,714.4,4
ITEM001985,ORD02285,PROD0033,Makeup,Mamaearth,1,2384,20,476.8,1907.2,5
ITEM001986,ORD02285,PROD0075,Fragrance,Forest Essentials,1,1648,0,0,1648,5
ITEM001987,ORD02285,PROD0021,Skincare,Biotique,3,869,5,130.35,2476.65,2
ITEM001988,ORD01606,PROD0031,Makeup,WOW Skin Science,1,1892,15,283.8,1608.2,
ITEM001989,ORD01606,PROD0108,Wellness,The Ordinary,2,945,0,0,1890,
ITEM001990,ORD04988,PROD0041,Makeup,Mamaearth,1,1516,0,0,1516,5
ITEM001991,ORD04988,PROD0051,Haircare,WOW Skin Science,1,847,20,169.4,677.6,5
ITEM001992,ORD03587,PROD0032,Makeup,Maybelline,1,2207,30,662.1,1544.9,3
ITEM001993,ORD03587,PROD0048,Haircare,Maybelline,1,775,0,0,775,3
ITEM001994,ORD02260,PROD0011,Skincare,Lakme,1,1528,20,305.6,1222.4,5
ITEM001995,ORD02260,PROD0005,Skincare,Biotique,2,893,0,0,1786,5
ITEM001996,ORD03262,PROD0050,Haircare,Nykaa Cosmetics,1,762,10,76.2,685.8,4
ITEM001997,ORD03262,PROD0057,Haircare,The Ordinary,1,735,30,220.5,514.5,3
ITEM001998,ORD00641,PROD0101,Wellness,Mamaearth,1,930,30,279,651,4
ITEM001999,ORD03560,PROD0050,Haircare,Nykaa Cosmetics,1,762,10,76.2,685.8,
ITEM002000,ORD03560,PROD0035,Makeup,Sugar Cosmetics,2,526,10,105.2,946.8,
ITEM002001,ORD04212,PROD0067,Fragrance,Biotique,1,1488,15,223.2,1264.8,
ITEM002002,ORD04081,PROD0093,Men's Grooming,Nykaa Cosmetics,2,245,0,0,490,2
ITEM002003,ORD03340,PROD0073,Fragrance,Biotique,1,2226,5,111.3,2114.7,4
ITEM002004,ORD03912,PROD0074,Fragrance,NIVEA,1,752,15,112.8,639.2,4
ITEM002005,ORD02358,PROD0055,Haircare,Minimalist,2,967,15,290.1,1643.9,4
ITEM002006,ORD00460,PROD0005,Skincare,Biotique,2,893,0,0,1786,1
ITEM002007,ORD00460,PROD0082,Bath & Body,Sugar Cosmetics,2,621,5,62.1,1179.9,3
ITEM002008,ORD01385,PROD0096,Men's Grooming,The Ordinary,1,520,10,52,468,4
ITEM002009,ORD01385,PROD0008,Skincare,Forest Essentials,2,317,20,126.8,507.2,5
ITEM002010,ORD01385,PROD0061,Haircare,L'Oreal Paris,1,466,20,93.2,372.8,5
ITEM002011,ORD02604,PROD0034,Makeup,WOW Skin Science,1,2004,0,0,2004,4
ITEM002012,ORD02604,PROD0088,Bath & Body,Sugar Cosmetics,1,669,30,200.7,468.3,3
ITEM002013,ORD02604,PROD0026,Makeup,Biotique,1,267,30,80.1,186.9,3
ITEM002014,ORD03492,PROD0097,Men's Grooming,Maybelline,2,369,0,0,738,4
ITEM002015,ORD03492,PROD0105,Wellness,Minimalist,1,1068,5,53.4,1014.6,5
ITEM002016,ORD03492,PROD0094,Men's Grooming,MAC,2,243,0,0,486,4
ITEM002017,ORD01653,PROD0066,Fragrance,Forest Essentials,1,2975,5,148.75,2826.25,3
ITEM002018,ORD01653,PROD0084,Bath & Body,Mamaearth,2,750,15,225,1275,5
ITEM002019,ORD01653,PROD0087,Bath & Body,Dot & Key,1,222,10,22.2,199.8,3
ITEM002020,ORD02782,PROD0055,Haircare,Minimalist,1,967,15,145.05,821.95,2
ITEM002021,ORD02782,PROD0033,Makeup,Mamaearth,1,2384,0,0,2384,5
ITEM002022,ORD04834,PROD0025,Skincare,Forest Essentials,1,639,10,63.9,575.1,
ITEM002023,ORD01068,PROD0072,Fragrance,The Ordinary,1,1765,30,529.5,1235.5,
ITEM002024,ORD01068,PROD0002,Skincare,Dot & Key,2,483,20,193.2,772.8,
ITEM002025,ORD01774,PROD0084,Bath & Body,Mamaearth,1,750,20,150,600,5
ITEM002026,ORD01774,PROD0045,Makeup,WOW Skin Science,1,1690,30,507,1183,2
ITEM002027,ORD01774,PROD0110,Wellness,Nykaa Cosmetics,1,1400,10,140,1260,4
ITEM002028,ORD01774,PROD0064,Haircare,The Ordinary,3,642,20,385.2,1540.8,4
ITEM002029,ORD03985,PROD0088,Bath & Body,Sugar Cosmetics,1,669,20,133.8,535.2,3
ITEM002030,ORD02023,PROD0040,Makeup,NIVEA,2,681,5,68.1,1293.9,5
ITEM002031,ORD02023,PROD0065,Haircare,Forest Essentials,1,334,0,0,334,5
ITEM002032,ORD02023,PROD0082,Bath & Body,Sugar Cosmetics,1,621,10,62.1,558.9,5
ITEM002033,ORD03342,PROD0076,Fragrance,Dot & Key,1,552,10,55.2,496.8,5
ITEM002034,ORD00194,PROD0105,Wellness,Minimalist,1,1068,10,106.8,961.2,5
ITEM002035,ORD00194,PROD0017,Skincare,WOW Skin Science,2,1699,15,509.7,2888.3,4
ITEM002036,ORD03459,PROD0035,Makeup,Sugar Cosmetics,2,526,20,210.4,841.6,2
ITEM002037,ORD01481,PROD0077,Fragrance,Lakme,2,2406,10,481.2,4330.8,5
ITEM002038,ORD01481,PROD0064,Haircare,The Ordinary,1,642,10,64.2,577.8,4
ITEM002039,ORD01481,PROD0051,Haircare,WOW Skin Science,1,847,0,0,847,5
ITEM002040,ORD04215,PROD0058,Haircare,Mamaearth,1,841,10,84.1,756.9,4
ITEM002041,ORD04215,PROD0034,Makeup,WOW Skin Science,1,2004,30,601.2,1402.8,5
ITEM002042,ORD02813,PROD0100,Men's Grooming,Minimalist,1,156,20,31.2,124.8,
ITEM002043,ORD02398,PROD0056,Haircare,MAC,1,1009,0,0,1009,5
ITEM002044,ORD02398,PROD0029,Makeup,Biotique,2,1007,30,604.2,1409.8,4
ITEM002045,ORD02398,PROD0026,Makeup,Biotique,1,267,20,53.4,213.6,5
ITEM002046,ORD02398,PROD0068,Fragrance,Minimalist,1,1193,0,0,1193,3
ITEM002047,ORD02572,PROD0075,Fragrance,Forest Essentials,1,1648,15,247.2,1400.8,
ITEM002048,ORD02626,PROD0019,Skincare,The Ordinary,1,1588,20,317.6,1270.4,
ITEM002049,ORD02626,PROD0064,Haircare,The Ordinary,2,642,10,128.4,1155.6,
ITEM002050,ORD02626,PROD0024,Skincare,MAC,1,900,20,180,720,
ITEM002051,ORD02626,PROD0071,Fragrance,Maybelline,2,1416,20,566.4,2265.6,
ITEM002052,ORD02273,PROD0101,Wellness,Mamaearth,1,930,0,0,930,5
ITEM002053,ORD02273,PROD0043,Makeup,WOW Skin Science,1,1330,15,199.5,1130.5,5
ITEM002054,ORD03946,PROD0077,Fragrance,Lakme,1,2406,5,120.3,2285.7,
ITEM002055,ORD04673,PROD0093,Men's Grooming,Nykaa Cosmetics,1,245,0,0,245,
ITEM002056,ORD04673,PROD0032,Makeup,Maybelline,1,2207,0,0,2207,
ITEM002057,ORD04533,PROD0096,Men's Grooming,The Ordinary,1,520,0,0,520,4
ITEM002058,ORD04533,PROD0060,Haircare,Plum,1,512,15,76.8,435.2,5
ITEM002059,ORD03859,PROD0085,Bath & Body,Sugar Cosmetics,1,329,10,32.9,296.1,
ITEM002060,ORD03859,PROD0109,Wellness,L'Oreal Paris,1,625,0,0,625,
ITEM002061,ORD03859,PROD0044,Makeup,Nykaa Cosmetics,2,701,30,420.6,981.4,
ITEM002062,ORD03859,PROD0037,Makeup,Mamaearth,1,209,15,31.35,177.65,
ITEM002063,ORD00749,PROD0075,Fragrance,Forest Essentials,1,1648,0,0,1648,4
ITEM002064,ORD00749,PROD0079,Bath & Body,L'Oreal Paris,1,653,20,130.6,522.4,2
ITEM002065,ORD02444,PROD0094,Men's Grooming,MAC,1,243,0,0,243,
ITEM002066,ORD00054,PROD0019,Skincare,The Ordinary,1,1588,10,158.8,1429.2,
ITEM002067,ORD00054,PROD0091,Men's Grooming,WOW Skin Science,1,530,5,26.5,503.5,
ITEM002068,ORD03057,PROD0007,Skincare,Biotique,1,995,20,199,796,
ITEM002069,ORD03057,PROD0051,Haircare,WOW Skin Science,1,847,10,84.7,762.3,
ITEM002070,ORD00058,PROD0084,Bath & Body,Mamaearth,1,750,15,112.5,637.5,5
ITEM002071,ORD00058,PROD0053,Haircare,Forest Essentials,3,1102,0,0,3306,5
ITEM002072,ORD00198,PROD0009,Skincare,NIVEA,2,720,20,288,1152,3
ITEM002073,ORD02684,PROD0044,Makeup,Nykaa Cosmetics,2,701,0,0,1402,4
ITEM002074,ORD02684,PROD0086,Bath & Body,Sugar Cosmetics,2,317,5,31.7,602.3,2
ITEM002075,ORD02684,PROD0089,Bath & Body,Biotique,2,384,0,0,768,3
ITEM002076,ORD02089,PROD0069,Fragrance,Plum,3,1765,0,0,5295,5
ITEM002077,ORD02089,PROD0038,Makeup,The Ordinary,1,477,5,23.85,453.15,4
ITEM002078,ORD02463,PROD0061,Haircare,L'Oreal Paris,1,466,10,46.6,419.4,
ITEM002079,ORD02463,PROD0082,Bath & Body,Sugar Cosmetics,1,621,0,0,621,
ITEM002080,ORD02463,PROD0063,Haircare,Mamaearth,1,1105,0,0,1105,
ITEM002081,ORD03686,PROD0104,Wellness,Nykaa Cosmetics,1,1259,15,188.85,1070.15,5
ITEM002082,ORD03686,PROD0029,Makeup,Biotique,1,1007,30,302.1,704.9,5
ITEM002083,ORD03686,PROD0003,Skincare,MAC,1,1606,20,321.2,1284.8,4
ITEM002084,ORD04597,PROD0022,Skincare,MAC,1,1685,20,337,1348,4
ITEM002085,ORD04597,PROD0010,Skincare,The Ordinary,1,893,0,0,893,1
ITEM002086,ORD04597,PROD0057,Haircare,The Ordinary,1,735,20,147,588,5
ITEM002087,ORD03258,PROD0053,Haircare,Forest Essentials,1,1102,30,330.6,771.4,4
ITEM002088,ORD01302,PROD0046,Makeup,The Ordinary,1,532,20,106.4,425.6,5
ITEM002089,ORD01302,PROD0024,Skincare,MAC,1,900,15,135,765,4
ITEM002090,ORD03611,PROD0069,Fragrance,Plum,1,1765,0,0,1765,4
ITEM002091,ORD03611,PROD0068,Fragrance,Minimalist,1,1193,5,59.65,1133.35,5
ITEM002092,ORD03611,PROD0004,Skincare,Dot & Key,1,1072,20,214.4,857.6,4
ITEM002093,ORD03611,PROD0051,Haircare,WOW Skin Science,1,847,20,169.4,677.6,4
ITEM002094,ORD02088,PROD0051,Haircare,WOW Skin Science,1,847,30,254.1,592.9,
ITEM002095,ORD02088,PROD0108,Wellness,The Ordinary,1,945,30,283.5,661.5,
ITEM002096,ORD01700,PROD0110,Wellness,Nykaa Cosmetics,2,1400,0,0,2800,
ITEM002097,ORD01183,PROD0111,Wellness,Maybelline,1,489,20,97.8,391.2,
ITEM002098,ORD00937,PROD0046,Makeup,The Ordinary,2,532,0,0,1064,4
ITEM002099,ORD00937,PROD0111,Wellness,Maybelline,1,489,20,97.8,391.2,5
ITEM002100,ORD00937,PROD0082,Bath & Body,Sugar Cosmetics,1,621,10,62.1,558.9,5
ITEM002101,ORD01210,PROD0062,Haircare,WOW Skin Science,1,769,15,115.35,653.65,5
ITEM002102,ORD03977,PROD0005,Skincare,Biotique,2,893,5,89.3,1696.7,4
ITEM002103,ORD03977,PROD0015,Skincare,Biotique,2,1295,10,259,2331,5
ITEM002104,ORD03977,PROD0096,Men's Grooming,The Ordinary,1,520,15,78,442,5
ITEM002105,ORD03977,PROD0071,Fragrance,Maybelline,1,1416,5,70.8,1345.2,5
ITEM002106,ORD00088,PROD0010,Skincare,The Ordinary,1,893,0,0,893,5
ITEM002107,ORD00088,PROD0025,Skincare,Forest Essentials,2,639,20,255.6,1022.4,2
ITEM002108,ORD02674,PROD0018,Skincare,Dot & Key,2,1081,20,432.4,1729.6,3
ITEM002109,ORD02674,PROD0070,Fragrance,NIVEA,2,2241,10,448.2,4033.8,5
ITEM002110,ORD01026,PROD0084,Bath & Body,Mamaearth,1,750,0,0,750,2
ITEM002111,ORD01811,PROD0027,Makeup,Mamaearth,2,1454,5,145.4,2762.6,1
ITEM002112,ORD03934,PROD0055,Haircare,Minimalist,1,967,30,290.1,676.9,3
ITEM002113,ORD00543,PROD0008,Skincare,Forest Essentials,1,317,0,0,317,5
ITEM002114,ORD00543,PROD0015,Skincare,Biotique,1,1295,10,129.5,1165.5,3
ITEM002115,ORD00137,PROD0053,Haircare,Forest Essentials,1,1102,5,55.1,1046.9,4
ITEM002116,ORD04855,PROD0052,Haircare,Nykaa Cosmetics,1,915,0,0,915,
ITEM002117,ORD04855,PROD0110,Wellness,Nykaa Cosmetics,1,1400,0,0,1400,
ITEM002118,ORD04855,PROD0024,Skincare,MAC,1,900,0,0,900,
ITEM002119,ORD04622,PROD0059,Haircare,Minimalist,1,503,15,75.45,427.55,5
ITEM002120,ORD01127,PROD0024,Skincare,MAC,2,900,5,90,1710,
ITEM002121,ORD01127,PROD0015,Skincare,Biotique,2,1295,5,129.5,2460.5,
ITEM002122,ORD01127,PROD0080,Bath & Body,Lakme,2,152,15,45.6,258.4,
ITEM002123,ORD00333,PROD0026,Makeup,Biotique,2,267,30,160.2,373.8,5
ITEM002124,ORD00333,PROD0021,Skincare,Biotique,1,869,0,0,869,5
ITEM002125,ORD00333,PROD0060,Haircare,Plum,1,512,0,0,512,5
ITEM002126,ORD00413,PROD0089,Bath & Body,Biotique,1,384,5,19.2,364.8,4
ITEM002127,ORD04294,PROD0007,Skincare,Biotique,1,995,15,149.25,845.75,5
ITEM002128,ORD04294,PROD0032,Makeup,Maybelline,1,2207,20,441.4,1765.6,4
ITEM002129,ORD02794,PROD0063,Haircare,Mamaearth,1,1105,0,0,1105,4
ITEM002130,ORD02041,PROD0005,Skincare,Biotique,1,893,15,133.95,759.05,5
ITEM002131,ORD00804,PROD0034,Makeup,WOW Skin Science,1,2004,10,200.4,1803.6,5
ITEM002132,ORD00804,PROD0037,Makeup,Mamaearth,1,209,0,0,209,4
ITEM002133,ORD00804,PROD0107,Wellness,Sugar Cosmetics,1,1156,20,231.2,924.8,5
ITEM002134,ORD00804,PROD0008,Skincare,Forest Essentials,1,317,10,31.7,285.3,3
ITEM002135,ORD03927,PROD0012,Skincare,Minimalist,1,428,20,85.6,342.4,5
ITEM002136,ORD03927,PROD0081,Bath & Body,L'Oreal Paris,1,767,30,230.1,536.9,4
ITEM002137,ORD03927,PROD0097,Men's Grooming,Maybelline,1,369,30,110.7,258.3,4
ITEM002138,ORD03927,PROD0046,Makeup,The Ordinary,2,532,0,0,1064,5
ITEM002139,ORD00083,PROD0035,Makeup,Sugar Cosmetics,2,526,15,157.8,894.2,2
ITEM002140,ORD00083,PROD0108,Wellness,The Ordinary,2,945,0,0,1890,2
ITEM002141,ORD04230,PROD0014,Skincare,Sugar Cosmetics,1,1200,0,0,1200,5
ITEM002142,ORD04230,PROD0065,Haircare,Forest Essentials,1,334,10,33.4,300.6,5
ITEM002143,ORD04143,PROD0006,Skincare,Nykaa Cosmetics,1,1639,0,0,1639,
ITEM002144,ORD04143,PROD0008,Skincare,Forest Essentials,2,317,30,190.2,443.8,
ITEM002145,ORD04143,PROD0109,Wellness,L'Oreal Paris,1,625,15,93.75,531.25,
ITEM002146,ORD03676,PROD0037,Makeup,Mamaearth,3,209,10,62.7,564.3,
ITEM002147,ORD04016,PROD0107,Wellness,Sugar Cosmetics,2,1156,15,346.8,1965.2,
ITEM002148,ORD01926,PROD0050,Haircare,Nykaa Cosmetics,1,762,30,228.6,533.4,5
ITEM002149,ORD01926,PROD0106,Wellness,Forest Essentials,1,762,15,114.3,647.7,4
ITEM002150,ORD01926,PROD0094,Men's Grooming,MAC,2,243,10,48.6,437.4,5
ITEM002151,ORD04559,PROD0106,Wellness,Forest Essentials,1,762,10,76.2,685.8,4
ITEM002152,ORD04559,PROD0007,Skincare,Biotique,2,995,0,0,1990,2
ITEM002153,ORD00801,PROD0112,Wellness,NIVEA,1,964,5,48.2,915.8,5
ITEM002154,ORD01099,PROD0053,Haircare,Forest Essentials,1,1102,10,110.2,991.8,5
ITEM002155,ORD02390,PROD0096,Men's Grooming,The Ordinary,2,520,5,52,988,4
ITEM002156,ORD04678,PROD0044,Makeup,Nykaa Cosmetics,1,701,0,0,701,5
ITEM002157,ORD04678,PROD0093,Men's Grooming,Nykaa Cosmetics,2,245,5,24.5,465.5,5
ITEM002158,ORD04678,PROD0003,Skincare,MAC,3,1606,0,0,4818,4
ITEM002159,ORD03110,PROD0112,Wellness,NIVEA,1,964,0,0,964,1
ITEM002160,ORD03110,PROD0018,Skincare,Dot & Key,1,1081,20,216.2,864.8,1
ITEM002161,ORD03110,PROD0066,Fragrance,Forest Essentials,2,2975,0,0,5950,4
ITEM002162,ORD01813,PROD0101,Wellness,Mamaearth,1,930,5,46.5,883.5,5
ITEM002163,ORD01813,PROD0075,Fragrance,Forest Essentials,1,1648,30,494.4,1153.6,5
ITEM002164,ORD02747,PROD0058,Haircare,Mamaearth,1,841,5,42.05,798.95,1
ITEM002165,ORD00532,PROD0033,Makeup,Mamaearth,1,2384,20,476.8,1907.2,2
ITEM002166,ORD00532,PROD0095,Men's Grooming,The Ordinary,2,269,10,53.8,484.2,5
ITEM002167,ORD00532,PROD0107,Wellness,Sugar Cosmetics,3,1156,0,0,3468,4
ITEM002168,ORD00831,PROD0045,Makeup,WOW Skin Science,1,1690,0,0,1690,4
ITEM002169,ORD00831,PROD0077,Fragrance,Lakme,1,2406,30,721.8,1684.2,5
ITEM002170,ORD00266,PROD0067,Fragrance,Biotique,1,1488,5,74.4,1413.6,5
ITEM002171,ORD03819,PROD0060,Haircare,Plum,1,512,30,153.6,358.4,1
ITEM002172,ORD04812,PROD0096,Men's Grooming,The Ordinary,2,520,5,52,988,5
ITEM002173,ORD00812,PROD0069,Fragrance,Plum,1,1765,30,529.5,1235.5,4
ITEM002174,ORD00844,PROD0072,Fragrance,The Ordinary,2,1765,30,1059,2471,
ITEM002175,ORD04178,PROD0060,Haircare,Plum,2,512,20,204.8,819.2,
ITEM002176,ORD04178,PROD0019,Skincare,The Ordinary,1,1588,10,158.8,1429.2,
ITEM002177,ORD04178,PROD0097,Men's Grooming,Maybelline,3,369,20,221.4,885.6,
ITEM002178,ORD04683,PROD0065,Haircare,Forest Essentials,1,334,20,66.8,267.2,
ITEM002179,ORD04683,PROD0010,Skincare,The Ordinary,1,893,5,44.65,848.35,
ITEM002180,ORD04683,PROD0049,Haircare,Forest Essentials,1,718,15,107.7,610.3,
ITEM002181,ORD03627,PROD0038,Makeup,The Ordinary,1,477,0,0,477,4
ITEM002182,ORD03627,PROD0006,Skincare,Nykaa Cosmetics,1,1639,30,491.7,1147.3,1
ITEM002183,ORD03627,PROD0023,Skincare,Biotique,1,1629,5,81.45,1547.55,5
ITEM002184,ORD04538,PROD0018,Skincare,Dot & Key,1,1081,10,108.1,972.9,
ITEM002185,ORD04538,PROD0099,Men's Grooming,Forest Essentials,1,554,0,0,554,
ITEM002186,ORD04538,PROD0063,Haircare,Mamaearth,1,1105,0,0,1105,
ITEM002187,ORD04491,PROD0088,Bath & Body,Sugar Cosmetics,1,669,10,66.9,602.1,5
ITEM002188,ORD04491,PROD0093,Men's Grooming,Nykaa Cosmetics,1,245,0,0,245,5
ITEM002189,ORD04491,PROD0062,Haircare,WOW Skin Science,1,769,15,115.35,653.65,4
ITEM002190,ORD04102,PROD0011,Skincare,Lakme,2,1528,15,458.4,2597.6,5
ITEM002191,ORD04308,PROD0008,Skincare,Forest Essentials,1,317,0,0,317,5
ITEM002192,ORD03049,PROD0053,Haircare,Forest Essentials,2,1102,10,220.4,1983.6,5
ITEM002193,ORD03049,PROD0071,Fragrance,Maybelline,1,1416,30,424.8,991.2,4
ITEM002194,ORD03049,PROD0033,Makeup,Mamaearth,1,2384,0,0,2384,5
ITEM002195,ORD02763,PROD0033,Makeup,Mamaearth,2,2384,10,476.8,4291.2,5
ITEM002196,ORD02763,PROD0035,Makeup,Sugar Cosmetics,1,526,30,157.8,368.2,4
ITEM002197,ORD02763,PROD0045,Makeup,WOW Skin Science,1,1690,10,169,1521,5
ITEM002198,ORD03376,PROD0098,Men's Grooming,The Ordinary,3,241,30,216.9,506.1,5
ITEM002199,ORD00147,PROD0020,Skincare,Maybelline,1,1237,15,185.55,1051.45,4
ITEM002200,ORD00941,PROD0075,Fragrance,Forest Essentials,1,1648,0,0,1648,4
ITEM002201,ORD00941,PROD0040,Makeup,NIVEA,1,681,30,204.3,476.7,4
ITEM002202,ORD00901,PROD0053,Haircare,Forest Essentials,1,1102,20,220.4,881.6,4
ITEM002203,ORD00901,PROD0086,Bath & Body,Sugar Cosmetics,3,317,20,190.2,760.8,5
ITEM002204,ORD03107,PROD0068,Fragrance,Minimalist,2,1193,15,357.9,2028.1,5
ITEM002205,ORD02026,PROD0043,Makeup,WOW Skin Science,1,1330,10,133,1197,4
ITEM002206,ORD02443,PROD0004,Skincare,Dot & Key,2,1072,20,428.8,1715.2,4
ITEM002207,ORD02443,PROD0058,Haircare,Mamaearth,3,841,15,378.45,2144.55,3
ITEM002208,ORD02443,PROD0094,Men's Grooming,MAC,2,243,0,0,486,5
ITEM002209,ORD01673,PROD0096,Men's Grooming,The Ordinary,1,520,10,52,468,5
ITEM002210,ORD01673,PROD0010,Skincare,The Ordinary,1,893,10,89.3,803.7,5
ITEM002211,ORD01673,PROD0027,Makeup,Mamaearth,1,1454,5,72.7,1381.3,5
ITEM002212,ORD01673,PROD0057,Haircare,The Ordinary,1,735,0,0,735,4
ITEM002213,ORD01550,PROD0073,Fragrance,Biotique,1,2226,0,0,2226,4
ITEM002214,ORD01550,PROD0066,Fragrance,Forest Essentials,2,2975,10,595,5355,4
ITEM002215,ORD01550,PROD0021,Skincare,Biotique,2,869,15,260.7,1477.3,5
ITEM002216,ORD01349,PROD0090,Men's Grooming,NIVEA,3,842,0,0,2526,5
ITEM002217,ORD01349,PROD0068,Fragrance,Minimalist,1,1193,10,119.3,1073.7,5
ITEM002218,ORD01369,PROD0101,Wellness,Mamaearth,1,930,20,186,744,5
ITEM002219,ORD01369,PROD0001,Skincare,Minimalist,1,1006,20,201.2,804.8,3
ITEM002220,ORD02119,PROD0035,Makeup,Sugar Cosmetics,1,526,20,105.2,420.8,5
ITEM002221,ORD02119,PROD0092,Men's Grooming,Lakme,2,463,0,0,926,5
ITEM002222,ORD02119,PROD0032,Makeup,Maybelline,2,2207,0,0,4414,2
ITEM002223,ORD03314,PROD0060,Haircare,Plum,2,512,0,0,1024,
ITEM002224,ORD03314,PROD0082,Bath & Body,Sugar Cosmetics,1,621,30,186.3,434.7,
ITEM002225,ORD03314,PROD0045,Makeup,WOW Skin Science,1,1690,0,0,1690,
ITEM002226,ORD03836,PROD0091,Men's Grooming,WOW Skin Science,1,530,0,0,530,4
ITEM002227,ORD01569,PROD0071,Fragrance,Maybelline,1,1416,30,424.8,991.2,5
ITEM002228,ORD01569,PROD0078,Fragrance,Forest Essentials,1,1970,5,98.5,1871.5,5
ITEM002229,ORD02506,PROD0037,Makeup,Mamaearth,3,209,0,0,627,5
ITEM002230,ORD02506,PROD0092,Men's Grooming,Lakme,1,463,0,0,463,5
ITEM002231,ORD02506,PROD0039,Makeup,Nykaa Cosmetics,2,864,15,259.2,1468.8,2
ITEM002232,ORD04133,PROD0109,Wellness,L'Oreal Paris,2,625,5,62.5,1187.5,
ITEM002233,ORD00372,PROD0044,Makeup,Nykaa Cosmetics,1,701,15,105.15,595.85,3
ITEM002234,ORD00372,PROD0088,Bath & Body,Sugar Cosmetics,1,669,0,0,669,5
ITEM002235,ORD03889,PROD0094,Men's Grooming,MAC,1,243,20,48.6,194.4,4
ITEM002236,ORD03889,PROD0012,Skincare,Minimalist,1,428,5,21.4,406.6,5
ITEM002237,ORD01114,PROD0097,Men's Grooming,Maybelline,1,369,20,73.8,295.2,5
ITEM002238,ORD01781,PROD0004,Skincare,Dot & Key,1,1072,10,107.2,964.8,2
ITEM002239,ORD01781,PROD0084,Bath & Body,Mamaearth,1,750,30,225,525,5
ITEM002240,ORD04023,PROD0036,Makeup,Dot & Key,1,988,20,197.6,790.4,4
ITEM002241,ORD01798,PROD0078,Fragrance,Forest Essentials,2,1970,15,591,3349,
ITEM002242,ORD01116,PROD0056,Haircare,MAC,1,1009,30,302.7,706.3,4
ITEM002243,ORD01209,PROD0027,Makeup,Mamaearth,1,1454,0,0,1454,
ITEM002244,ORD00009,PROD0044,Makeup,Nykaa Cosmetics,1,701,30,210.3,490.7,
ITEM002245,ORD02583,PROD0107,Wellness,Sugar Cosmetics,1,1156,0,0,1156,4
ITEM002246,ORD03578,PROD0034,Makeup,WOW Skin Science,1,2004,0,0,2004,3
ITEM002247,ORD03578,PROD0060,Haircare,Plum,1,512,15,76.8,435.2,3
ITEM002248,ORD04680,PROD0056,Haircare,MAC,1,1009,15,151.35,857.65,
ITEM002249,ORD04680,PROD0054,Haircare,Dot & Key,1,181,20,36.2,144.8,
ITEM002250,ORD04680,PROD0019,Skincare,The Ordinary,2,1588,15,476.4,2699.6,
ITEM002251,ORD03590,PROD0012,Skincare,Minimalist,1,428,10,42.8,385.2,5
ITEM002252,ORD03539,PROD0048,Haircare,Maybelline,1,775,0,0,775,4
ITEM002253,ORD03539,PROD0030,Makeup,Nykaa Cosmetics,1,946,20,189.2,756.8,2
ITEM002254,ORD04326,PROD0060,Haircare,Plum,1,512,10,51.2,460.8,5
ITEM002255,ORD04326,PROD0090,Men's Grooming,NIVEA,1,842,15,126.3,715.7,5
ITEM002256,ORD02991,PROD0104,Wellness,Nykaa Cosmetics,1,1259,10,125.9,1133.1,5
ITEM002257,ORD01792,PROD0036,Makeup,Dot & Key,3,988,10,296.4,2667.6,4
ITEM002258,ORD01792,PROD0100,Men's Grooming,Minimalist,3,156,0,0,468,4
ITEM002259,ORD01792,PROD0007,Skincare,Biotique,1,995,15,149.25,845.75,5
ITEM002260,ORD01792,PROD0072,Fragrance,The Ordinary,2,1765,10,353,3177,5
ITEM002261,ORD04592,PROD0029,Makeup,Biotique,1,1007,15,151.05,855.95,4
ITEM002262,ORD04592,PROD0022,Skincare,MAC,1,1685,5,84.25,1600.75,5
ITEM002263,ORD02365,PROD0094,Men's Grooming,MAC,1,243,10,24.3,218.7,3
ITEM002264,ORD00636,PROD0077,Fragrance,Lakme,1,2406,10,240.6,2165.4,4
ITEM002265,ORD00748,PROD0081,Bath & Body,L'Oreal Paris,1,767,0,0,767,5
ITEM002266,ORD00748,PROD0012,Skincare,Minimalist,1,428,0,0,428,4
ITEM002267,ORD00748,PROD0054,Haircare,Dot & Key,1,181,20,36.2,144.8,5
ITEM002268,ORD03377,PROD0105,Wellness,Minimalist,1,1068,0,0,1068,2
ITEM002269,ORD03377,PROD0104,Wellness,Nykaa Cosmetics,3,1259,10,377.7,3399.3,3
ITEM002270,ORD00849,PROD0048,Haircare,Maybelline,1,775,5,38.75,736.25,5
ITEM002271,ORD00849,PROD0070,Fragrance,NIVEA,2,2241,20,896.4,3585.6,5
ITEM002272,ORD00849,PROD0013,Skincare,Nykaa Cosmetics,2,716,20,286.4,1145.6,5
ITEM002273,ORD03238,PROD0071,Fragrance,Maybelline,1,1416,15,212.4,1203.6,5
ITEM002274,ORD04428,PROD0058,Haircare,Mamaearth,2,841,10,168.2,1513.8,
ITEM002275,ORD04428,PROD0079,Bath & Body,L'Oreal Paris,1,653,5,32.65,620.35,
ITEM002276,ORD04428,PROD0041,Makeup,Mamaearth,2,1516,20,606.4,2425.6,
ITEM002277,ORD00669,PROD0062,Haircare,WOW Skin Science,1,769,30,230.7,538.3,3
ITEM002278,ORD04614,PROD0101,Wellness,Mamaearth,1,930,5,46.5,883.5,4
ITEM002279,ORD01503,PROD0112,Wellness,NIVEA,1,964,5,48.2,915.8,4
ITEM002280,ORD02666,PROD0044,Makeup,Nykaa Cosmetics,1,701,15,105.15,595.85,3
ITEM002281,ORD02666,PROD0055,Haircare,Minimalist,1,967,0,0,967,5
ITEM002282,ORD02666,PROD0046,Makeup,The Ordinary,1,532,30,159.6,372.4,4
ITEM002283,ORD00540,PROD0098,Men's Grooming,The Ordinary,2,241,15,72.3,409.7,5
ITEM002284,ORD01301,PROD0080,Bath & Body,Lakme,1,152,20,30.4,121.6,4
ITEM002285,ORD01301,PROD0066,Fragrance,Forest Essentials,1,2975,10,297.5,2677.5,1
ITEM002286,ORD01301,PROD0072,Fragrance,The Ordinary,2,1765,0,0,3530,2
ITEM002287,ORD02507,PROD0041,Makeup,Mamaearth,1,1516,20,303.2,1212.8,5
ITEM002288,ORD02507,PROD0103,Wellness,Forest Essentials,2,1146,0,0,2292,5
ITEM002289,ORD02507,PROD0034,Makeup,WOW Skin Science,1,2004,30,601.2,1402.8,4
ITEM002290,ORD04882,PROD0057,Haircare,The Ordinary,1,735,30,220.5,514.5,
ITEM002291,ORD04882,PROD0027,Makeup,Mamaearth,1,1454,0,0,1454,
ITEM002292,ORD03190,PROD0003,Skincare,MAC,1,1606,10,160.6,1445.4,5
ITEM002293,ORD03190,PROD0096,Men's Grooming,The Ordinary,1,520,15,78,442,4
ITEM002294,ORD03190,PROD0097,Men's Grooming,Maybelline,1,369,0,0,369,4
ITEM002295,ORD03190,PROD0005,Skincare,Biotique,1,893,0,0,893,4
ITEM002296,ORD03751,PROD0045,Makeup,WOW Skin Science,1,1690,10,169,1521,3
ITEM002297,ORD03349,PROD0014,Skincare,Sugar Cosmetics,1,1200,30,360,840,2
ITEM002298,ORD03349,PROD0103,Wellness,Forest Essentials,1,1146,15,171.9,974.1,5
ITEM002299,ORD03349,PROD0044,Makeup,Nykaa Cosmetics,1,701,0,0,701,1
ITEM002300,ORD04606,PROD0057,Haircare,The Ordinary,1,735,20,147,588,5
ITEM002301,ORD04606,PROD0055,Haircare,Minimalist,1,967,10,96.7,870.3,4
ITEM002302,ORD01633,PROD0045,Makeup,WOW Skin Science,1,1690,5,84.5,1605.5,3
ITEM002303,ORD04982,PROD0049,Haircare,Forest Essentials,1,718,15,107.7,610.3,4
ITEM002304,ORD03191,PROD0008,Skincare,Forest Essentials,1,317,30,95.1,221.9,1
ITEM002305,ORD03191,PROD0105,Wellness,Minimalist,1,1068,0,0,1068,4
ITEM002306,ORD03619,PROD0047,Haircare,Biotique,3,665,0,0,1995,5
ITEM002307,ORD03619,PROD0011,Skincare,Lakme,1,1528,5,76.4,1451.6,4
ITEM002308,ORD02551,PROD0034,Makeup,WOW Skin Science,1,2004,0,0,2004,5
ITEM002309,ORD02551,PROD0024,Skincare,MAC,2,900,0,0,1800,5
ITEM002310,ORD04785,PROD0033,Makeup,Mamaearth,1,2384,30,715.2,1668.8,4
ITEM002311,ORD03085,PROD0080,Bath & Body,Lakme,3,152,10,45.6,410.4,4
ITEM002312,ORD02665,PROD0073,Fragrance,Biotique,3,2226,5,333.9,6344.1,4
ITEM002313,ORD01839,PROD0077,Fragrance,Lakme,3,2406,10,721.8,6496.2,5
ITEM002314,ORD01839,PROD0066,Fragrance,Forest Essentials,1,2975,15,446.25,2528.75,5
ITEM002315,ORD01839,PROD0025,Skincare,Forest Essentials,1,639,15,95.85,543.15,2
ITEM002316,ORD01839,PROD0095,Men's Grooming,The Ordinary,2,269,30,161.4,376.6,3
ITEM002317,ORD02311,PROD0041,Makeup,Mamaearth,2,1516,0,0,3032,
ITEM002318,ORD02311,PROD0008,Skincare,Forest Essentials,1,317,10,31.7,285.3,
ITEM002319,ORD00662,PROD0047,Haircare,Biotique,1,665,0,0,665,
ITEM002320,ORD00662,PROD0002,Skincare,Dot & Key,1,483,30,144.9,338.1,
ITEM002321,ORD00662,PROD0079,Bath & Body,L'Oreal Paris,1,653,0,0,653,
ITEM002322,ORD00662,PROD0108,Wellness,The Ordinary,1,945,30,283.5,661.5,
ITEM002323,ORD01484,PROD0015,Skincare,Biotique,1,1295,5,64.75,1230.25,3
ITEM002324,ORD01484,PROD0029,Makeup,Biotique,2,1007,0,0,2014,5
ITEM002325,ORD01484,PROD0051,Haircare,WOW Skin Science,1,847,15,127.05,719.95,5
ITEM002326,ORD02106,PROD0032,Makeup,Maybelline,2,2207,15,662.1,3751.9,5
ITEM002327,ORD03006,PROD0029,Makeup,Biotique,3,1007,5,151.05,2869.95,
ITEM002328,ORD03006,PROD0061,Haircare,L'Oreal Paris,1,466,10,46.6,419.4,
ITEM002329,ORD00821,PROD0112,Wellness,NIVEA,2,964,30,578.4,1349.6,5
ITEM002330,ORD00823,PROD0107,Wellness,Sugar Cosmetics,1,1156,0,0,1156,5
ITEM002331,ORD00823,PROD0027,Makeup,Mamaearth,2,1454,0,0,2908,3
ITEM002332,ORD00823,PROD0110,Wellness,Nykaa Cosmetics,3,1400,0,0,4200,5
ITEM002333,ORD03345,PROD0017,Skincare,WOW Skin Science,1,1699,30,509.7,1189.3,
ITEM002334,ORD03345,PROD0018,Skincare,Dot & Key,2,1081,20,432.4,1729.6,
ITEM002335,ORD03345,PROD0091,Men's Grooming,WOW Skin Science,1,530,15,79.5,450.5,
ITEM002336,ORD03562,PROD0082,Bath & Body,Sugar Cosmetics,1,621,20,124.2,496.8,4
ITEM002337,ORD03036,PROD0050,Haircare,Nykaa Cosmetics,1,762,10,76.2,685.8,5
ITEM002338,ORD03036,PROD0021,Skincare,Biotique,1,869,0,0,869,4
ITEM002339,ORD03328,PROD0035,Makeup,Sugar Cosmetics,1,526,0,0,526,4
ITEM002340,ORD00870,PROD0106,Wellness,Forest Essentials,1,762,10,76.2,685.8,4
ITEM002341,ORD00811,PROD0094,Men's Grooming,MAC,1,243,15,36.45,206.55,4
ITEM002342,ORD04035,PROD0007,Skincare,Biotique,1,995,5,49.75,945.25,5
ITEM002343,ORD02874,PROD0109,Wellness,L'Oreal Paris,3,625,0,0,1875,
ITEM002344,ORD02874,PROD0086,Bath & Body,Sugar Cosmetics,1,317,15,47.55,269.45,
ITEM002345,ORD04820,PROD0106,Wellness,Forest Essentials,1,762,5,38.1,723.9,5
ITEM002346,ORD04867,PROD0084,Bath & Body,Mamaearth,1,750,5,37.5,712.5,4
ITEM002347,ORD04867,PROD0067,Fragrance,Biotique,1,1488,20,297.6,1190.4,3
ITEM002348,ORD03596,PROD0070,Fragrance,NIVEA,1,2241,10,224.1,2016.9,
ITEM002349,ORD02163,PROD0056,Haircare,MAC,2,1009,20,403.6,1614.4,5
ITEM002350,ORD02163,PROD0079,Bath & Body,L'Oreal Paris,1,653,0,0,653,4
ITEM002351,ORD02163,PROD0061,Haircare,L'Oreal Paris,1,466,20,93.2,372.8,5
ITEM002352,ORD02163,PROD0099,Men's Grooming,Forest Essentials,1,554,0,0,554,4
ITEM002353,ORD04305,PROD0012,Skincare,Minimalist,1,428,15,64.2,363.8,3
ITEM002354,ORD04305,PROD0009,Skincare,NIVEA,1,720,0,0,720,4
ITEM002355,ORD02728,PROD0022,Skincare,MAC,1,1685,5,84.25,1600.75,4
ITEM002356,ORD01362,PROD0101,Wellness,Mamaearth,1,930,0,0,930,
ITEM002357,ORD01362,PROD0022,Skincare,MAC,1,1685,20,337,1348,
ITEM002358,ORD03645,PROD0098,Men's Grooming,The Ordinary,1,241,30,72.3,168.7,5
ITEM002359,ORD03664,PROD0082,Bath & Body,Sugar Cosmetics,1,621,15,93.15,527.85,5
ITEM002360,ORD02539,PROD0040,Makeup,NIVEA,2,681,30,408.6,953.4,
ITEM002361,ORD02539,PROD0082,Bath & Body,Sugar Cosmetics,1,621,10,62.1,558.9,
ITEM002362,ORD03548,PROD0037,Makeup,Mamaearth,1,209,5,10.45,198.55,4
ITEM002363,ORD03548,PROD0030,Makeup,Nykaa Cosmetics,1,946,10,94.6,851.4,2
ITEM002364,ORD03145,PROD0105,Wellness,Minimalist,2,1068,10,213.6,1922.4,5
ITEM002365,ORD03145,PROD0106,Wellness,Forest Essentials,2,762,20,304.8,1219.2,4
ITEM002366,ORD03145,PROD0005,Skincare,Biotique,1,893,15,133.95,759.05,4
ITEM002367,ORD02430,PROD0013,Skincare,Nykaa Cosmetics,1,716,15,107.4,608.6,
ITEM002368,ORD02430,PROD0036,Makeup,Dot & Key,2,988,15,296.4,1679.6,
ITEM002369,ORD01251,PROD0086,Bath & Body,Sugar Cosmetics,1,317,0,0,317,3
ITEM002370,ORD00566,PROD0111,Wellness,Maybelline,2,489,0,0,978,4
ITEM002371,ORD00566,PROD0051,Haircare,WOW Skin Science,1,847,30,254.1,592.9,4
ITEM002372,ORD00566,PROD0056,Haircare,MAC,2,1009,0,0,2018,5
ITEM002373,ORD00566,PROD0107,Wellness,Sugar Cosmetics,2,1156,15,346.8,1965.2,3
ITEM002374,ORD00486,PROD0022,Skincare,MAC,2,1685,20,674,2696,5
ITEM002375,ORD00486,PROD0068,Fragrance,Minimalist,1,1193,0,0,1193,5
ITEM002376,ORD00486,PROD0025,Skincare,Forest Essentials,1,639,5,31.95,607.05,4
ITEM002377,ORD04507,PROD0021,Skincare,Biotique,1,869,15,130.35,738.65,5
ITEM002378,ORD04507,PROD0102,Wellness,MAC,1,1278,5,63.9,1214.1,2
ITEM002379,ORD04507,PROD0053,Haircare,Forest Essentials,1,1102,10,110.2,991.8,5
ITEM002380,ORD04507,PROD0083,Bath & Body,Minimalist,1,446,10,44.6,401.4,5
ITEM002381,ORD03229,PROD0049,Haircare,Forest Essentials,1,718,0,0,718,5
ITEM002382,ORD03229,PROD0077,Fragrance,Lakme,1,2406,5,120.3,2285.7,3
ITEM002383,ORD01188,PROD0102,Wellness,MAC,2,1278,10,255.6,2300.4,5
ITEM002384,ORD01188,PROD0050,Haircare,Nykaa Cosmetics,1,762,20,152.4,609.6,2
ITEM002385,ORD01188,PROD0064,Haircare,The Ordinary,1,642,0,0,642,5
ITEM002386,ORD01498,PROD0071,Fragrance,Maybelline,1,1416,0,0,1416,5
ITEM002387,ORD01498,PROD0106,Wellness,Forest Essentials,1,762,15,114.3,647.7,2
ITEM002388,ORD04065,PROD0013,Skincare,Nykaa Cosmetics,1,716,5,35.8,680.2,5
ITEM002389,ORD04965,PROD0017,Skincare,WOW Skin Science,1,1699,10,169.9,1529.1,5
ITEM002390,ORD02990,PROD0040,Makeup,NIVEA,2,681,5,68.1,1293.9,5
ITEM002391,ORD02990,PROD0027,Makeup,Mamaearth,1,1454,15,218.1,1235.9,4
ITEM002392,ORD04163,PROD0008,Skincare,Forest Essentials,1,317,0,0,317,
ITEM002393,ORD04163,PROD0111,Wellness,Maybelline,1,489,15,73.35,415.65,
ITEM002394,ORD04163,PROD0085,Bath & Body,Sugar Cosmetics,1,329,15,49.35,279.65,
ITEM002395,ORD04163,PROD0048,Haircare,Maybelline,2,775,0,0,1550,
ITEM002396,ORD00348,PROD0059,Haircare,Minimalist,2,503,20,201.2,804.8,
ITEM002397,ORD00348,PROD0067,Fragrance,Biotique,1,1488,10,148.8,1339.2,
ITEM002398,ORD00348,PROD0095,Men's Grooming,The Ordinary,1,269,15,40.35,228.65,
ITEM002399,ORD00348,PROD0105,Wellness,Minimalist,2,1068,5,106.8,2029.2,
ITEM002400,ORD03058,PROD0012,Skincare,Minimalist,1,428,0,0,428,4
ITEM002401,ORD03058,PROD0083,Bath & Body,Minimalist,1,446,5,22.3,423.7,5
ITEM002402,ORD01637,PROD0026,Makeup,Biotique,1,267,0,0,267,4
ITEM002403,ORD01637,PROD0030,Makeup,Nykaa Cosmetics,1,946,0,0,946,5
ITEM002404,ORD01637,PROD0034,Makeup,WOW Skin Science,1,2004,20,400.8,1603.2,4
ITEM002405,ORD00126,PROD0006,Skincare,Nykaa Cosmetics,2,1639,30,983.4,2294.6,
ITEM002406,ORD01267,PROD0051,Haircare,WOW Skin Science,1,847,30,254.1,592.9,5
ITEM002407,ORD00068,PROD0007,Skincare,Biotique,1,995,10,99.5,895.5,1
ITEM002408,ORD03690,PROD0044,Makeup,Nykaa Cosmetics,1,701,0,0,701,5
ITEM002409,ORD03690,PROD0003,Skincare,MAC,1,1606,5,80.3,1525.7,5
ITEM002410,ORD03690,PROD0060,Haircare,Plum,1,512,0,0,512,5
ITEM002411,ORD00261,PROD0041,Makeup,Mamaearth,1,1516,5,75.8,1440.2,
ITEM002412,ORD03366,PROD0034,Makeup,WOW Skin Science,1,2004,15,300.6,1703.4,4
ITEM002413,ORD03366,PROD0014,Skincare,Sugar Cosmetics,1,1200,30,360,840,5
ITEM002414,ORD00623,PROD0089,Bath & Body,Biotique,1,384,30,115.2,268.8,5
ITEM002415,ORD00623,PROD0082,Bath & Body,Sugar Cosmetics,1,621,5,31.05,589.95,4
ITEM002416,ORD03735,PROD0058,Haircare,Mamaearth,1,841,0,0,841,5
ITEM002417,ORD04748,PROD0004,Skincare,Dot & Key,1,1072,10,107.2,964.8,4
ITEM002418,ORD00695,PROD0102,Wellness,MAC,1,1278,0,0,1278,2
ITEM002419,ORD00695,PROD0025,Skincare,Forest Essentials,1,639,0,0,639,5
ITEM002420,ORD02374,PROD0007,Skincare,Biotique,2,995,0,0,1990,5
ITEM002421,ORD01348,PROD0080,Bath & Body,Lakme,1,152,0,0,152,3
ITEM002422,ORD02922,PROD0012,Skincare,Minimalist,2,428,5,42.8,813.2,5
ITEM002423,ORD02922,PROD0055,Haircare,Minimalist,1,967,20,193.4,773.6,3
ITEM002424,ORD02706,PROD0088,Bath & Body,Sugar Cosmetics,1,669,20,133.8,535.2,5
ITEM002425,ORD01305,PROD0083,Bath & Body,Minimalist,2,446,5,44.6,847.4,4
ITEM002426,ORD03059,PROD0090,Men's Grooming,NIVEA,1,842,20,168.4,673.6,5
ITEM002427,ORD03059,PROD0038,Makeup,The Ordinary,1,477,5,23.85,453.15,5
ITEM002428,ORD03209,PROD0096,Men's Grooming,The Ordinary,1,520,5,26,494,3
ITEM002429,ORD04763,PROD0054,Haircare,Dot & Key,3,181,10,54.3,488.7,3
ITEM002430,ORD04763,PROD0003,Skincare,MAC,2,1606,10,321.2,2890.8,5
ITEM002431,ORD02034,PROD0078,Fragrance,Forest Essentials,1,1970,0,0,1970,4
ITEM002432,ORD01509,PROD0078,Fragrance,Forest Essentials,1,1970,0,0,1970,
ITEM002433,ORD01509,PROD0031,Makeup,WOW Skin Science,1,1892,0,0,1892,
ITEM002434,ORD01488,PROD0027,Makeup,Mamaearth,1,1454,30,436.2,1017.8,4
ITEM002435,ORD04482,PROD0061,Haircare,L'Oreal Paris,1,466,15,69.9,396.1,5
ITEM002436,ORD04180,PROD0105,Wellness,Minimalist,1,1068,5,53.4,1014.6,4
ITEM002437,ORD00239,PROD0040,Makeup,NIVEA,1,681,5,34.05,646.95,5
ITEM002438,ORD00239,PROD0092,Men's Grooming,Lakme,2,463,0,0,926,5
ITEM002439,ORD00239,PROD0013,Skincare,Nykaa Cosmetics,1,716,15,107.4,608.6,2
ITEM002440,ORD00239,PROD0109,Wellness,L'Oreal Paris,2,625,20,250,1000,4
ITEM002441,ORD01951,PROD0044,Makeup,Nykaa Cosmetics,1,701,5,35.05,665.95,5
ITEM002442,ORD03185,PROD0019,Skincare,The Ordinary,1,1588,30,476.4,1111.6,3
ITEM002443,ORD03185,PROD0112,Wellness,NIVEA,1,964,5,48.2,915.8,2
ITEM002444,ORD03185,PROD0080,Bath & Body,Lakme,1,152,0,0,152,5
ITEM002445,ORD03185,PROD0089,Bath & Body,Biotique,1,384,10,38.4,345.6,5
ITEM002446,ORD04218,PROD0060,Haircare,Plum,2,512,0,0,1024,5
ITEM002447,ORD03879,PROD0075,Fragrance,Forest Essentials,2,1648,10,329.6,2966.4,5
ITEM002448,ORD03879,PROD0034,Makeup,WOW Skin Science,2,2004,5,200.4,3807.6,5
ITEM002449,ORD03879,PROD0081,Bath & Body,L'Oreal Paris,1,767,10,76.7,690.3,2
ITEM002450,ORD03879,PROD0105,Wellness,Minimalist,1,1068,30,320.4,747.6,4
ITEM002451,ORD00012,PROD0089,Bath & Body,Biotique,2,384,30,230.4,537.6,
ITEM002452,ORD00012,PROD0057,Haircare,The Ordinary,2,735,10,147,1323,
ITEM002453,ORD01782,PROD0040,Makeup,NIVEA,2,681,20,272.4,1089.6,5
ITEM002454,ORD03918,PROD0106,Wellness,Forest Essentials,2,762,0,0,1524,
ITEM002455,ORD02628,PROD0057,Haircare,The Ordinary,1,735,20,147,588,5
ITEM002456,ORD03674,PROD0049,Haircare,Forest Essentials,1,718,5,35.9,682.1,4
ITEM002457,ORD03674,PROD0078,Fragrance,Forest Essentials,1,1970,0,0,1970,5
ITEM002458,ORD03674,PROD0035,Makeup,Sugar Cosmetics,3,526,10,157.8,1420.2,5
ITEM002459,ORD04784,PROD0095,Men's Grooming,The Ordinary,1,269,0,0,269,5
ITEM002460,ORD04784,PROD0015,Skincare,Biotique,1,1295,15,194.25,1100.75,4
ITEM002461,ORD04784,PROD0006,Skincare,Nykaa Cosmetics,1,1639,30,491.7,1147.3,4
ITEM002462,ORD04784,PROD0037,Makeup,Mamaearth,1,209,30,62.7,146.3,5
ITEM002463,ORD02536,PROD0060,Haircare,Plum,1,512,5,25.6,486.4,
ITEM002464,ORD02536,PROD0112,Wellness,NIVEA,1,964,15,144.6,819.4,
ITEM002465,ORD02536,PROD0103,Wellness,Forest Essentials,1,1146,15,171.9,974.1,
ITEM002466,ORD02536,PROD0089,Bath & Body,Biotique,1,384,0,0,384,
ITEM002467,ORD04426,PROD0081,Bath & Body,L'Oreal Paris,1,767,10,76.7,690.3,4
ITEM002468,ORD02184,PROD0058,Haircare,Mamaearth,2,841,5,84.1,1597.9,1
ITEM002469,ORD02184,PROD0061,Haircare,L'Oreal Paris,1,466,0,0,466,1
ITEM002470,ORD03924,PROD0090,Men's Grooming,NIVEA,1,842,20,168.4,673.6,
ITEM002471,ORD00140,PROD0072,Fragrance,The Ordinary,2,1765,20,706,2824,4
ITEM002472,ORD04562,PROD0072,Fragrance,The Ordinary,1,1765,15,264.75,1500.25,
ITEM002473,ORD04562,PROD0084,Bath & Body,Mamaearth,1,750,30,225,525,
ITEM002474,ORD04562,PROD0026,Makeup,Biotique,1,267,10,26.7,240.3,
ITEM002475,ORD04562,PROD0063,Haircare,Mamaearth,1,1105,0,0,1105,
ITEM002476,ORD00569,PROD0041,Makeup,Mamaearth,3,1516,30,1364.4,3183.6,
ITEM002477,ORD01458,PROD0057,Haircare,The Ordinary,1,735,0,0,735,4
ITEM002478,ORD01458,PROD0068,Fragrance,Minimalist,2,1193,20,477.2,1908.8,4
ITEM002479,ORD04917,PROD0082,Bath & Body,Sugar Cosmetics,1,621,0,0,621,5
ITEM002480,ORD03625,PROD0074,Fragrance,NIVEA,1,752,15,112.8,639.2,
ITEM002481,ORD02541,PROD0053,Haircare,Forest Essentials,2,1102,10,220.4,1983.6,4
ITEM002482,ORD02541,PROD0068,Fragrance,Minimalist,1,1193,0,0,1193,5
ITEM002483,ORD02541,PROD0084,Bath & Body,Mamaearth,1,750,30,225,525,4
ITEM002484,ORD02541,PROD0097,Men's Grooming,Maybelline,3,369,5,55.35,1051.65,3
ITEM002485,ORD01946,PROD0024,Skincare,MAC,2,900,15,270,1530,4
ITEM002486,ORD01946,PROD0075,Fragrance,Forest Essentials,3,1648,20,988.8,3955.2,3
ITEM002487,ORD01946,PROD0069,Fragrance,Plum,1,1765,20,353,1412,2
ITEM002488,ORD01946,PROD0098,Men's Grooming,The Ordinary,1,241,20,48.2,192.8,5
ITEM002489,ORD02540,PROD0019,Skincare,The Ordinary,1,1588,30,476.4,1111.6,
ITEM002490,ORD02540,PROD0003,Skincare,MAC,2,1606,15,481.8,2730.2,
ITEM002491,ORD02540,PROD0042,Makeup,Sugar Cosmetics,2,647,15,194.1,1099.9,
ITEM002492,ORD02540,PROD0026,Makeup,Biotique,2,267,20,106.8,427.2,
ITEM002493,ORD01314,PROD0075,Fragrance,Forest Essentials,2,1648,5,164.8,3131.2,5
ITEM002494,ORD00461,PROD0059,Haircare,Minimalist,1,503,20,100.6,402.4,5
ITEM002495,ORD00461,PROD0094,Men's Grooming,MAC,1,243,5,12.15,230.85,4
ITEM002496,ORD01703,PROD0093,Men's Grooming,Nykaa Cosmetics,3,245,20,147,588,5
ITEM002497,ORD00481,PROD0095,Men's Grooming,The Ordinary,3,269,10,80.7,726.3,4
ITEM002498,ORD00481,PROD0082,Bath & Body,Sugar Cosmetics,2,621,30,372.6,869.4,4
ITEM002499,ORD02983,PROD0031,Makeup,WOW Skin Science,2,1892,0,0,3784,
ITEM002500,ORD04618,PROD0095,Men's Grooming,The Ordinary,3,269,10,80.7,726.3,
ITEM002501,ORD04618,PROD0070,Fragrance,NIVEA,1,2241,20,448.2,1792.8,
ITEM002502,ORD03776,PROD0026,Makeup,Biotique,1,267,20,53.4,213.6,
ITEM002503,ORD03776,PROD0093,Men's Grooming,Nykaa Cosmetics,2,245,0,0,490,
ITEM002504,ORD04601,PROD0024,Skincare,MAC,1,900,5,45,855,
ITEM002505,ORD04601,PROD0052,Haircare,Nykaa Cosmetics,1,915,20,183,732,
ITEM002506,ORD04601,PROD0005,Skincare,Biotique,1,893,10,89.3,803.7,
ITEM002507,ORD04601,PROD0056,Haircare,MAC,1,1009,15,151.35,857.65,
ITEM002508,ORD03602,PROD0059,Haircare,Minimalist,2,503,0,0,1006,
ITEM002509,ORD02775,PROD0062,Haircare,WOW Skin Science,1,769,15,115.35,653.65,5
ITEM002510,ORD03154,PROD0106,Wellness,Forest Essentials,1,762,20,152.4,609.6,3
ITEM002511,ORD03154,PROD0050,Haircare,Nykaa Cosmetics,2,762,10,152.4,1371.6,2
ITEM002512,ORD04766,PROD0057,Haircare,The Ordinary,1,735,0,0,735,
ITEM002513,ORD04766,PROD0080,Bath & Body,Lakme,1,152,0,0,152,
ITEM002514,ORD04951,PROD0066,Fragrance,Forest Essentials,1,2975,10,297.5,2677.5,4
ITEM002515,ORD04951,PROD0059,Haircare,Minimalist,1,503,5,25.15,477.85,5
ITEM002516,ORD01767,PROD0048,Haircare,Maybelline,1,775,30,232.5,542.5,4
ITEM002517,ORD01767,PROD0078,Fragrance,Forest Essentials,3,1970,0,0,5910,2
ITEM002518,ORD01767,PROD0037,Makeup,Mamaearth,1,209,10,20.9,188.1,3
ITEM002519,ORD01328,PROD0015,Skincare,Biotique,1,1295,30,388.5,906.5,2
ITEM002520,ORD03445,PROD0063,Haircare,Mamaearth,2,1105,15,331.5,1878.5,
ITEM002521,ORD03445,PROD0033,Makeup,Mamaearth,2,2384,30,1430.4,3337.6,
ITEM002522,ORD03445,PROD0082,Bath & Body,Sugar Cosmetics,1,621,0,0,621,
ITEM002523,ORD03445,PROD0051,Haircare,WOW Skin Science,3,847,10,254.1,2286.9,
ITEM002524,ORD02619,PROD0027,Makeup,Mamaearth,1,1454,10,145.4,1308.6,5
ITEM002525,ORD00370,PROD0034,Makeup,WOW Skin Science,1,2004,15,300.6,1703.4,4
ITEM002526,ORD00401,PROD0085,Bath & Body,Sugar Cosmetics,2,329,5,32.9,625.1,
ITEM002527,ORD00401,PROD0098,Men's Grooming,The Ordinary,1,241,0,0,241,
ITEM002528,ORD00401,PROD0072,Fragrance,The Ordinary,3,1765,20,1059,4236,
ITEM002529,ORD04656,PROD0106,Wellness,Forest Essentials,1,762,0,0,762,4
ITEM002530,ORD00213,PROD0014,Skincare,Sugar Cosmetics,2,1200,30,720,1680,3
ITEM002531,ORD00213,PROD0111,Wellness,Maybelline,2,489,5,48.9,929.1,5
ITEM002532,ORD02338,PROD0011,Skincare,Lakme,2,1528,0,0,3056,
ITEM002533,ORD02071,PROD0052,Haircare,Nykaa Cosmetics,2,915,5,91.5,1738.5,5
ITEM002534,ORD02071,PROD0079,Bath & Body,L'Oreal Paris,1,653,15,97.95,555.05,3
ITEM002535,ORD02071,PROD0053,Haircare,Forest Essentials,1,1102,30,330.6,771.4,3
ITEM002536,ORD02071,PROD0091,Men's Grooming,WOW Skin Science,1,530,15,79.5,450.5,5
ITEM002537,ORD00665,PROD0096,Men's Grooming,The Ordinary,1,520,20,104,416,4
ITEM002538,ORD00665,PROD0004,Skincare,Dot & Key,1,1072,10,107.2,964.8,5
ITEM002539,ORD03620,PROD0036,Makeup,Dot & Key,1,988,0,0,988,4
ITEM002540,ORD04980,PROD0075,Fragrance,Forest Essentials,1,1648,0,0,1648,5
ITEM002541,ORD00921,PROD0106,Wellness,Forest Essentials,2,762,20,304.8,1219.2,4
ITEM002542,ORD03138,PROD0084,Bath & Body,Mamaearth,1,750,10,75,675,4
ITEM002543,ORD03138,PROD0111,Wellness,Maybelline,1,489,0,0,489,5
ITEM002544,ORD00185,PROD0087,Bath & Body,Dot & Key,1,222,20,44.4,177.6,4
ITEM002545,ORD00185,PROD0085,Bath & Body,Sugar Cosmetics,1,329,0,0,329,5
ITEM002546,ORD00185,PROD0031,Makeup,WOW Skin Science,1,1892,30,567.6,1324.4,4
ITEM002547,ORD00102,PROD0067,Fragrance,Biotique,1,1488,5,74.4,1413.6,
ITEM002548,ORD00102,PROD0054,Haircare,Dot & Key,1,181,30,54.3,126.7,
ITEM002549,ORD00102,PROD0084,Bath & Body,Mamaearth,1,750,15,112.5,637.5,
ITEM002550,ORD00102,PROD0059,Haircare,Minimalist,1,503,0,0,503,
ITEM002551,ORD03834,PROD0055,Haircare,Minimalist,2,967,30,580.2,1353.8,4
ITEM002552,ORD04368,PROD0055,Haircare,Minimalist,1,967,30,290.1,676.9,4
ITEM002553,ORD04368,PROD0091,Men's Grooming,WOW Skin Science,1,530,0,0,530,5
ITEM002554,ORD04368,PROD0095,Men's Grooming,The Ordinary,1,269,20,53.8,215.2,3
ITEM002555,ORD01775,PROD0088,Bath & Body,Sugar Cosmetics,1,669,15,100.35,568.65,5
ITEM002556,ORD01775,PROD0013,Skincare,Nykaa Cosmetics,1,716,0,0,716,5
ITEM002557,ORD03573,PROD0039,Makeup,Nykaa Cosmetics,1,864,15,129.6,734.4,5
ITEM002558,ORD01425,PROD0067,Fragrance,Biotique,1,1488,10,148.8,1339.2,5
ITEM002559,ORD03874,PROD0029,Makeup,Biotique,3,1007,20,604.2,2416.8,1
ITEM002560,ORD01411,PROD0076,Fragrance,Dot & Key,1,552,15,82.8,469.2,4
ITEM002561,ORD01411,PROD0013,Skincare,Nykaa Cosmetics,2,716,20,286.4,1145.6,5
ITEM002562,ORD01411,PROD0072,Fragrance,The Ordinary,1,1765,10,176.5,1588.5,4
ITEM002563,ORD00291,PROD0079,Bath & Body,L'Oreal Paris,1,653,5,32.65,620.35,
ITEM002564,ORD00291,PROD0105,Wellness,Minimalist,1,1068,15,160.2,907.8,
ITEM002565,ORD01962,PROD0037,Makeup,Mamaearth,1,209,20,41.8,167.2,5
ITEM002566,ORD01962,PROD0074,Fragrance,NIVEA,1,752,15,112.8,639.2,4
ITEM002567,ORD04865,PROD0095,Men's Grooming,The Ordinary,1,269,0,0,269,5
ITEM002568,ORD00408,PROD0063,Haircare,Mamaearth,1,1105,30,331.5,773.5,
ITEM002569,ORD00408,PROD0019,Skincare,The Ordinary,1,1588,15,238.2,1349.8,
ITEM002570,ORD03112,PROD0015,Skincare,Biotique,2,1295,5,129.5,2460.5,4
ITEM002571,ORD03112,PROD0050,Haircare,Nykaa Cosmetics,1,762,10,76.2,685.8,4
ITEM002572,ORD02537,PROD0037,Makeup,Mamaearth,2,209,0,0,418,4
ITEM002573,ORD01066,PROD0030,Makeup,Nykaa Cosmetics,1,946,0,0,946,5
ITEM002574,ORD02236,PROD0024,Skincare,MAC,1,900,15,135,765,1
ITEM002575,ORD01575,PROD0066,Fragrance,Forest Essentials,1,2975,20,595,2380,5
ITEM002576,ORD01137,PROD0065,Haircare,Forest Essentials,1,334,0,0,334,1
ITEM002577,ORD01823,PROD0007,Skincare,Biotique,1,995,30,298.5,696.5,3
ITEM002578,ORD01823,PROD0088,Bath & Body,Sugar Cosmetics,2,669,10,133.8,1204.2,3
ITEM002579,ORD01303,PROD0039,Makeup,Nykaa Cosmetics,1,864,30,259.2,604.8,4
ITEM002580,ORD01117,PROD0016,Skincare,The Ordinary,1,1150,15,172.5,977.5,5
ITEM002581,ORD01092,PROD0096,Men's Grooming,The Ordinary,1,520,30,156,364,4
ITEM002582,ORD01271,PROD0040,Makeup,NIVEA,2,681,0,0,1362,4
ITEM002583,ORD02945,PROD0030,Makeup,Nykaa Cosmetics,1,946,0,0,946,4
ITEM002584,ORD02074,PROD0072,Fragrance,The Ordinary,3,1765,0,0,5295,4
ITEM002585,ORD01111,PROD0081,Bath & Body,L'Oreal Paris,1,767,30,230.1,536.9,5
ITEM002586,ORD01365,PROD0107,Wellness,Sugar Cosmetics,2,1156,15,346.8,1965.2,5
ITEM002587,ORD01365,PROD0019,Skincare,The Ordinary,1,1588,5,79.4,1508.6,5
ITEM002588,ORD03723,PROD0059,Haircare,Minimalist,1,503,30,150.9,352.1,4
ITEM002589,ORD00356,PROD0054,Haircare,Dot & Key,3,181,20,108.6,434.4,4
ITEM002590,ORD02710,PROD0023,Skincare,Biotique,2,1629,10,325.8,2932.2,5
ITEM002591,ORD02710,PROD0049,Haircare,Forest Essentials,1,718,5,35.9,682.1,4
ITEM002592,ORD02710,PROD0048,Haircare,Maybelline,1,775,10,77.5,697.5,5
ITEM002593,ORD04838,PROD0059,Haircare,Minimalist,2,503,5,50.3,955.7,4
ITEM002594,ORD04325,PROD0077,Fragrance,Lakme,2,2406,0,0,4812,
ITEM002595,ORD04325,PROD0110,Wellness,Nykaa Cosmetics,1,1400,0,0,1400,
ITEM002596,ORD02532,PROD0036,Makeup,Dot & Key,1,988,0,0,988,4
ITEM002597,ORD02187,PROD0025,Skincare,Forest Essentials,1,639,30,191.7,447.3,
ITEM002598,ORD01875,PROD0103,Wellness,Forest Essentials,2,1146,0,0,2292,5
ITEM002599,ORD01875,PROD0072,Fragrance,The Ordinary,3,1765,20,1059,4236,4
ITEM002600,ORD01875,PROD0037,Makeup,Mamaearth,1,209,30,62.7,146.3,3
ITEM002601,ORD01777,PROD0077,Fragrance,Lakme,3,2406,5,360.9,6857.1,5
ITEM002602,ORD01777,PROD0042,Makeup,Sugar Cosmetics,2,647,0,0,1294,3
ITEM002603,ORD01777,PROD0066,Fragrance,Forest Essentials,2,2975,15,892.5,5057.5,5
ITEM002604,ORD00241,PROD0100,Men's Grooming,Minimalist,1,156,20,31.2,124.8,5
ITEM002605,ORD00241,PROD0094,Men's Grooming,MAC,1,243,10,24.3,218.7,5
ITEM002606,ORD00241,PROD0027,Makeup,Mamaearth,1,1454,0,0,1454,5
ITEM002607,ORD00241,PROD0080,Bath & Body,Lakme,2,152,5,15.2,288.8,5
ITEM002608,ORD02510,PROD0098,Men's Grooming,The Ordinary,1,241,30,72.3,168.7,5
ITEM002609,ORD02510,PROD0084,Bath & Body,Mamaearth,1,750,5,37.5,712.5,4
ITEM002610,ORD00208,PROD0071,Fragrance,Maybelline,1,1416,0,0,1416,4
ITEM002611,ORD00208,PROD0039,Makeup,Nykaa Cosmetics,1,864,30,259.2,604.8,3
ITEM002612,ORD00208,PROD0086,Bath & Body,Sugar Cosmetics,2,317,30,190.2,443.8,5
ITEM002613,ORD01324,PROD0021,Skincare,Biotique,1,869,0,0,869,4
ITEM002614,ORD03748,PROD0098,Men's Grooming,The Ordinary,1,241,30,72.3,168.7,5
ITEM002615,ORD03748,PROD0111,Wellness,Maybelline,1,489,15,73.35,415.65,3
ITEM002616,ORD03748,PROD0109,Wellness,L'Oreal Paris,2,625,0,0,1250,5
ITEM002617,ORD03748,PROD0108,Wellness,The Ordinary,1,945,20,189,756,3
ITEM002618,ORD03403,PROD0100,Men's Grooming,Minimalist,1,156,5,7.8,148.2,5
ITEM002619,ORD03403,PROD0086,Bath & Body,Sugar Cosmetics,1,317,0,0,317,5
ITEM002620,ORD03184,PROD0095,Men's Grooming,The Ordinary,1,269,5,13.45,255.55,5
ITEM002621,ORD03184,PROD0067,Fragrance,Biotique,1,1488,15,223.2,1264.8,5
ITEM002622,ORD03184,PROD0030,Makeup,Nykaa Cosmetics,3,946,20,567.6,2270.4,5
ITEM002623,ORD01706,PROD0021,Skincare,Biotique,1,869,20,173.8,695.2,4
ITEM002624,ORD04292,PROD0001,Skincare,Minimalist,1,1006,30,301.8,704.2,5
ITEM002625,ORD04274,PROD0062,Haircare,WOW Skin Science,2,769,0,0,1538,
ITEM002626,ORD04274,PROD0035,Makeup,Sugar Cosmetics,1,526,10,52.6,473.4,
ITEM002627,ORD00499,PROD0064,Haircare,The Ordinary,2,642,0,0,1284,4
ITEM002628,ORD00499,PROD0019,Skincare,The Ordinary,1,1588,5,79.4,1508.6,4
ITEM002629,ORD00499,PROD0073,Fragrance,Biotique,1,2226,5,111.3,2114.7,3
ITEM002630,ORD00499,PROD0036,Makeup,Dot & Key,1,988,0,0,988,4
ITEM002631,ORD04363,PROD0105,Wellness,Minimalist,2,1068,15,320.4,1815.6,5
ITEM002632,ORD04537,PROD0076,Fragrance,Dot & Key,1,552,15,82.8,469.2,4
ITEM002633,ORD02826,PROD0013,Skincare,Nykaa Cosmetics,2,716,20,286.4,1145.6,
ITEM002634,ORD04705,PROD0070,Fragrance,NIVEA,1,2241,10,224.1,2016.9,4
ITEM002635,ORD04705,PROD0085,Bath & Body,Sugar Cosmetics,1,329,10,32.9,296.1,5
ITEM002636,ORD04705,PROD0062,Haircare,WOW Skin Science,1,769,10,76.9,692.1,4
ITEM002637,ORD04705,PROD0049,Haircare,Forest Essentials,1,718,30,215.4,502.6,5
ITEM002638,ORD00500,PROD0011,Skincare,Lakme,2,1528,20,611.2,2444.8,1
ITEM002639,ORD00500,PROD0009,Skincare,NIVEA,3,720,5,108,2052,5
ITEM002640,ORD00259,PROD0106,Wellness,Forest Essentials,2,762,20,304.8,1219.2,
ITEM002641,ORD03591,PROD0057,Haircare,The Ordinary,1,735,10,73.5,661.5,
ITEM002642,ORD03591,PROD0058,Haircare,Mamaearth,2,841,15,252.3,1429.7,
ITEM002643,ORD04439,PROD0014,Skincare,Sugar Cosmetics,1,1200,20,240,960,3
ITEM002644,ORD03895,PROD0043,Makeup,WOW Skin Science,1,1330,10,133,1197,4
ITEM002645,ORD01195,PROD0041,Makeup,Mamaearth,1,1516,5,75.8,1440.2,
ITEM002646,ORD01195,PROD0017,Skincare,WOW Skin Science,2,1699,0,0,3398,
ITEM002647,ORD04348,PROD0053,Haircare,Forest Essentials,2,1102,20,440.8,1763.2,5
ITEM002648,ORD04348,PROD0099,Men's Grooming,Forest Essentials,2,554,5,55.4,1052.6,5
ITEM002649,ORD04348,PROD0095,Men's Grooming,The Ordinary,3,269,20,161.4,645.6,5
ITEM002650,ORD04348,PROD0036,Makeup,Dot & Key,1,988,5,49.4,938.6,1
ITEM002651,ORD04331,PROD0103,Wellness,Forest Essentials,1,1146,30,343.8,802.2,5
ITEM002652,ORD04331,PROD0058,Haircare,Mamaearth,1,841,15,126.15,714.85,5
ITEM002653,ORD02415,PROD0066,Fragrance,Forest Essentials,1,2975,0,0,2975,3
ITEM002654,ORD02787,PROD0035,Makeup,Sugar Cosmetics,1,526,0,0,526,5
ITEM002655,ORD02787,PROD0077,Fragrance,Lakme,1,2406,0,0,2406,5
ITEM002656,ORD01351,PROD0070,Fragrance,NIVEA,2,2241,15,672.3,3809.7,4
ITEM002657,ORD01351,PROD0073,Fragrance,Biotique,1,2226,5,111.3,2114.7,5
ITEM002658,ORD00218,PROD0097,Men's Grooming,Maybelline,1,369,20,73.8,295.2,3
ITEM002659,ORD00218,PROD0031,Makeup,WOW Skin Science,3,1892,15,851.4,4824.6,2
ITEM002660,ORD03502,PROD0006,Skincare,Nykaa Cosmetics,2,1639,10,327.8,2950.2,2
ITEM002661,ORD03502,PROD0072,Fragrance,The Ordinary,1,1765,0,0,1765,1
ITEM002662,ORD03502,PROD0030,Makeup,Nykaa Cosmetics,1,946,5,47.3,898.7,4
ITEM002663,ORD03798,PROD0032,Makeup,Maybelline,1,2207,0,0,2207,4
ITEM002664,ORD03307,PROD0047,Haircare,Biotique,1,665,15,99.75,565.25,
ITEM002665,ORD03307,PROD0106,Wellness,Forest Essentials,1,762,20,152.4,609.6,
ITEM002666,ORD02698,PROD0040,Makeup,NIVEA,1,681,30,204.3,476.7,
ITEM002667,ORD02698,PROD0013,Skincare,Nykaa Cosmetics,2,716,15,214.8,1217.2,
ITEM002668,ORD04075,PROD0108,Wellness,The Ordinary,1,945,10,94.5,850.5,5
ITEM002669,ORD04075,PROD0050,Haircare,Nykaa Cosmetics,1,762,30,228.6,533.4,3
ITEM002670,ORD04075,PROD0040,Makeup,NIVEA,3,681,5,102.15,1940.85,5
ITEM002671,ORD02881,PROD0076,Fragrance,Dot & Key,1,552,0,0,552,4
ITEM002672,ORD02881,PROD0094,Men's Grooming,MAC,1,243,15,36.45,206.55,2
ITEM002673,ORD02632,PROD0018,Skincare,Dot & Key,2,1081,10,216.2,1945.8,4
ITEM002674,ORD02598,PROD0027,Makeup,Mamaearth,2,1454,20,581.6,2326.4,5
ITEM002675,ORD01674,PROD0013,Skincare,Nykaa Cosmetics,2,716,30,429.6,1002.4,4
ITEM002676,ORD01674,PROD0061,Haircare,L'Oreal Paris,1,466,10,46.6,419.4,4
ITEM002677,ORD02624,PROD0035,Makeup,Sugar Cosmetics,1,526,0,0,526,
ITEM002678,ORD02624,PROD0082,Bath & Body,Sugar Cosmetics,1,621,30,186.3,434.7,
ITEM002679,ORD02624,PROD0013,Skincare,Nykaa Cosmetics,1,716,0,0,716,
ITEM002680,ORD00339,PROD0028,Makeup,L'Oreal Paris,1,844,0,0,844,4
ITEM002681,ORD00339,PROD0102,Wellness,MAC,1,1278,15,191.7,1086.3,5
ITEM002682,ORD01467,PROD0066,Fragrance,Forest Essentials,1,2975,0,0,2975,
ITEM002683,ORD01467,PROD0084,Bath & Body,Mamaearth,1,750,0,0,750,
ITEM002684,ORD01467,PROD0060,Haircare,Plum,1,512,5,25.6,486.4,
ITEM002685,ORD01884,PROD0020,Skincare,Maybelline,1,1237,5,61.85,1175.15,5
ITEM002686,ORD04902,PROD0110,Wellness,Nykaa Cosmetics,1,1400,0,0,1400,
ITEM002687,ORD02948,PROD0020,Skincare,Maybelline,1,1237,30,371.1,865.9,5
ITEM002688,ORD02948,PROD0006,Skincare,Nykaa Cosmetics,1,1639,10,163.9,1475.1,4
ITEM002689,ORD02429,PROD0010,Skincare,The Ordinary,1,893,10,89.3,803.7,5
ITEM002690,ORD02429,PROD0071,Fragrance,Maybelline,1,1416,20,283.2,1132.8,5
ITEM002691,ORD01604,PROD0070,Fragrance,NIVEA,2,2241,0,0,4482,
ITEM002692,ORD00358,PROD0032,Makeup,Maybelline,2,2207,0,0,4414,4
ITEM002693,ORD01555,PROD0090,Men's Grooming,NIVEA,2,842,10,168.4,1515.6,
ITEM002694,ORD01555,PROD0086,Bath & Body,Sugar Cosmetics,1,317,30,95.1,221.9,
ITEM002695,ORD00072,PROD0072,Fragrance,The Ordinary,1,1765,10,176.5,1588.5,5
ITEM002696,ORD02075,PROD0072,Fragrance,The Ordinary,2,1765,30,1059,2471,3
ITEM002697,ORD02075,PROD0050,Haircare,Nykaa Cosmetics,1,762,5,38.1,723.9,4
ITEM002698,ORD02075,PROD0010,Skincare,The Ordinary,2,893,5,89.3,1696.7,1
ITEM002699,ORD02872,PROD0066,Fragrance,Forest Essentials,1,2975,15,446.25,2528.75,5
ITEM002700,ORD02872,PROD0094,Men's Grooming,MAC,1,243,0,0,243,4
ITEM002701,ORD02872,PROD0089,Bath & Body,Biotique,1,384,0,0,384,4
ITEM002702,ORD02872,PROD0030,Makeup,Nykaa Cosmetics,2,946,10,189.2,1702.8,5
ITEM002703,ORD04958,PROD0049,Haircare,Forest Essentials,1,718,5,35.9,682.1,1
ITEM002704,ORD04958,PROD0053,Haircare,Forest Essentials,2,1102,20,440.8,1763.2,5
ITEM002705,ORD01807,PROD0087,Bath & Body,Dot & Key,1,222,5,11.1,210.9,4
ITEM002706,ORD01807,PROD0099,Men's Grooming,Forest Essentials,1,554,0,0,554,3
ITEM002707,ORD02343,PROD0003,Skincare,MAC,3,1606,20,963.6,3854.4,3
ITEM002708,ORD00913,PROD0024,Skincare,MAC,1,900,5,45,855,5
ITEM002709,ORD00913,PROD0031,Makeup,WOW Skin Science,2,1892,20,756.8,3027.2,5
ITEM002710,ORD04990,PROD0080,Bath & Body,Lakme,1,152,15,22.8,129.2,4
ITEM002711,ORD04990,PROD0037,Makeup,Mamaearth,1,209,10,20.9,188.1,5
ITEM002712,ORD04990,PROD0076,Fragrance,Dot & Key,2,552,10,110.4,993.6,3
ITEM002713,ORD04990,PROD0099,Men's Grooming,Forest Essentials,1,554,20,110.8,443.2,3
ITEM002714,ORD04387,PROD0084,Bath & Body,Mamaearth,1,750,15,112.5,637.5,4
ITEM002715,ORD04387,PROD0098,Men's Grooming,The Ordinary,2,241,0,0,482,2
ITEM002716,ORD04387,PROD0026,Makeup,Biotique,1,267,30,80.1,186.9,1
ITEM002717,ORD04595,PROD0074,Fragrance,NIVEA,1,752,30,225.6,526.4,
ITEM002718,ORD04595,PROD0052,Haircare,Nykaa Cosmetics,1,915,20,183,732,
ITEM002719,ORD03523,PROD0026,Makeup,Biotique,1,267,5,13.35,253.65,3
ITEM002720,ORD03523,PROD0053,Haircare,Forest Essentials,1,1102,5,55.1,1046.9,5
ITEM002721,ORD00865,PROD0110,Wellness,Nykaa Cosmetics,2,1400,20,560,2240,4
ITEM002722,ORD01738,PROD0101,Wellness,Mamaearth,1,930,0,0,930,4
ITEM002723,ORD01075,PROD0107,Wellness,Sugar Cosmetics,1,1156,20,231.2,924.8,5
ITEM002724,ORD01075,PROD0025,Skincare,Forest Essentials,1,639,30,191.7,447.3,3
ITEM002725,ORD01075,PROD0060,Haircare,Plum,1,512,0,0,512,5
ITEM002726,ORD01075,PROD0097,Men's Grooming,Maybelline,1,369,15,55.35,313.65,4
ITEM002727,ORD02653,PROD0110,Wellness,Nykaa Cosmetics,1,1400,0,0,1400,5
ITEM002728,ORD03440,PROD0021,Skincare,Biotique,2,869,5,86.9,1651.1,5
ITEM002729,ORD03440,PROD0035,Makeup,Sugar Cosmetics,1,526,15,78.9,447.1,4
ITEM002730,ORD03440,PROD0016,Skincare,The Ordinary,2,1150,5,115,2185,5
ITEM002731,ORD03440,PROD0018,Skincare,Dot & Key,1,1081,30,324.3,756.7,5
ITEM002732,ORD04779,PROD0008,Skincare,Forest Essentials,1,317,10,31.7,285.3,
ITEM002733,ORD01198,PROD0016,Skincare,The Ordinary,1,1150,0,0,1150,5
ITEM002734,ORD00286,PROD0096,Men's Grooming,The Ordinary,1,520,0,0,520,5
ITEM002735,ORD00286,PROD0045,Makeup,WOW Skin Science,3,1690,30,1521,3549,5
ITEM002736,ORD04082,PROD0057,Haircare,The Ordinary,1,735,0,0,735,5
ITEM002737,ORD00246,PROD0101,Wellness,Mamaearth,1,930,0,0,930,3
ITEM002738,ORD00246,PROD0105,Wellness,Minimalist,1,1068,10,106.8,961.2,4
ITEM002739,ORD00246,PROD0093,Men's Grooming,Nykaa Cosmetics,1,245,0,0,245,5
ITEM002740,ORD01709,PROD0072,Fragrance,The Ordinary,1,1765,20,353,1412,4
ITEM002741,ORD01709,PROD0020,Skincare,Maybelline,1,1237,5,61.85,1175.15,1
ITEM002742,ORD01709,PROD0037,Makeup,Mamaearth,3,209,30,188.1,438.9,4
ITEM002743,ORD02514,PROD0057,Haircare,The Ordinary,1,735,30,220.5,514.5,
ITEM002744,ORD02514,PROD0046,Makeup,The Ordinary,1,532,0,0,532,
ITEM002745,ORD02514,PROD0055,Haircare,Minimalist,2,967,5,96.7,1837.3,
ITEM002746,ORD04719,PROD0080,Bath & Body,Lakme,1,152,15,22.8,129.2,3
ITEM002747,ORD04719,PROD0101,Wellness,Mamaearth,1,930,20,186,744,4
ITEM002748,ORD04719,PROD0037,Makeup,Mamaearth,3,209,15,94.05,532.95,3
ITEM002749,ORD04719,PROD0060,Haircare,Plum,1,512,0,0,512,4
ITEM002750,ORD01157,PROD0042,Makeup,Sugar Cosmetics,2,647,5,64.7,1229.3,1
ITEM002751,ORD04477,PROD0096,Men's Grooming,The Ordinary,1,520,15,78,442,
ITEM002752,ORD02977,PROD0089,Bath & Body,Biotique,1,384,20,76.8,307.2,2
ITEM002753,ORD02977,PROD0095,Men's Grooming,The Ordinary,2,269,5,26.9,511.1,2
ITEM002754,ORD02977,PROD0112,Wellness,NIVEA,1,964,30,289.2,674.8,5
ITEM002755,ORD02977,PROD0004,Skincare,Dot & Key,1,1072,30,321.6,750.4,5
ITEM002756,ORD00676,PROD0100,Men's Grooming,Minimalist,1,156,0,0,156,4
ITEM002757,ORD00676,PROD0017,Skincare,WOW Skin Science,1,1699,0,0,1699,4
ITEM002758,ORD03598,PROD0052,Haircare,Nykaa Cosmetics,2,915,15,274.5,1555.5,5
ITEM002759,ORD03598,PROD0017,Skincare,WOW Skin Science,1,1699,0,0,1699,5
ITEM002760,ORD03598,PROD0071,Fragrance,Maybelline,1,1416,20,283.2,1132.8,4
ITEM002761,ORD03598,PROD0082,Bath & Body,Sugar Cosmetics,1,621,5,31.05,589.95,5
ITEM002762,ORD00158,PROD0011,Skincare,Lakme,1,1528,0,0,1528,
ITEM002763,ORD00158,PROD0030,Makeup,Nykaa Cosmetics,1,946,15,141.9,804.1,
ITEM002764,ORD01294,PROD0054,Haircare,Dot & Key,1,181,0,0,181,1
ITEM002765,ORD01294,PROD0022,Skincare,MAC,1,1685,30,505.5,1179.5,3
ITEM002766,ORD01294,PROD0074,Fragrance,NIVEA,1,752,20,150.4,601.6,3
ITEM002767,ORD02477,PROD0045,Makeup,WOW Skin Science,1,1690,20,338,1352,
ITEM002768,ORD00317,PROD0089,Bath & Body,Biotique,1,384,5,19.2,364.8,3
ITEM002769,ORD03614,PROD0062,Haircare,WOW Skin Science,2,769,30,461.4,1076.6,4
ITEM002770,ORD03614,PROD0030,Makeup,Nykaa Cosmetics,3,946,0,0,2838,5
ITEM002771,ORD02489,PROD0075,Fragrance,Forest Essentials,1,1648,0,0,1648,5
ITEM002772,ORD02489,PROD0107,Wellness,Sugar Cosmetics,1,1156,15,173.4,982.6,4
ITEM002773,ORD04397,PROD0076,Fragrance,Dot & Key,3,552,20,331.2,1324.8,5
ITEM002774,ORD04397,PROD0086,Bath & Body,Sugar Cosmetics,1,317,5,15.85,301.15,2
ITEM002775,ORD04397,PROD0064,Haircare,The Ordinary,2,642,30,385.2,898.8,3
ITEM002776,ORD04397,PROD0013,Skincare,Nykaa Cosmetics,2,716,20,286.4,1145.6,1
ITEM002777,ORD00906,PROD0013,Skincare,Nykaa Cosmetics,1,716,10,71.6,644.4,5
ITEM002778,ORD01984,PROD0112,Wellness,NIVEA,3,964,20,578.4,2313.6,5
ITEM002779,ORD01984,PROD0042,Makeup,Sugar Cosmetics,1,647,20,129.4,517.6,2
ITEM002780,ORD01984,PROD0078,Fragrance,Forest Essentials,2,1970,0,0,3940,4
ITEM002781,ORD04318,PROD0085,Bath & Body,Sugar Cosmetics,1,329,10,32.9,296.1,
ITEM002782,ORD04558,PROD0035,Makeup,Sugar Cosmetics,1,526,0,0,526,4
ITEM002783,ORD04558,PROD0072,Fragrance,The Ordinary,3,1765,15,794.25,4500.75,4
ITEM002784,ORD04558,PROD0100,Men's Grooming,Minimalist,1,156,15,23.4,132.6,4
ITEM002785,ORD04558,PROD0093,Men's Grooming,Nykaa Cosmetics,1,245,20,49,196,3
ITEM002786,ORD01660,PROD0112,Wellness,NIVEA,1,964,10,96.4,867.6,4
ITEM002787,ORD01660,PROD0048,Haircare,Maybelline,2,775,0,0,1550,5
ITEM002788,ORD03062,PROD0023,Skincare,Biotique,1,1629,0,0,1629,
ITEM002789,ORD04074,PROD0009,Skincare,NIVEA,1,720,0,0,720,5
ITEM002790,ORD01190,PROD0038,Makeup,The Ordinary,2,477,0,0,954,3
ITEM002791,ORD04635,PROD0035,Makeup,Sugar Cosmetics,1,526,15,78.9,447.1,
ITEM002792,ORD04635,PROD0074,Fragrance,NIVEA,1,752,30,225.6,526.4,
ITEM002793,ORD03293,PROD0081,Bath & Body,L'Oreal Paris,1,767,15,115.05,651.95,5
ITEM002794,ORD01312,PROD0016,Skincare,The Ordinary,1,1150,15,172.5,977.5,5
ITEM002795,ORD01312,PROD0006,Skincare,Nykaa Cosmetics,1,1639,0,0,1639,4
ITEM002796,ORD01312,PROD0049,Haircare,Forest Essentials,1,718,5,35.9,682.1,5
ITEM002797,ORD02331,PROD0047,Haircare,Biotique,1,665,0,0,665,
ITEM002798,ORD02331,PROD0097,Men's Grooming,Maybelline,1,369,20,73.8,295.2,
ITEM002799,ORD02331,PROD0062,Haircare,WOW Skin Science,1,769,30,230.7,538.3,
ITEM002800,ORD03221,PROD0069,Fragrance,Plum,1,1765,15,264.75,1500.25,2
ITEM002801,ORD04488,PROD0075,Fragrance,Forest Essentials,1,1648,20,329.6,1318.4,4
ITEM002802,ORD04488,PROD0060,Haircare,Plum,1,512,10,51.2,460.8,5
ITEM002803,ORD00932,PROD0017,Skincare,WOW Skin Science,1,1699,5,84.95,1614.05,5
ITEM002804,ORD04463,PROD0092,Men's Grooming,Lakme,1,463,20,92.6,370.4,
ITEM002805,ORD01450,PROD0105,Wellness,Minimalist,1,1068,15,160.2,907.8,3
ITEM002806,ORD02021,PROD0088,Bath & Body,Sugar Cosmetics,1,669,0,0,669,5
ITEM002807,ORD02021,PROD0058,Haircare,Mamaearth,2,841,10,168.2,1513.8,5
ITEM002808,ORD02021,PROD0077,Fragrance,Lakme,1,2406,0,0,2406,5
ITEM002809,ORD03702,PROD0059,Haircare,Minimalist,1,503,0,0,503,4
ITEM002810,ORD03702,PROD0023,Skincare,Biotique,1,1629,20,325.8,1303.2,5
ITEM002811,ORD03702,PROD0027,Makeup,Mamaearth,2,1454,5,145.4,2762.6,3
ITEM002812,ORD03702,PROD0068,Fragrance,Minimalist,1,1193,30,357.9,835.1,5
ITEM002813,ORD02206,PROD0009,Skincare,NIVEA,1,720,30,216,504,2
ITEM002814,ORD02206,PROD0082,Bath & Body,Sugar Cosmetics,1,621,15,93.15,527.85,3
ITEM002815,ORD02206,PROD0105,Wellness,Minimalist,2,1068,0,0,2136,4
ITEM002816,ORD02206,PROD0055,Haircare,Minimalist,1,967,10,96.7,870.3,4
ITEM002817,ORD04233,PROD0074,Fragrance,NIVEA,2,752,30,451.2,1052.8,4
ITEM002818,ORD04233,PROD0084,Bath & Body,Mamaearth,1,750,0,0,750,3
ITEM002819,ORD01930,PROD0089,Bath & Body,Biotique,1,384,15,57.6,326.4,5
ITEM002820,ORD02178,PROD0051,Haircare,WOW Skin Science,1,847,15,127.05,719.95,
ITEM002821,ORD02178,PROD0094,Men's Grooming,MAC,1,243,20,48.6,194.4,
ITEM002822,ORD02178,PROD0066,Fragrance,Forest Essentials,1,2975,5,148.75,2826.25,
ITEM002823,ORD01911,PROD0080,Bath & Body,Lakme,1,152,30,45.6,106.4,1
ITEM002824,ORD01911,PROD0102,Wellness,MAC,3,1278,30,1150.2,2683.8,4
ITEM002825,ORD01911,PROD0095,Men's Grooming,The Ordinary,2,269,0,0,538,5
ITEM002826,ORD02065,PROD0100,Men's Grooming,Minimalist,1,156,15,23.4,132.6,
ITEM002827,ORD02065,PROD0055,Haircare,Minimalist,1,967,20,193.4,773.6,
ITEM002828,ORD02065,PROD0041,Makeup,Mamaearth,1,1516,0,0,1516,
ITEM002829,ORD04970,PROD0072,Fragrance,The Ordinary,2,1765,30,1059,2471,5
ITEM002830,ORD01548,PROD0069,Fragrance,Plum,1,1765,10,176.5,1588.5,
ITEM002831,ORD01548,PROD0106,Wellness,Forest Essentials,2,762,0,0,1524,
ITEM002832,ORD01548,PROD0068,Fragrance,Minimalist,1,1193,5,59.65,1133.35,
ITEM002833,ORD01548,PROD0057,Haircare,The Ordinary,1,735,30,220.5,514.5,
ITEM002834,ORD01599,PROD0089,Bath & Body,Biotique,1,384,30,115.2,268.8,4
ITEM002835,ORD01599,PROD0045,Makeup,WOW Skin Science,2,1690,5,169,3211,4
ITEM002836,ORD01599,PROD0105,Wellness,Minimalist,1,1068,0,0,1068,3
ITEM002837,ORD03914,PROD0039,Makeup,Nykaa Cosmetics,1,864,0,0,864,4
ITEM002838,ORD00762,PROD0045,Makeup,WOW Skin Science,2,1690,20,676,2704,5
ITEM002839,ORD00762,PROD0052,Haircare,Nykaa Cosmetics,3,915,15,411.75,2333.25,3
ITEM002840,ORD00762,PROD0103,Wellness,Forest Essentials,1,1146,0,0,1146,2
ITEM002841,ORD00762,PROD0054,Haircare,Dot & Key,1,181,0,0,181,4
ITEM002842,ORD01103,PROD0023,Skincare,Biotique,1,1629,30,488.7,1140.3,4
ITEM002843,ORD01944,PROD0005,Skincare,Biotique,1,893,10,89.3,803.7,5
ITEM002844,ORD01944,PROD0009,Skincare,NIVEA,2,720,20,288,1152,5
ITEM002845,ORD03600,PROD0006,Skincare,Nykaa Cosmetics,2,1639,20,655.6,2622.4,
ITEM002846,ORD04174,PROD0064,Haircare,The Ordinary,1,642,15,96.3,545.7,
ITEM002847,ORD00494,PROD0075,Fragrance,Forest Essentials,1,1648,15,247.2,1400.8,5
ITEM002848,ORD00494,PROD0041,Makeup,Mamaearth,2,1516,15,454.8,2577.2,4
ITEM002849,ORD02295,PROD0037,Makeup,Mamaearth,1,209,15,31.35,177.65,
ITEM002850,ORD02470,PROD0021,Skincare,Biotique,1,869,30,260.7,608.3,3
ITEM002851,ORD00458,PROD0089,Bath & Body,Biotique,2,384,30,230.4,537.6,5
ITEM002852,ORD00458,PROD0049,Haircare,Forest Essentials,1,718,15,107.7,610.3,5
ITEM002853,ORD04568,PROD0016,Skincare,The Ordinary,1,1150,5,57.5,1092.5,2
ITEM002854,ORD04568,PROD0051,Haircare,WOW Skin Science,1,847,20,169.4,677.6,4
ITEM002855,ORD04568,PROD0006,Skincare,Nykaa Cosmetics,1,1639,10,163.9,1475.1,5
ITEM002856,ORD03864,PROD0004,Skincare,Dot & Key,1,1072,0,0,1072,
ITEM002857,ORD03864,PROD0061,Haircare,L'Oreal Paris,3,466,0,0,1398,
ITEM002858,ORD03864,PROD0012,Skincare,Minimalist,1,428,10,42.8,385.2,
ITEM002859,ORD04450,PROD0096,Men's Grooming,The Ordinary,1,520,0,0,520,4
ITEM002860,ORD01408,PROD0001,Skincare,Minimalist,1,1006,10,100.6,905.4,5
ITEM002861,ORD01178,PROD0055,Haircare,Minimalist,1,967,10,96.7,870.3,
ITEM002862,ORD01178,PROD0029,Makeup,Biotique,2,1007,30,604.2,1409.8,
ITEM002863,ORD01398,PROD0089,Bath & Body,Biotique,1,384,0,0,384,3
ITEM002864,ORD01398,PROD0063,Haircare,Mamaearth,1,1105,5,55.25,1049.75,4
ITEM002865,ORD01398,PROD0049,Haircare,Forest Essentials,2,718,0,0,1436,4
ITEM002866,ORD02792,PROD0108,Wellness,The Ordinary,2,945,30,567,1323,2
ITEM002867,ORD00101,PROD0066,Fragrance,Forest Essentials,1,2975,15,446.25,2528.75,4
ITEM002868,ORD00564,PROD0093,Men's Grooming,Nykaa Cosmetics,1,245,30,73.5,171.5,
ITEM002869,ORD01047,PROD0109,Wellness,L'Oreal Paris,1,625,5,31.25,593.75,3
ITEM002870,ORD01047,PROD0032,Makeup,Maybelline,1,2207,0,0,2207,4
ITEM002871,ORD03885,PROD0104,Wellness,Nykaa Cosmetics,3,1259,20,755.4,3021.6,5
ITEM002872,ORD03885,PROD0041,Makeup,Mamaearth,3,1516,15,682.2,3865.8,5
ITEM002873,ORD03885,PROD0088,Bath & Body,Sugar Cosmetics,3,669,10,200.7,1806.3,1
ITEM002874,ORD00515,PROD0071,Fragrance,Maybelline,1,1416,20,283.2,1132.8,
ITEM002875,ORD01084,PROD0029,Makeup,Biotique,1,1007,5,50.35,956.65,5
ITEM002876,ORD02914,PROD0039,Makeup,Nykaa Cosmetics,1,864,15,129.6,734.4,4
ITEM002877,ORD02914,PROD0042,Makeup,Sugar Cosmetics,1,647,10,64.7,582.3,2
ITEM002878,ORD02914,PROD0084,Bath & Body,Mamaearth,1,750,30,225,525,5
ITEM002879,ORD02886,PROD0055,Haircare,Minimalist,1,967,0,0,967,5
ITEM002880,ORD02886,PROD0038,Makeup,The Ordinary,1,477,0,0,477,4
ITEM002881,ORD01844,PROD0047,Haircare,Biotique,1,665,10,66.5,598.5,5
ITEM002882,ORD03128,PROD0007,Skincare,Biotique,3,995,5,149.25,2835.75,4
ITEM002883,ORD03128,PROD0018,Skincare,Dot & Key,1,1081,15,162.15,918.85,5
ITEM002884,ORD03128,PROD0065,Haircare,Forest Essentials,1,334,30,100.2,233.8,3
ITEM002885,ORD04521,PROD0087,Bath & Body,Dot & Key,1,222,15,33.3,188.7,
ITEM002886,ORD00074,PROD0074,Fragrance,NIVEA,1,752,15,112.8,639.2,2
ITEM002887,ORD00074,PROD0065,Haircare,Forest Essentials,1,334,0,0,334,5
ITEM002888,ORD04029,PROD0024,Skincare,MAC,1,900,30,270,630,5
ITEM002889,ORD04029,PROD0005,Skincare,Biotique,1,893,10,89.3,803.7,5
ITEM002890,ORD04029,PROD0102,Wellness,MAC,1,1278,15,191.7,1086.3,4
ITEM002891,ORD00217,PROD0033,Makeup,Mamaearth,1,2384,0,0,2384,
ITEM002892,ORD00217,PROD0029,Makeup,Biotique,2,1007,30,604.2,1409.8,
ITEM002893,ORD00217,PROD0068,Fragrance,Minimalist,2,1193,10,238.6,2147.4,
ITEM002894,ORD03168,PROD0046,Makeup,The Ordinary,1,532,0,0,532,
ITEM002895,ORD04393,PROD0097,Men's Grooming,Maybelline,1,369,10,36.9,332.1,5
ITEM002896,ORD04393,PROD0031,Makeup,WOW Skin Science,1,1892,30,567.6,1324.4,3
ITEM002897,ORD04393,PROD0046,Makeup,The Ordinary,3,532,30,478.8,1117.2,5
ITEM002898,ORD00859,PROD0049,Haircare,Forest Essentials,1,718,10,71.8,646.2,4
ITEM002899,ORD00859,PROD0072,Fragrance,The Ordinary,1,1765,10,176.5,1588.5,5
ITEM002900,ORD01835,PROD0101,Wellness,Mamaearth,1,930,30,279,651,
ITEM002901,ORD03842,PROD0087,Bath & Body,Dot & Key,1,222,5,11.1,210.9,5
ITEM002902,ORD03842,PROD0015,Skincare,Biotique,1,1295,0,0,1295,2
ITEM002903,ORD03842,PROD0108,Wellness,The Ordinary,1,945,30,283.5,661.5,4
ITEM002904,ORD02484,PROD0065,Haircare,Forest Essentials,1,334,15,50.1,283.9,3
ITEM002905,ORD02484,PROD0084,Bath & Body,Mamaearth,1,750,0,0,750,4
ITEM002906,ORD02833,PROD0064,Haircare,The Ordinary,1,642,5,32.1,609.9,3
ITEM002907,ORD02594,PROD0057,Haircare,The Ordinary,3,735,30,661.5,1543.5,5
ITEM002908,ORD02594,PROD0101,Wellness,Mamaearth,1,930,30,279,651,3
ITEM002909,ORD03431,PROD0076,Fragrance,Dot & Key,3,552,5,82.8,1573.2,4
ITEM002910,ORD03431,PROD0011,Skincare,Lakme,1,1528,30,458.4,1069.6,3
ITEM002911,ORD02711,PROD0026,Makeup,Biotique,1,267,10,26.7,240.3,
ITEM002912,ORD02711,PROD0108,Wellness,The Ordinary,1,945,30,283.5,661.5,
ITEM002913,ORD02388,PROD0099,Men's Grooming,Forest Essentials,2,554,5,55.4,1052.6,2
ITEM002914,ORD02388,PROD0036,Makeup,Dot & Key,1,988,10,98.8,889.2,5
ITEM002915,ORD02388,PROD0008,Skincare,Forest Essentials,3,317,0,0,951,4
ITEM002916,ORD03749,PROD0105,Wellness,Minimalist,1,1068,10,106.8,961.2,4
ITEM002917,ORD04400,PROD0089,Bath & Body,Biotique,2,384,10,76.8,691.2,
ITEM002918,ORD04714,PROD0033,Makeup,Mamaearth,2,2384,15,715.2,4052.8,5
ITEM002919,ORD04714,PROD0001,Skincare,Minimalist,1,1006,30,301.8,704.2,4
ITEM002920,ORD04714,PROD0055,Haircare,Minimalist,1,967,0,0,967,5
ITEM002921,ORD02392,PROD0015,Skincare,Biotique,1,1295,0,0,1295,5
ITEM002922,ORD02392,PROD0076,Fragrance,Dot & Key,2,552,0,0,1104,4
ITEM002923,ORD02392,PROD0060,Haircare,Plum,1,512,5,25.6,486.4,5
ITEM002924,ORD03516,PROD0070,Fragrance,NIVEA,2,2241,15,672.3,3809.7,2
ITEM002925,ORD03516,PROD0071,Fragrance,Maybelline,3,1416,15,637.2,3610.8,5
ITEM002926,ORD01851,PROD0065,Haircare,Forest Essentials,2,334,10,66.8,601.2,4
ITEM002927,ORD03491,PROD0023,Skincare,Biotique,1,1629,5,81.45,1547.55,
ITEM002928,ORD03835,PROD0007,Skincare,Biotique,1,995,10,99.5,895.5,
ITEM002929,ORD01064,PROD0027,Makeup,Mamaearth,1,1454,10,145.4,1308.6,5
ITEM002930,ORD01064,PROD0110,Wellness,Nykaa Cosmetics,2,1400,0,0,2800,2
ITEM002931,ORD04770,PROD0079,Bath & Body,L'Oreal Paris,1,653,30,195.9,457.1,5
ITEM002932,ORD03746,PROD0040,Makeup,NIVEA,1,681,15,102.15,578.85,5
ITEM002933,ORD00388,PROD0090,Men's Grooming,NIVEA,1,842,20,168.4,673.6,4
ITEM002934,ORD00388,PROD0110,Wellness,Nykaa Cosmetics,2,1400,20,560,2240,5
ITEM002935,ORD01970,PROD0007,Skincare,Biotique,1,995,5,49.75,945.25,4
ITEM002936,ORD01650,PROD0100,Men's Grooming,Minimalist,1,156,15,23.4,132.6,5
ITEM002937,ORD01650,PROD0050,Haircare,Nykaa Cosmetics,1,762,30,228.6,533.4,4
ITEM002938,ORD01650,PROD0083,Bath & Body,Minimalist,1,446,0,0,446,5
ITEM002939,ORD01650,PROD0021,Skincare,Biotique,2,869,20,347.6,1390.4,2
ITEM002940,ORD01605,PROD0089,Bath & Body,Biotique,1,384,0,0,384,
ITEM002941,ORD01605,PROD0057,Haircare,The Ordinary,3,735,15,330.75,1874.25,
ITEM002942,ORD01605,PROD0064,Haircare,The Ordinary,2,642,20,256.8,1027.2,
ITEM002943,ORD03738,PROD0020,Skincare,Maybelline,1,1237,0,0,1237,5
ITEM002944,ORD03738,PROD0078,Fragrance,Forest Essentials,1,1970,15,295.5,1674.5,4
ITEM002945,ORD00673,PROD0004,Skincare,Dot & Key,1,1072,0,0,1072,3
ITEM002946,ORD00673,PROD0026,Makeup,Biotique,1,267,30,80.1,186.9,5
ITEM002947,ORD03378,PROD0028,Makeup,L'Oreal Paris,2,844,20,337.6,1350.4,4
ITEM002948,ORD03503,PROD0110,Wellness,Nykaa Cosmetics,1,1400,15,210,1190,2
ITEM002949,ORD03503,PROD0044,Makeup,Nykaa Cosmetics,1,701,10,70.1,630.9,3
ITEM002950,ORD00961,PROD0019,Skincare,The Ordinary,1,1588,15,238.2,1349.8,1
ITEM002951,ORD04632,PROD0016,Skincare,The Ordinary,1,1150,15,172.5,977.5,
ITEM002952,ORD04632,PROD0041,Makeup,Mamaearth,2,1516,0,0,3032,
ITEM002953,ORD04632,PROD0045,Makeup,WOW Skin Science,3,1690,5,253.5,4816.5,
ITEM002954,ORD04632,PROD0060,Haircare,Plum,3,512,30,460.8,1075.2,
ITEM002955,ORD01121,PROD0001,Skincare,Minimalist,1,1006,5,50.3,955.7,
ITEM002956,ORD03758,PROD0082,Bath & Body,Sugar Cosmetics,1,621,0,0,621,3
ITEM002957,ORD01715,PROD0035,Makeup,Sugar Cosmetics,1,526,30,157.8,368.2,4
ITEM002958,ORD01715,PROD0078,Fragrance,Forest Essentials,1,1970,0,0,1970,5
ITEM002959,ORD02919,PROD0090,Men's Grooming,NIVEA,1,842,5,42.1,799.9,2
ITEM002960,ORD04936,PROD0053,Haircare,Forest Essentials,1,1102,20,220.4,881.6,
ITEM002961,ORD02493,PROD0040,Makeup,NIVEA,1,681,10,68.1,612.9,5
ITEM002962,ORD02493,PROD0056,Haircare,MAC,2,1009,30,605.4,1412.6,4
ITEM002963,ORD02566,PROD0010,Skincare,The Ordinary,1,893,15,133.95,759.05,3
ITEM002964,ORD02427,PROD0033,Makeup,Mamaearth,1,2384,15,357.6,2026.4,5
ITEM002965,ORD02427,PROD0019,Skincare,The Ordinary,1,1588,20,317.6,1270.4,5
ITEM002966,ORD02427,PROD0109,Wellness,L'Oreal Paris,1,625,30,187.5,437.5,5
ITEM002967,ORD02427,PROD0017,Skincare,WOW Skin Science,1,1699,0,0,1699,5
ITEM002968,ORD02302,PROD0003,Skincare,MAC,1,1606,5,80.3,1525.7,5
ITEM002969,ORD01513,PROD0011,Skincare,Lakme,1,1528,30,458.4,1069.6,5
ITEM002970,ORD01513,PROD0002,Skincare,Dot & Key,1,483,0,0,483,5
ITEM002971,ORD01513,PROD0015,Skincare,Biotique,1,1295,20,259,1036,4
ITEM002972,ORD01513,PROD0034,Makeup,WOW Skin Science,1,2004,30,601.2,1402.8,1
ITEM002973,ORD02175,PROD0088,Bath & Body,Sugar Cosmetics,1,669,15,100.35,568.65,
ITEM002974,ORD03338,PROD0035,Makeup,Sugar Cosmetics,1,526,5,26.3,499.7,4
ITEM002975,ORD02956,PROD0079,Bath & Body,L'Oreal Paris,1,653,20,130.6,522.4,
ITEM002976,ORD04695,PROD0031,Makeup,WOW Skin Science,1,1892,0,0,1892,5
ITEM002977,ORD02148,PROD0026,Makeup,Biotique,2,267,30,160.2,373.8,3
ITEM002978,ORD04711,PROD0089,Bath & Body,Biotique,3,384,10,115.2,1036.8,4
ITEM002979,ORD04711,PROD0075,Fragrance,Forest Essentials,1,1648,10,164.8,1483.2,5
ITEM002980,ORD04711,PROD0025,Skincare,Forest Essentials,1,639,5,31.95,607.05,5
ITEM002981,ORD04711,PROD0013,Skincare,Nykaa Cosmetics,1,716,0,0,716,5
ITEM002982,ORD02905,PROD0072,Fragrance,The Ordinary,1,1765,10,176.5,1588.5,2
ITEM002983,ORD02905,PROD0001,Skincare,Minimalist,1,1006,10,100.6,905.4,3
ITEM002984,ORD02905,PROD0100,Men's Grooming,Minimalist,1,156,15,23.4,132.6,5
ITEM002985,ORD02905,PROD0003,Skincare,MAC,2,1606,5,160.6,3051.4,4
ITEM002986,ORD00320,PROD0074,Fragrance,NIVEA,2,752,5,75.2,1428.8,4
ITEM002987,ORD02802,PROD0042,Makeup,Sugar Cosmetics,2,647,20,258.8,1035.2,5
ITEM002988,ORD02802,PROD0036,Makeup,Dot & Key,1,988,0,0,988,5
ITEM002989,ORD02802,PROD0035,Makeup,Sugar Cosmetics,1,526,0,0,526,4
ITEM002990,ORD02858,PROD0027,Makeup,Mamaearth,2,1454,15,436.2,2471.8,5
ITEM002991,ORD01921,PROD0094,Men's Grooming,MAC,1,243,10,24.3,218.7,5
ITEM002992,ORD01435,PROD0087,Bath & Body,Dot & Key,2,222,0,0,444,4
ITEM002993,ORD01435,PROD0077,Fragrance,Lakme,1,2406,30,721.8,1684.2,5
ITEM002994,ORD01678,PROD0112,Wellness,NIVEA,1,964,0,0,964,5
ITEM002995,ORD01373,PROD0105,Wellness,Minimalist,1,1068,30,320.4,747.6,4
ITEM002996,ORD01373,PROD0103,Wellness,Forest Essentials,2,1146,5,114.6,2177.4,5
ITEM002997,ORD02261,PROD0024,Skincare,MAC,1,900,20,180,720,
ITEM002998,ORD00561,PROD0051,Haircare,WOW Skin Science,1,847,15,127.05,719.95,4
ITEM002999,ORD00561,PROD0026,Makeup,Biotique,1,267,15,40.05,226.95,4
ITEM003000,ORD00690,PROD0089,Bath & Body,Biotique,2,384,10,76.8,691.2,
ITEM003001,ORD02162,PROD0055,Haircare,Minimalist,1,967,15,145.05,821.95,5
ITEM003002,ORD02162,PROD0104,Wellness,Nykaa Cosmetics,2,1259,0,0,2518,5
ITEM003003,ORD01766,PROD0025,Skincare,Forest Essentials,1,639,0,0,639,3
ITEM003004,ORD01766,PROD0059,Haircare,Minimalist,1,503,15,75.45,427.55,5
ITEM003005,ORD01766,PROD0024,Skincare,MAC,1,900,0,0,900,5
ITEM003006,ORD00694,PROD0063,Haircare,Mamaearth,1,1105,20,221,884,5
ITEM003007,ORD00694,PROD0058,Haircare,Mamaearth,1,841,30,252.3,588.7,3
ITEM003008,ORD03839,PROD0021,Skincare,Biotique,1,869,10,86.9,782.1,4
ITEM003009,ORD03839,PROD0017,Skincare,WOW Skin Science,1,1699,0,0,1699,3
ITEM003010,ORD03839,PROD0102,Wellness,MAC,1,1278,0,0,1278,3
ITEM003011,ORD02232,PROD0111,Wellness,Maybelline,1,489,20,97.8,391.2,5
ITEM003012,ORD02232,PROD0097,Men's Grooming,Maybelline,2,369,15,110.7,627.3,3
ITEM003013,ORD02232,PROD0076,Fragrance,Dot & Key,1,552,0,0,552,4
ITEM003014,ORD02232,PROD0016,Skincare,The Ordinary,1,1150,10,115,1035,5
ITEM003015,ORD01661,PROD0017,Skincare,WOW Skin Science,1,1699,10,169.9,1529.1,4
ITEM003016,ORD01945,PROD0066,Fragrance,Forest Essentials,1,2975,20,595,2380,3
ITEM003017,ORD01945,PROD0059,Haircare,Minimalist,3,503,30,452.7,1056.3,5
ITEM003018,ORD01945,PROD0089,Bath & Body,Biotique,1,384,20,76.8,307.2,3
ITEM003019,ORD03555,PROD0007,Skincare,Biotique,1,995,0,0,995,
ITEM003020,ORD03555,PROD0057,Haircare,The Ordinary,1,735,0,0,735,
ITEM003021,ORD02366,PROD0041,Makeup,Mamaearth,1,1516,30,454.8,1061.2,
ITEM003022,ORD03407,PROD0107,Wellness,Sugar Cosmetics,1,1156,5,57.8,1098.2,2
ITEM003023,ORD04788,PROD0006,Skincare,Nykaa Cosmetics,2,1639,15,491.7,2786.3,4
ITEM003024,ORD00073,PROD0008,Skincare,Forest Essentials,2,317,15,95.1,538.9,2
ITEM003025,ORD01244,PROD0040,Makeup,NIVEA,2,681,10,136.2,1225.8,5
ITEM003026,ORD01244,PROD0062,Haircare,WOW Skin Science,1,769,10,76.9,692.1,4
ITEM003027,ORD03741,PROD0053,Haircare,Forest Essentials,3,1102,0,0,3306,2
ITEM003028,ORD00337,PROD0071,Fragrance,Maybelline,1,1416,30,424.8,991.2,5
ITEM003029,ORD00337,PROD0069,Fragrance,Plum,1,1765,20,353,1412,5
ITEM003030,ORD00853,PROD0058,Haircare,Mamaearth,1,841,0,0,841,2
ITEM003031,ORD00853,PROD0003,Skincare,MAC,1,1606,0,0,1606,4
ITEM003032,ORD02357,PROD0052,Haircare,Nykaa Cosmetics,3,915,15,411.75,2333.25,
ITEM003033,ORD02357,PROD0085,Bath & Body,Sugar Cosmetics,3,329,30,296.1,690.9,
ITEM003034,ORD03929,PROD0011,Skincare,Lakme,1,1528,20,305.6,1222.4,3
ITEM003035,ORD03929,PROD0033,Makeup,Mamaearth,2,2384,0,0,4768,5
ITEM003036,ORD01532,PROD0067,Fragrance,Biotique,1,1488,0,0,1488,
ITEM003037,ORD00577,PROD0004,Skincare,Dot & Key,2,1072,15,321.6,1822.4,1
ITEM003038,ORD04563,PROD0065,Haircare,Forest Essentials,3,334,0,0,1002,5
ITEM003039,ORD04563,PROD0102,Wellness,MAC,1,1278,20,255.6,1022.4,2
ITEM003040,ORD04058,PROD0017,Skincare,WOW Skin Science,1,1699,10,169.9,1529.1,5
ITEM003041,ORD04058,PROD0099,Men's Grooming,Forest Essentials,1,554,10,55.4,498.6,4
ITEM003042,ORD04058,PROD0079,Bath & Body,L'Oreal Paris,1,653,10,65.3,587.7,5
ITEM003043,ORD04058,PROD0097,Men's Grooming,Maybelline,1,369,0,0,369,3
ITEM003044,ORD00940,PROD0105,Wellness,Minimalist,1,1068,0,0,1068,
ITEM003045,ORD00729,PROD0030,Makeup,Nykaa Cosmetics,1,946,15,141.9,804.1,5
ITEM003046,ORD00729,PROD0083,Bath & Body,Minimalist,2,446,20,178.4,713.6,4
ITEM003047,ORD01384,PROD0027,Makeup,Mamaearth,2,1454,15,436.2,2471.8,5
ITEM003048,ORD01384,PROD0101,Wellness,Mamaearth,1,930,0,0,930,4
ITEM003049,ORD01384,PROD0051,Haircare,WOW Skin Science,3,847,15,381.15,2159.85,5
ITEM003050,ORD01384,PROD0086,Bath & Body,Sugar Cosmetics,2,317,30,190.2,443.8,4
ITEM003051,ORD00517,PROD0066,Fragrance,Forest Essentials,3,2975,20,1785,7140,4
ITEM003052,ORD00207,PROD0042,Makeup,Sugar Cosmetics,2,647,0,0,1294,5
ITEM003053,ORD01130,PROD0083,Bath & Body,Minimalist,1,446,5,22.3,423.7,
ITEM003054,ORD01130,PROD0056,Haircare,MAC,1,1009,20,201.8,807.2,
ITEM003055,ORD01130,PROD0054,Haircare,Dot & Key,2,181,30,108.6,253.4,
ITEM003056,ORD01130,PROD0006,Skincare,Nykaa Cosmetics,1,1639,20,327.8,1311.2,
ITEM003057,ORD01915,PROD0033,Makeup,Mamaearth,2,2384,10,476.8,4291.2,
ITEM003058,ORD01915,PROD0025,Skincare,Forest Essentials,1,639,5,31.95,607.05,
ITEM003059,ORD01915,PROD0019,Skincare,The Ordinary,1,1588,10,158.8,1429.2,
ITEM003060,ORD01794,PROD0080,Bath & Body,Lakme,1,152,15,22.8,129.2,4
ITEM003061,ORD01794,PROD0075,Fragrance,Forest Essentials,1,1648,5,82.4,1565.6,5
ITEM003062,ORD01794,PROD0006,Skincare,Nykaa Cosmetics,3,1639,5,245.85,4671.15,5
ITEM003063,ORD01794,PROD0034,Makeup,WOW Skin Science,1,2004,0,0,2004,4
ITEM003064,ORD00655,PROD0015,Skincare,Biotique,1,1295,30,388.5,906.5,4
ITEM003065,ORD00655,PROD0104,Wellness,Nykaa Cosmetics,1,1259,5,62.95,1196.05,1
ITEM003066,ORD04076,PROD0087,Bath & Body,Dot & Key,1,222,15,33.3,188.7,4
ITEM003067,ORD03106,PROD0044,Makeup,Nykaa Cosmetics,2,701,30,420.6,981.4,
ITEM003068,ORD03106,PROD0038,Makeup,The Ordinary,1,477,0,0,477,
ITEM003069,ORD04295,PROD0049,Haircare,Forest Essentials,1,718,30,215.4,502.6,5
ITEM003070,ORD04295,PROD0075,Fragrance,Forest Essentials,1,1648,0,0,1648,5
ITEM003071,ORD03630,PROD0047,Haircare,Biotique,1,665,30,199.5,465.5,4
ITEM003072,ORD00321,PROD0030,Makeup,Nykaa Cosmetics,1,946,15,141.9,804.1,4
ITEM003073,ORD00321,PROD0023,Skincare,Biotique,2,1629,30,977.4,2280.6,5
ITEM003074,ORD00321,PROD0027,Makeup,Mamaearth,1,1454,0,0,1454,5
ITEM003075,ORD00321,PROD0103,Wellness,Forest Essentials,1,1146,20,229.2,916.8,4
ITEM003076,ORD01639,PROD0103,Wellness,Forest Essentials,2,1146,0,0,2292,
ITEM003077,ORD00450,PROD0005,Skincare,Biotique,1,893,15,133.95,759.05,5
ITEM003078,ORD00450,PROD0107,Wellness,Sugar Cosmetics,2,1156,0,0,2312,4
ITEM003079,ORD02959,PROD0034,Makeup,WOW Skin Science,1,2004,0,0,2004,4
ITEM003080,ORD02959,PROD0059,Haircare,Minimalist,1,503,30,150.9,352.1,3
ITEM003081,ORD00593,PROD0023,Skincare,Biotique,1,1629,30,488.7,1140.3,
ITEM003082,ORD00593,PROD0048,Haircare,Maybelline,1,775,15,116.25,658.75,
ITEM003083,ORD00593,PROD0029,Makeup,Biotique,1,1007,10,100.7,906.3,
ITEM003084,ORD00563,PROD0010,Skincare,The Ordinary,2,893,20,357.2,1428.8,
ITEM003085,ORD02130,PROD0061,Haircare,L'Oreal Paris,1,466,0,0,466,
ITEM003086,ORD01712,PROD0029,Makeup,Biotique,1,1007,10,100.7,906.3,
ITEM003087,ORD01712,PROD0060,Haircare,Plum,1,512,5,25.6,486.4,
ITEM003088,ORD01712,PROD0090,Men's Grooming,NIVEA,2,842,0,0,1684,
ITEM003089,ORD03007,PROD0009,Skincare,NIVEA,1,720,20,144,576,1
ITEM003090,ORD00619,PROD0095,Men's Grooming,The Ordinary,2,269,20,107.6,430.4,5
ITEM003091,ORD00619,PROD0032,Makeup,Maybelline,1,2207,10,220.7,1986.3,4
ITEM003092,ORD04907,PROD0081,Bath & Body,L'Oreal Paris,2,767,30,460.2,1073.8,3
ITEM003093,ORD00276,PROD0103,Wellness,Forest Essentials,3,1146,20,687.6,2750.4,5
ITEM003094,ORD04586,PROD0059,Haircare,Minimalist,3,503,20,301.8,1207.2,5
ITEM003095,ORD04586,PROD0045,Makeup,WOW Skin Science,2,1690,10,338,3042,5
ITEM003096,ORD04586,PROD0039,Makeup,Nykaa Cosmetics,1,864,0,0,864,4
ITEM003097,ORD01942,PROD0080,Bath & Body,Lakme,2,152,0,0,304,4
ITEM003098,ORD04566,PROD0066,Fragrance,Forest Essentials,2,2975,5,297.5,5652.5,5
ITEM003099,ORD04566,PROD0092,Men's Grooming,Lakme,1,463,0,0,463,4
ITEM003100,ORD04717,PROD0094,Men's Grooming,MAC,1,243,30,72.9,170.1,5
ITEM003101,ORD04717,PROD0112,Wellness,NIVEA,1,964,20,192.8,771.2,5
ITEM003102,ORD03617,PROD0015,Skincare,Biotique,1,1295,0,0,1295,4
ITEM003103,ORD01077,PROD0080,Bath & Body,Lakme,1,152,15,22.8,129.2,3
ITEM003104,ORD01077,PROD0023,Skincare,Biotique,2,1629,15,488.7,2769.3,1
ITEM003105,ORD01077,PROD0036,Makeup,Dot & Key,1,988,0,0,988,5
ITEM003106,ORD01077,PROD0111,Wellness,Maybelline,1,489,0,0,489,4
ITEM003107,ORD01735,PROD0085,Bath & Body,Sugar Cosmetics,2,329,15,98.7,559.3,4
ITEM003108,ORD00670,PROD0012,Skincare,Minimalist,1,428,0,0,428,
ITEM003109,ORD01162,PROD0089,Bath & Body,Biotique,1,384,10,38.4,345.6,
ITEM003110,ORD04593,PROD0053,Haircare,Forest Essentials,1,1102,30,330.6,771.4,
ITEM003111,ORD04593,PROD0042,Makeup,Sugar Cosmetics,1,647,15,97.05,549.95,
ITEM003112,ORD01140,PROD0036,Makeup,Dot & Key,1,988,5,49.4,938.6,
ITEM003113,ORD03947,PROD0051,Haircare,WOW Skin Science,1,847,15,127.05,719.95,4
ITEM003114,ORD03947,PROD0047,Haircare,Biotique,1,665,0,0,665,5
ITEM003115,ORD03947,PROD0072,Fragrance,The Ordinary,1,1765,10,176.5,1588.5,5
ITEM003116,ORD00735,PROD0082,Bath & Body,Sugar Cosmetics,1,621,5,31.05,589.95,4
ITEM003117,ORD00735,PROD0112,Wellness,NIVEA,2,964,0,0,1928,5
ITEM003118,ORD00735,PROD0068,Fragrance,Minimalist,1,1193,15,178.95,1014.05,3
ITEM003119,ORD02435,PROD0107,Wellness,Sugar Cosmetics,2,1156,5,115.6,2196.4,5
ITEM003120,ORD02435,PROD0061,Haircare,L'Oreal Paris,1,466,10,46.6,419.4,5
ITEM003121,ORD03464,PROD0103,Wellness,Forest Essentials,1,1146,15,171.9,974.1,4
ITEM003122,ORD03464,PROD0034,Makeup,WOW Skin Science,1,2004,5,100.2,1903.8,3
ITEM003123,ORD04804,PROD0112,Wellness,NIVEA,1,964,10,96.4,867.6,3
ITEM003124,ORD04804,PROD0046,Makeup,The Ordinary,1,532,20,106.4,425.6,5
ITEM003125,ORD00701,PROD0069,Fragrance,Plum,1,1765,20,353,1412,5
ITEM003126,ORD01613,PROD0013,Skincare,Nykaa Cosmetics,2,716,10,143.2,1288.8,5
ITEM003127,ORD01613,PROD0056,Haircare,MAC,1,1009,0,0,1009,4
ITEM003128,ORD04487,PROD0048,Haircare,Maybelline,1,775,20,155,620,4
ITEM003129,ORD00842,PROD0086,Bath & Body,Sugar Cosmetics,1,317,10,31.7,285.3,
ITEM003130,ORD03182,PROD0079,Bath & Body,L'Oreal Paris,1,653,30,195.9,457.1,5
ITEM003131,ORD03182,PROD0027,Makeup,Mamaearth,1,1454,0,0,1454,4
ITEM003132,ORD04109,PROD0056,Haircare,MAC,1,1009,20,201.8,807.2,5
ITEM003133,ORD04109,PROD0057,Haircare,The Ordinary,1,735,20,147,588,5
ITEM003134,ORD04883,PROD0075,Fragrance,Forest Essentials,2,1648,0,0,3296,3
ITEM003135,ORD00571,PROD0032,Makeup,Maybelline,1,2207,30,662.1,1544.9,
ITEM003136,ORD01412,PROD0055,Haircare,Minimalist,1,967,0,0,967,5
ITEM003137,ORD03854,PROD0105,Wellness,Minimalist,1,1068,30,320.4,747.6,4
ITEM003138,ORD03854,PROD0046,Makeup,The Ordinary,1,532,30,159.6,372.4,5
ITEM003139,ORD03854,PROD0102,Wellness,MAC,1,1278,30,383.4,894.6,5
ITEM003140,ORD03532,PROD0023,Skincare,Biotique,2,1629,0,0,3258,2
ITEM003141,ORD01584,PROD0007,Skincare,Biotique,1,995,5,49.75,945.25,4
ITEM003142,ORD01584,PROD0008,Skincare,Forest Essentials,1,317,5,15.85,301.15,4
ITEM003143,ORD01584,PROD0033,Makeup,Mamaearth,1,2384,0,0,2384,5
ITEM003144,ORD01584,PROD0067,Fragrance,Biotique,1,1488,15,223.2,1264.8,3
ITEM003145,ORD01477,PROD0101,Wellness,Mamaearth,2,930,15,279,1581,4
ITEM003146,ORD01477,PROD0034,Makeup,WOW Skin Science,2,2004,5,200.4,3807.6,3
ITEM003147,ORD00363,PROD0093,Men's Grooming,Nykaa Cosmetics,1,245,5,12.25,232.75,5
ITEM003148,ORD03827,PROD0031,Makeup,WOW Skin Science,1,1892,0,0,1892,5
ITEM003149,ORD03827,PROD0015,Skincare,Biotique,1,1295,30,388.5,906.5,4
ITEM003150,ORD03770,PROD0085,Bath & Body,Sugar Cosmetics,1,329,15,49.35,279.65,5
ITEM003151,ORD00306,PROD0003,Skincare,MAC,3,1606,0,0,4818,5
ITEM003152,ORD00306,PROD0073,Fragrance,Biotique,2,2226,0,0,4452,4
ITEM003153,ORD00306,PROD0021,Skincare,Biotique,1,869,10,86.9,782.1,5
ITEM003154,ORD00306,PROD0016,Skincare,The Ordinary,1,1150,0,0,1150,2
ITEM003155,ORD02781,PROD0010,Skincare,The Ordinary,1,893,0,0,893,2
ITEM003156,ORD00193,PROD0097,Men's Grooming,Maybelline,2,369,10,73.8,664.2,5
ITEM003157,ORD03078,PROD0033,Makeup,Mamaearth,1,2384,10,238.4,2145.6,5
ITEM003158,ORD02263,PROD0078,Fragrance,Forest Essentials,1,1970,10,197,1773,5
ITEM003159,ORD02263,PROD0079,Bath & Body,L'Oreal Paris,1,653,20,130.6,522.4,5
ITEM003160,ORD02263,PROD0034,Makeup,WOW Skin Science,1,2004,5,100.2,1903.8,1
ITEM003161,ORD02263,PROD0035,Makeup,Sugar Cosmetics,1,526,15,78.9,447.1,5
ITEM003162,ORD00035,PROD0095,Men's Grooming,The Ordinary,2,269,30,161.4,376.6,5
ITEM003163,ORD00035,PROD0082,Bath & Body,Sugar Cosmetics,1,621,5,31.05,589.95,3
ITEM003164,ORD02714,PROD0036,Makeup,Dot & Key,1,988,10,98.8,889.2,4
ITEM003165,ORD02714,PROD0073,Fragrance,Biotique,1,2226,0,0,2226,5
ITEM003166,ORD02714,PROD0083,Bath & Body,Minimalist,2,446,10,89.2,802.8,5
ITEM003167,ORD03646,PROD0032,Makeup,Maybelline,1,2207,5,110.35,2096.65,5
ITEM003168,ORD03646,PROD0034,Makeup,WOW Skin Science,1,2004,0,0,2004,5
ITEM003169,ORD03646,PROD0048,Haircare,Maybelline,1,775,30,232.5,542.5,4
ITEM003170,ORD04747,PROD0087,Bath & Body,Dot & Key,1,222,10,22.2,199.8,4
ITEM003171,ORD03631,PROD0084,Bath & Body,Mamaearth,1,750,10,75,675,3
ITEM003172,ORD04376,PROD0006,Skincare,Nykaa Cosmetics,1,1639,0,0,1639,5
ITEM003173,ORD02871,PROD0030,Makeup,Nykaa Cosmetics,1,946,5,47.3,898.7,3
ITEM003174,ORD02871,PROD0069,Fragrance,Plum,1,1765,30,529.5,1235.5,1
ITEM003175,ORD02871,PROD0029,Makeup,Biotique,2,1007,0,0,2014,4
ITEM003176,ORD04243,PROD0001,Skincare,Minimalist,1,1006,5,50.3,955.7,3
ITEM003177,ORD04243,PROD0015,Skincare,Biotique,2,1295,0,0,2590,5
ITEM003178,ORD02921,PROD0040,Makeup,NIVEA,2,681,5,68.1,1293.9,4
ITEM003179,ORD00422,PROD0004,Skincare,Dot & Key,1,1072,10,107.2,964.8,3
ITEM003180,ORD00422,PROD0111,Wellness,Maybelline,1,489,0,0,489,4
ITEM003181,ORD02329,PROD0047,Haircare,Biotique,1,665,0,0,665,2
ITEM003182,ORD02405,PROD0052,Haircare,Nykaa Cosmetics,1,915,15,137.25,777.75,4
ITEM003183,ORD02405,PROD0013,Skincare,Nykaa Cosmetics,3,716,0,0,2148,4
ITEM003184,ORD02405,PROD0039,Makeup,Nykaa Cosmetics,1,864,0,0,864,3
ITEM003185,ORD04868,PROD0046,Makeup,The Ordinary,2,532,0,0,1064,5
ITEM003186,ORD04868,PROD0050,Haircare,Nykaa Cosmetics,2,762,20,304.8,1219.2,4
ITEM003187,ORD04868,PROD0042,Makeup,Sugar Cosmetics,1,647,0,0,647,5
ITEM003188,ORD02409,PROD0103,Wellness,Forest Essentials,1,1146,10,114.6,1031.4,4
ITEM003189,ORD02409,PROD0008,Skincare,Forest Essentials,1,317,20,63.4,253.6,5
ITEM003190,ORD02409,PROD0066,Fragrance,Forest Essentials,2,2975,10,595,5355,4
ITEM003191,ORD02409,PROD0044,Makeup,Nykaa Cosmetics,1,701,0,0,701,4
ITEM003192,ORD00565,PROD0104,Wellness,Nykaa Cosmetics,1,1259,0,0,1259,
ITEM003193,ORD00565,PROD0093,Men's Grooming,Nykaa Cosmetics,1,245,0,0,245,
ITEM003194,ORD00918,PROD0017,Skincare,WOW Skin Science,2,1699,15,509.7,2888.3,5
ITEM003195,ORD00918,PROD0016,Skincare,The Ordinary,2,1150,5,115,2185,2
ITEM003196,ORD00918,PROD0053,Haircare,Forest Essentials,1,1102,0,0,1102,3
ITEM003197,ORD00918,PROD0084,Bath & Body,Mamaearth,1,750,30,225,525,2
ITEM003198,ORD00976,PROD0085,Bath & Body,Sugar Cosmetics,3,329,20,197.4,789.6,5
ITEM003199,ORD01934,PROD0031,Makeup,WOW Skin Science,2,1892,15,567.6,3216.4,5
ITEM003200,ORD03257,PROD0103,Wellness,Forest Essentials,2,1146,20,458.4,1833.6,4
ITEM003201,ORD03257,PROD0043,Makeup,WOW Skin Science,1,1330,0,0,1330,5
ITEM003202,ORD00692,PROD0001,Skincare,Minimalist,1,1006,10,100.6,905.4,
ITEM003203,ORD00692,PROD0100,Men's Grooming,Minimalist,1,156,20,31.2,124.8,
ITEM003204,ORD00116,PROD0013,Skincare,Nykaa Cosmetics,1,716,20,143.2,572.8,2
ITEM003205,ORD00116,PROD0006,Skincare,Nykaa Cosmetics,1,1639,0,0,1639,4
ITEM003206,ORD00116,PROD0070,Fragrance,NIVEA,1,2241,10,224.1,2016.9,3
ITEM003207,ORD04472,PROD0071,Fragrance,Maybelline,2,1416,15,424.8,2407.2,4
ITEM003208,ORD02467,PROD0099,Men's Grooming,Forest Essentials,1,554,5,27.7,526.3,4
ITEM003209,ORD01031,PROD0102,Wellness,MAC,1,1278,10,127.8,1150.2,
ITEM003210,ORD01031,PROD0081,Bath & Body,L'Oreal Paris,1,767,5,38.35,728.65,
ITEM003211,ORD01031,PROD0001,Skincare,Minimalist,1,1006,15,150.9,855.1,
ITEM003212,ORD02217,PROD0064,Haircare,The Ordinary,1,642,10,64.2,577.8,3
ITEM003213,ORD02217,PROD0034,Makeup,WOW Skin Science,1,2004,5,100.2,1903.8,2
ITEM003214,ORD04913,PROD0071,Fragrance,Maybelline,1,1416,30,424.8,991.2,3
ITEM003215,ORD04913,PROD0064,Haircare,The Ordinary,1,642,10,64.2,577.8,5
ITEM003216,ORD04913,PROD0025,Skincare,Forest Essentials,2,639,30,383.4,894.6,4
ITEM003217,ORD00899,PROD0035,Makeup,Sugar Cosmetics,1,526,0,0,526,5
ITEM003218,ORD00899,PROD0101,Wellness,Mamaearth,1,930,0,0,930,4
ITEM003219,ORD00899,PROD0046,Makeup,The Ordinary,1,532,0,0,532,5
ITEM003220,ORD03404,PROD0033,Makeup,Mamaearth,1,2384,5,119.2,2264.8,
ITEM003221,ORD03404,PROD0001,Skincare,Minimalist,1,1006,15,150.9,855.1,
ITEM003222,ORD03404,PROD0040,Makeup,NIVEA,1,681,20,136.2,544.8,
ITEM003223,ORD03404,PROD0102,Wellness,MAC,1,1278,20,255.6,1022.4,
ITEM003224,ORD04001,PROD0025,Skincare,Forest Essentials,2,639,0,0,1278,3
ITEM003225,ORD04001,PROD0051,Haircare,WOW Skin Science,3,847,0,0,2541,3
ITEM003226,ORD04001,PROD0045,Makeup,WOW Skin Science,1,1690,5,84.5,1605.5,5
ITEM003227,ORD04803,PROD0062,Haircare,WOW Skin Science,1,769,10,76.9,692.1,2
ITEM003228,ORD00776,PROD0110,Wellness,Nykaa Cosmetics,1,1400,0,0,1400,
ITEM003229,ORD03660,PROD0058,Haircare,Mamaearth,1,841,10,84.1,756.9,5
ITEM003230,ORD03812,PROD0018,Skincare,Dot & Key,2,1081,5,108.1,2053.9,4
ITEM003231,ORD03812,PROD0103,Wellness,Forest Essentials,1,1146,10,114.6,1031.4,4
ITEM003232,ORD00965,PROD0044,Makeup,Nykaa Cosmetics,1,701,0,0,701,5
ITEM003233,ORD00414,PROD0039,Makeup,Nykaa Cosmetics,1,864,5,43.2,820.8,
ITEM003234,ORD00414,PROD0002,Skincare,Dot & Key,1,483,30,144.9,338.1,
ITEM003235,ORD00414,PROD0028,Makeup,L'Oreal Paris,1,844,30,253.2,590.8,
ITEM003236,ORD02937,PROD0100,Men's Grooming,Minimalist,1,156,5,7.8,148.2,
ITEM003237,ORD02937,PROD0088,Bath & Body,Sugar Cosmetics,1,669,0,0,669,
ITEM003238,ORD02937,PROD0011,Skincare,Lakme,2,1528,10,305.6,2750.4,
ITEM003239,ORD01150,PROD0071,Fragrance,Maybelline,2,1416,5,141.6,2690.4,
ITEM003240,ORD01150,PROD0087,Bath & Body,Dot & Key,1,222,10,22.2,199.8,
ITEM003241,ORD01150,PROD0103,Wellness,Forest Essentials,1,1146,30,343.8,802.2,
ITEM003242,ORD01150,PROD0082,Bath & Body,Sugar Cosmetics,1,621,30,186.3,434.7,
ITEM003243,ORD00506,PROD0095,Men's Grooming,The Ordinary,1,269,10,26.9,242.1,5
ITEM003244,ORD03089,PROD0068,Fragrance,Minimalist,1,1193,0,0,1193,3
ITEM003245,ORD03089,PROD0094,Men's Grooming,MAC,1,243,0,0,243,5
ITEM003246,ORD04909,PROD0016,Skincare,The Ordinary,1,1150,0,0,1150,5
ITEM003247,ORD04909,PROD0073,Fragrance,Biotique,1,2226,20,445.2,1780.8,5
ITEM003248,ORD04909,PROD0077,Fragrance,Lakme,1,2406,10,240.6,2165.4,4
ITEM003249,ORD04909,PROD0102,Wellness,MAC,2,1278,0,0,2556,5
ITEM003250,ORD03736,PROD0053,Haircare,Forest Essentials,1,1102,10,110.2,991.8,2
ITEM003251,ORD03736,PROD0064,Haircare,The Ordinary,1,642,15,96.3,545.7,5
ITEM003252,ORD02378,PROD0102,Wellness,MAC,1,1278,30,383.4,894.6,
ITEM003253,ORD02378,PROD0105,Wellness,Minimalist,1,1068,30,320.4,747.6,
ITEM003254,ORD02378,PROD0016,Skincare,The Ordinary,1,1150,5,57.5,1092.5,
ITEM003255,ORD02703,PROD0095,Men's Grooming,The Ordinary,2,269,0,0,538,5
ITEM003256,ORD01316,PROD0062,Haircare,WOW Skin Science,1,769,20,153.8,615.2,5
ITEM003257,ORD01316,PROD0019,Skincare,The Ordinary,1,1588,20,317.6,1270.4,3
ITEM003258,ORD01316,PROD0046,Makeup,The Ordinary,2,532,10,106.4,957.6,5
ITEM003259,ORD04022,PROD0023,Skincare,Biotique,2,1629,0,0,3258,4
ITEM003260,ORD04022,PROD0010,Skincare,The Ordinary,1,893,0,0,893,5
ITEM003261,ORD01158,PROD0109,Wellness,L'Oreal Paris,1,625,20,125,500,5
ITEM003262,ORD03096,PROD0088,Bath & Body,Sugar Cosmetics,3,669,10,200.7,1806.3,4
ITEM003263,ORD03540,PROD0032,Makeup,Maybelline,1,2207,5,110.35,2096.65,5
ITEM003264,ORD03540,PROD0079,Bath & Body,L'Oreal Paris,2,653,0,0,1306,1
ITEM003265,ORD03540,PROD0097,Men's Grooming,Maybelline,1,369,15,55.35,313.65,3
ITEM003266,ORD03240,PROD0048,Haircare,Maybelline,1,775,15,116.25,658.75,5
ITEM003267,ORD03113,PROD0018,Skincare,Dot & Key,1,1081,0,0,1081,4
ITEM003268,ORD03113,PROD0014,Skincare,Sugar Cosmetics,1,1200,0,0,1200,4
ITEM003269,ORD03113,PROD0112,Wellness,NIVEA,1,964,5,48.2,915.8,4
ITEM003270,ORD03018,PROD0080,Bath & Body,Lakme,1,152,15,22.8,129.2,
ITEM003271,ORD00538,PROD0063,Haircare,Mamaearth,3,1105,15,497.25,2817.75,5
ITEM003272,ORD01504,PROD0009,Skincare,NIVEA,1,720,0,0,720,4
ITEM003273,ORD01504,PROD0074,Fragrance,NIVEA,2,752,30,451.2,1052.8,5
ITEM003274,ORD00446,PROD0029,Makeup,Biotique,1,1007,10,100.7,906.3,2
ITEM003275,ORD00446,PROD0077,Fragrance,Lakme,1,2406,15,360.9,2045.1,5
ITEM003276,ORD00446,PROD0065,Haircare,Forest Essentials,1,334,20,66.8,267.2,4
ITEM003277,ORD02003,PROD0059,Haircare,Minimalist,1,503,30,150.9,352.1,3
ITEM003278,ORD02003,PROD0087,Bath & Body,Dot & Key,3,222,15,99.9,566.1,1
ITEM003279,ORD03668,PROD0011,Skincare,Lakme,1,1528,0,0,1528,5
ITEM003280,ORD03668,PROD0106,Wellness,Forest Essentials,2,762,15,228.6,1295.4,3
ITEM003281,ORD04874,PROD0028,Makeup,L'Oreal Paris,3,844,20,506.4,2025.6,4
ITEM003282,ORD04874,PROD0086,Bath & Body,Sugar Cosmetics,1,317,0,0,317,5
ITEM003283,ORD04874,PROD0105,Wellness,Minimalist,2,1068,30,640.8,1495.2,5
ITEM003284,ORD00497,PROD0012,Skincare,Minimalist,1,428,5,21.4,406.6,5
ITEM003285,ORD02092,PROD0099,Men's Grooming,Forest Essentials,2,554,20,221.6,886.4,
ITEM003286,ORD01508,PROD0061,Haircare,L'Oreal Paris,1,466,15,69.9,396.1,5
ITEM003287,ORD01508,PROD0020,Skincare,Maybelline,2,1237,20,494.8,1979.2,5
ITEM003288,ORD02812,PROD0078,Fragrance,Forest Essentials,1,1970,10,197,1773,
ITEM003289,ORD02812,PROD0021,Skincare,Biotique,2,869,0,0,1738,
ITEM003290,ORD04814,PROD0048,Haircare,Maybelline,3,775,20,465,1860,3
ITEM003291,ORD04814,PROD0032,Makeup,Maybelline,1,2207,0,0,2207,5
ITEM003292,ORD01018,PROD0051,Haircare,WOW Skin Science,1,847,5,42.35,804.65,
ITEM003293,ORD04311,PROD0027,Makeup,Mamaearth,1,1454,30,436.2,1017.8,5
ITEM003294,ORD04311,PROD0092,Men's Grooming,Lakme,1,463,0,0,463,5
ITEM003295,ORD02685,PROD0073,Fragrance,Biotique,1,2226,5,111.3,2114.7,2
ITEM003296,ORD02685,PROD0052,Haircare,Nykaa Cosmetics,3,915,15,411.75,2333.25,4
ITEM003297,ORD02691,PROD0017,Skincare,WOW Skin Science,2,1699,5,169.9,3228.1,5
ITEM003298,ORD02568,PROD0063,Haircare,Mamaearth,2,1105,20,442,1768,5
ITEM003299,ORD04850,PROD0010,Skincare,The Ordinary,1,893,15,133.95,759.05,5
ITEM003300,ORD00077,PROD0050,Haircare,Nykaa Cosmetics,1,762,10,76.2,685.8,2
ITEM003301,ORD00077,PROD0023,Skincare,Biotique,2,1629,15,488.7,2769.3,5
ITEM003302,ORD00077,PROD0042,Makeup,Sugar Cosmetics,1,647,0,0,647,5
ITEM003303,ORD00200,PROD0014,Skincare,Sugar Cosmetics,1,1200,0,0,1200,
ITEM003304,ORD00200,PROD0015,Skincare,Biotique,1,1295,0,0,1295,
ITEM003305,ORD00876,PROD0057,Haircare,The Ordinary,2,735,5,73.5,1396.5,4
ITEM003306,ORD00876,PROD0105,Wellness,Minimalist,1,1068,15,160.2,907.8,4
ITEM003307,ORD00876,PROD0047,Haircare,Biotique,1,665,0,0,665,4
ITEM003308,ORD00876,PROD0101,Wellness,Mamaearth,1,930,30,279,651,4
ITEM003309,ORD02062,PROD0042,Makeup,Sugar Cosmetics,1,647,20,129.4,517.6,5
ITEM003310,ORD04530,PROD0101,Wellness,Mamaearth,1,930,5,46.5,883.5,3
ITEM003311,ORD04530,PROD0049,Haircare,Forest Essentials,1,718,5,35.9,682.1,5
ITEM003312,ORD04530,PROD0019,Skincare,The Ordinary,2,1588,10,317.6,2858.4,3
ITEM003313,ORD04983,PROD0038,Makeup,The Ordinary,2,477,0,0,954,4
ITEM003314,ORD03689,PROD0015,Skincare,Biotique,1,1295,20,259,1036,4
ITEM003315,ORD01035,PROD0079,Bath & Body,L'Oreal Paris,1,653,30,195.9,457.1,4
ITEM003316,ORD01035,PROD0112,Wellness,NIVEA,2,964,20,385.6,1542.4,4
ITEM003317,ORD01035,PROD0049,Haircare,Forest Essentials,1,718,0,0,718,5
ITEM003318,ORD01035,PROD0007,Skincare,Biotique,1,995,15,149.25,845.75,4
ITEM003319,ORD00133,PROD0059,Haircare,Minimalist,1,503,15,75.45,427.55,
ITEM003320,ORD02585,PROD0078,Fragrance,Forest Essentials,1,1970,0,0,1970,5
ITEM003321,ORD02585,PROD0057,Haircare,The Ordinary,2,735,10,147,1323,3
ITEM003322,ORD02585,PROD0067,Fragrance,Biotique,1,1488,20,297.6,1190.4,5
ITEM003323,ORD03663,PROD0037,Makeup,Mamaearth,2,209,15,62.7,355.3,5
ITEM003324,ORD03663,PROD0036,Makeup,Dot & Key,1,988,5,49.4,938.6,3
ITEM003325,ORD01991,PROD0021,Skincare,Biotique,1,869,0,0,869,5
ITEM003326,ORD01991,PROD0095,Men's Grooming,The Ordinary,1,269,10,26.9,242.1,4
ITEM003327,ORD01991,PROD0027,Makeup,Mamaearth,1,1454,0,0,1454,4
ITEM003328,ORD01991,PROD0086,Bath & Body,Sugar Cosmetics,3,317,10,95.1,855.9,3
ITEM003329,ORD03136,PROD0056,Haircare,MAC,1,1009,15,151.35,857.65,
ITEM003330,ORD03524,PROD0093,Men's Grooming,Nykaa Cosmetics,1,245,30,73.5,171.5,5
ITEM003331,ORD03524,PROD0112,Wellness,NIVEA,1,964,20,192.8,771.2,3
ITEM003332,ORD00262,PROD0089,Bath & Body,Biotique,1,384,20,76.8,307.2,3
ITEM003333,ORD00262,PROD0024,Skincare,MAC,2,900,20,360,1440,4
ITEM003334,ORD03347,PROD0003,Skincare,MAC,1,1606,15,240.9,1365.1,2
ITEM003335,ORD01274,PROD0094,Men's Grooming,MAC,1,243,5,12.15,230.85,5
ITEM003336,ORD00554,PROD0009,Skincare,NIVEA,2,720,0,0,1440,5
ITEM003337,ORD00554,PROD0088,Bath & Body,Sugar Cosmetics,3,669,5,100.35,1906.65,1
ITEM003338,ORD01447,PROD0036,Makeup,Dot & Key,2,988,0,0,1976,4
ITEM003339,ORD02110,PROD0042,Makeup,Sugar Cosmetics,1,647,0,0,647,5
ITEM003340,ORD03369,PROD0035,Makeup,Sugar Cosmetics,3,526,0,0,1578,5
ITEM003341,ORD03369,PROD0102,Wellness,MAC,1,1278,0,0,1278,5
ITEM003342,ORD04853,PROD0031,Makeup,WOW Skin Science,1,1892,0,0,1892,
ITEM003343,ORD04853,PROD0019,Skincare,The Ordinary,3,1588,0,0,4764,
ITEM003344,ORD02880,PROD0025,Skincare,Forest Essentials,2,639,15,191.7,1086.3,3
ITEM003345,ORD02880,PROD0091,Men's Grooming,WOW Skin Science,1,530,0,0,530,3
ITEM003346,ORD03910,PROD0071,Fragrance,Maybelline,1,1416,15,212.4,1203.6,3
ITEM003347,ORD03910,PROD0100,Men's Grooming,Minimalist,1,156,15,23.4,132.6,4
ITEM003348,ORD03910,PROD0093,Men's Grooming,Nykaa Cosmetics,2,245,0,0,490,4
ITEM003349,ORD04386,PROD0041,Makeup,Mamaearth,2,1516,20,606.4,2425.6,4
ITEM003350,ORD04386,PROD0010,Skincare,The Ordinary,2,893,0,0,1786,5
ITEM003351,ORD04386,PROD0004,Skincare,Dot & Key,1,1072,15,160.8,911.2,5
ITEM003352,ORD00417,PROD0028,Makeup,L'Oreal Paris,1,844,15,126.6,717.4,5
ITEM003353,ORD03150,PROD0045,Makeup,WOW Skin Science,3,1690,5,253.5,4816.5,5
ITEM003354,ORD03150,PROD0054,Haircare,Dot & Key,2,181,0,0,362,4
ITEM003355,ORD03150,PROD0105,Wellness,Minimalist,1,1068,15,160.2,907.8,4
ITEM003356,ORD03150,PROD0058,Haircare,Mamaearth,1,841,15,126.15,714.85,5
ITEM003357,ORD01437,PROD0100,Men's Grooming,Minimalist,1,156,20,31.2,124.8,4
ITEM003358,ORD01437,PROD0038,Makeup,The Ordinary,1,477,30,143.1,333.9,5
ITEM003359,ORD01940,PROD0073,Fragrance,Biotique,1,2226,0,0,2226,5
ITEM003360,ORD01940,PROD0067,Fragrance,Biotique,1,1488,20,297.6,1190.4,5
ITEM003361,ORD04975,PROD0069,Fragrance,Plum,1,1765,20,353,1412,
ITEM003362,ORD04975,PROD0079,Bath & Body,L'Oreal Paris,1,653,30,195.9,457.1,
ITEM003363,ORD00120,PROD0097,Men's Grooming,Maybelline,2,369,15,110.7,627.3,5
ITEM003364,ORD00120,PROD0045,Makeup,WOW Skin Science,1,1690,5,84.5,1605.5,3
ITEM003365,ORD00608,PROD0076,Fragrance,Dot & Key,1,552,15,82.8,469.2,5
ITEM003366,ORD00608,PROD0104,Wellness,Nykaa Cosmetics,2,1259,30,755.4,1762.6,4
ITEM003367,ORD00608,PROD0027,Makeup,Mamaearth,1,1454,5,72.7,1381.3,3
ITEM003368,ORD03060,PROD0096,Men's Grooming,The Ordinary,1,520,20,104,416,
ITEM003369,ORD04959,PROD0058,Haircare,Mamaearth,1,841,5,42.05,798.95,4
ITEM003370,ORD00160,PROD0093,Men's Grooming,Nykaa Cosmetics,1,245,0,0,245,5
ITEM003371,ORD00160,PROD0099,Men's Grooming,Forest Essentials,1,554,30,166.2,387.8,5
ITEM003372,ORD00160,PROD0104,Wellness,Nykaa Cosmetics,1,1259,5,62.95,1196.05,4
ITEM003373,ORD01429,PROD0069,Fragrance,Plum,1,1765,0,0,1765,5
ITEM003374,ORD01429,PROD0020,Skincare,Maybelline,1,1237,5,61.85,1175.15,2
ITEM003375,ORD01429,PROD0038,Makeup,The Ordinary,1,477,10,47.7,429.3,5
ITEM003376,ORD02511,PROD0063,Haircare,Mamaearth,1,1105,30,331.5,773.5,
ITEM003377,ORD02511,PROD0070,Fragrance,NIVEA,1,2241,0,0,2241,
ITEM003378,ORD02520,PROD0053,Haircare,Forest Essentials,1,1102,0,0,1102,5
ITEM003379,ORD02520,PROD0028,Makeup,L'Oreal Paris,1,844,30,253.2,590.8,5
ITEM003380,ORD00127,PROD0001,Skincare,Minimalist,1,1006,20,201.2,804.8,
ITEM003381,ORD02599,PROD0063,Haircare,Mamaearth,1,1105,10,110.5,994.5,5
ITEM003382,ORD02599,PROD0093,Men's Grooming,Nykaa Cosmetics,1,245,30,73.5,171.5,5
ITEM003383,ORD02599,PROD0056,Haircare,MAC,1,1009,20,201.8,807.2,5
ITEM003384,ORD01151,PROD0063,Haircare,Mamaearth,1,1105,0,0,1105,4
ITEM003385,ORD01151,PROD0049,Haircare,Forest Essentials,1,718,30,215.4,502.6,2
ITEM003386,ORD01151,PROD0029,Makeup,Biotique,2,1007,30,604.2,1409.8,3
ITEM003387,ORD02320,PROD0026,Makeup,Biotique,1,267,0,0,267,4
ITEM003388,ORD03165,PROD0045,Makeup,WOW Skin Science,3,1690,5,253.5,4816.5,4
ITEM003389,ORD03165,PROD0085,Bath & Body,Sugar Cosmetics,1,329,30,98.7,230.3,5
ITEM003390,ORD03165,PROD0053,Haircare,Forest Essentials,1,1102,15,165.3,936.7,5
ITEM003391,ORD02502,PROD0084,Bath & Body,Mamaearth,1,750,5,37.5,712.5,5
ITEM003392,ORD02502,PROD0054,Haircare,Dot & Key,3,181,10,54.3,488.7,4
ITEM003393,ORD02555,PROD0048,Haircare,Maybelline,2,775,10,155,1395,4
ITEM003394,ORD04441,PROD0030,Makeup,Nykaa Cosmetics,1,946,0,0,946,5
ITEM003395,ORD04441,PROD0072,Fragrance,The Ordinary,2,1765,10,353,3177,5
ITEM003396,ORD00663,PROD0072,Fragrance,The Ordinary,1,1765,30,529.5,1235.5,5
ITEM003397,ORD00663,PROD0046,Makeup,The Ordinary,1,532,20,106.4,425.6,4
ITEM003398,ORD03256,PROD0028,Makeup,L'Oreal Paris,1,844,0,0,844,3
ITEM003399,ORD03256,PROD0052,Haircare,Nykaa Cosmetics,1,915,0,0,915,5
ITEM003400,ORD02605,PROD0031,Makeup,WOW Skin Science,1,1892,0,0,1892,5
ITEM003401,ORD02605,PROD0088,Bath & Body,Sugar Cosmetics,1,669,20,133.8,535.2,3
ITEM003402,ORD03613,PROD0110,Wellness,Nykaa Cosmetics,1,1400,5,70,1330,
ITEM003403,ORD03613,PROD0074,Fragrance,NIVEA,1,752,20,150.4,601.6,
ITEM003404,ORD03788,PROD0079,Bath & Body,L'Oreal Paris,3,653,30,587.7,1371.3,2
ITEM003405,ORD03788,PROD0076,Fragrance,Dot & Key,1,552,15,82.8,469.2,3
ITEM003406,ORD00736,PROD0012,Skincare,Minimalist,1,428,10,42.8,385.2,3
ITEM003407,ORD00736,PROD0103,Wellness,Forest Essentials,1,1146,0,0,1146,5
ITEM003408,ORD00736,PROD0094,Men's Grooming,MAC,2,243,0,0,486,2
ITEM003409,ORD00448,PROD0043,Makeup,WOW Skin Science,1,1330,5,66.5,1263.5,4
ITEM003410,ORD03367,PROD0063,Haircare,Mamaearth,3,1105,30,994.5,2320.5,
ITEM003411,ORD03367,PROD0019,Skincare,The Ordinary,1,1588,20,317.6,1270.4,
ITEM003412,ORD03367,PROD0045,Makeup,WOW Skin Science,1,1690,15,253.5,1436.5,
ITEM003413,ORD04957,PROD0046,Makeup,The Ordinary,2,532,30,319.2,744.8,4
ITEM003414,ORD04957,PROD0019,Skincare,The Ordinary,2,1588,0,0,3176,3
ITEM003415,ORD04957,PROD0091,Men's Grooming,WOW Skin Science,2,530,5,53,1007,2
ITEM003416,ORD04957,PROD0070,Fragrance,NIVEA,2,2241,0,0,4482,5
ITEM003417,ORD02056,PROD0079,Bath & Body,L'Oreal Paris,1,653,0,0,653,5
ITEM003418,ORD02056,PROD0070,Fragrance,NIVEA,1,2241,30,672.3,1568.7,4
ITEM003419,ORD02056,PROD0111,Wellness,Maybelline,1,489,30,146.7,342.3,5
ITEM003420,ORD03333,PROD0012,Skincare,Minimalist,1,428,0,0,428,
ITEM003421,ORD04409,PROD0081,Bath & Body,L'Oreal Paris,1,767,5,38.35,728.65,4
ITEM003422,ORD03126,PROD0065,Haircare,Forest Essentials,2,334,0,0,668,5
ITEM003423,ORD03126,PROD0003,Skincare,MAC,1,1606,10,160.6,1445.4,5
ITEM003424,ORD01761,PROD0051,Haircare,WOW Skin Science,1,847,30,254.1,592.9,2
ITEM003425,ORD02288,PROD0064,Haircare,The Ordinary,1,642,20,128.4,513.6,5
ITEM003426,ORD04011,PROD0047,Haircare,Biotique,2,665,0,0,1330,
ITEM003427,ORD04011,PROD0043,Makeup,WOW Skin Science,2,1330,10,266,2394,
ITEM003428,ORD04011,PROD0077,Fragrance,Lakme,2,2406,5,240.6,4571.4,
ITEM003429,ORD04011,PROD0036,Makeup,Dot & Key,1,988,20,197.6,790.4,
ITEM003430,ORD04010,PROD0073,Fragrance,Biotique,1,2226,5,111.3,2114.7,
ITEM003431,ORD02950,PROD0004,Skincare,Dot & Key,2,1072,30,643.2,1500.8,
ITEM003432,ORD01542,PROD0071,Fragrance,Maybelline,1,1416,30,424.8,991.2,5
ITEM003433,ORD01684,PROD0055,Haircare,Minimalist,3,967,15,435.15,2465.85,4
ITEM003434,ORD01684,PROD0100,Men's Grooming,Minimalist,2,156,5,15.6,296.4,5
ITEM003435,ORD04231,PROD0009,Skincare,NIVEA,1,720,15,108,612,
ITEM003436,ORD04231,PROD0023,Skincare,Biotique,1,1629,30,488.7,1140.3,
ITEM003437,ORD04231,PROD0112,Wellness,NIVEA,1,964,15,144.6,819.4,
ITEM003438,ORD01707,PROD0093,Men's Grooming,Nykaa Cosmetics,1,245,0,0,245,5
ITEM003439,ORD01707,PROD0015,Skincare,Biotique,1,1295,0,0,1295,4
ITEM003440,ORD04811,PROD0056,Haircare,MAC,1,1009,5,50.45,958.55,4
ITEM003441,ORD04811,PROD0095,Men's Grooming,The Ordinary,1,269,20,53.8,215.2,5
ITEM003442,ORD00493,PROD0016,Skincare,The Ordinary,1,1150,0,0,1150,5
ITEM003443,ORD02557,PROD0063,Haircare,Mamaearth,2,1105,0,0,2210,5
ITEM003444,ORD04031,PROD0078,Fragrance,Forest Essentials,1,1970,20,394,1576,4
ITEM003445,ORD04031,PROD0087,Bath & Body,Dot & Key,1,222,5,11.1,210.9,5
ITEM003446,ORD04031,PROD0009,Skincare,NIVEA,2,720,10,144,1296,5
ITEM003447,ORD04031,PROD0099,Men's Grooming,Forest Essentials,1,554,0,0,554,5
ITEM003448,ORD02740,PROD0109,Wellness,L'Oreal Paris,1,625,5,31.25,593.75,2
ITEM003449,ORD01202,PROD0069,Fragrance,Plum,1,1765,15,264.75,1500.25,5
ITEM003450,ORD01202,PROD0084,Bath & Body,Mamaearth,1,750,20,150,600,2
ITEM003451,ORD04395,PROD0021,Skincare,Biotique,1,869,0,0,869,5
ITEM003452,ORD04395,PROD0108,Wellness,The Ordinary,1,945,10,94.5,850.5,5
ITEM003453,ORD04794,PROD0109,Wellness,L'Oreal Paris,1,625,20,125,500,4
ITEM003454,ORD04794,PROD0088,Bath & Body,Sugar Cosmetics,2,669,10,133.8,1204.2,4
ITEM003455,ORD04794,PROD0028,Makeup,L'Oreal Paris,1,844,10,84.4,759.6,5
ITEM003456,ORD04794,PROD0093,Men's Grooming,Nykaa Cosmetics,1,245,20,49,196,4
ITEM003457,ORD04734,PROD0037,Makeup,Mamaearth,1,209,15,31.35,177.65,5
ITEM003458,ORD01793,PROD0110,Wellness,Nykaa Cosmetics,1,1400,30,420,980,
ITEM003459,ORD01793,PROD0046,Makeup,The Ordinary,1,532,10,53.2,478.8,
ITEM003460,ORD01793,PROD0015,Skincare,Biotique,1,1295,0,0,1295,
ITEM003461,ORD01793,PROD0109,Wellness,L'Oreal Paris,1,625,0,0,625,
ITEM003462,ORD00199,PROD0107,Wellness,Sugar Cosmetics,1,1156,10,115.6,1040.4,
ITEM003463,ORD02156,PROD0003,Skincare,MAC,2,1606,10,321.2,2890.8,
ITEM003464,ORD01089,PROD0039,Makeup,Nykaa Cosmetics,3,864,20,518.4,2073.6,5
ITEM003465,ORD01089,PROD0034,Makeup,WOW Skin Science,1,2004,15,300.6,1703.4,4
ITEM003466,ORD00871,PROD0057,Haircare,The Ordinary,1,735,10,73.5,661.5,
ITEM003467,ORD00871,PROD0007,Skincare,Biotique,1,995,30,298.5,696.5,
ITEM003468,ORD03765,PROD0083,Bath & Body,Minimalist,1,446,0,0,446,5
ITEM003469,ORD04319,PROD0064,Haircare,The Ordinary,1,642,0,0,642,5
ITEM003470,ORD01455,PROD0067,Fragrance,Biotique,2,1488,20,595.2,2380.8,3
ITEM003471,ORD00739,PROD0042,Makeup,Sugar Cosmetics,1,647,0,0,647,4
ITEM003472,ORD00739,PROD0043,Makeup,WOW Skin Science,1,1330,0,0,1330,4
ITEM003473,ORD03669,PROD0089,Bath & Body,Biotique,1,384,10,38.4,345.6,5
ITEM003474,ORD03669,PROD0017,Skincare,WOW Skin Science,2,1699,10,339.8,3058.2,4
ITEM003475,ORD03955,PROD0096,Men's Grooming,The Ordinary,2,520,5,52,988,4
ITEM003476,ORD03955,PROD0002,Skincare,Dot & Key,1,483,0,0,483,1
ITEM003477,ORD03955,PROD0087,Bath & Body,Dot & Key,1,222,20,44.4,177.6,3
ITEM003478,ORD03955,PROD0062,Haircare,WOW Skin Science,2,769,10,153.8,1384.2,5
ITEM003479,ORD04025,PROD0070,Fragrance,NIVEA,1,2241,30,672.3,1568.7,3
ITEM003480,ORD04025,PROD0055,Haircare,Minimalist,1,967,0,0,967,4
ITEM003481,ORD04025,PROD0093,Men's Grooming,Nykaa Cosmetics,1,245,20,49,196,3
ITEM003482,ORD01388,PROD0094,Men's Grooming,MAC,1,243,0,0,243,3
ITEM003483,ORD00221,PROD0055,Haircare,Minimalist,3,967,10,290.1,2610.9,
ITEM003484,ORD00221,PROD0060,Haircare,Plum,1,512,0,0,512,
ITEM003485,ORD04237,PROD0096,Men's Grooming,The Ordinary,2,520,20,208,832,3
ITEM003486,ORD04237,PROD0104,Wellness,Nykaa Cosmetics,1,1259,0,0,1259,5
ITEM003487,ORD02964,PROD0056,Haircare,MAC,1,1009,5,50.45,958.55,4
ITEM003488,ORD02448,PROD0005,Skincare,Biotique,1,893,0,0,893,5
ITEM003489,ORD02448,PROD0089,Bath & Body,Biotique,1,384,0,0,384,5
ITEM003490,ORD03278,PROD0112,Wellness,NIVEA,1,964,5,48.2,915.8,5
ITEM003491,ORD03278,PROD0021,Skincare,Biotique,1,869,20,173.8,695.2,5
ITEM003492,ORD03278,PROD0045,Makeup,WOW Skin Science,2,1690,15,507,2873,5
ITEM003493,ORD04466,PROD0053,Haircare,Forest Essentials,1,1102,10,110.2,991.8,5
ITEM003494,ORD04466,PROD0050,Haircare,Nykaa Cosmetics,1,762,15,114.3,647.7,4
ITEM003495,ORD00851,PROD0078,Fragrance,Forest Essentials,1,1970,10,197,1773,
ITEM003496,ORD00122,PROD0090,Men's Grooming,NIVEA,1,842,0,0,842,5
ITEM003497,ORD00122,PROD0033,Makeup,Mamaearth,2,2384,10,476.8,4291.2,5
ITEM003498,ORD00122,PROD0067,Fragrance,Biotique,1,1488,0,0,1488,5
ITEM003499,ORD04897,PROD0042,Makeup,Sugar Cosmetics,1,647,5,32.35,614.65,1
ITEM003500,ORD04897,PROD0049,Haircare,Forest Essentials,1,718,30,215.4,502.6,3
ITEM003501,ORD04897,PROD0047,Haircare,Biotique,2,665,5,66.5,1263.5,3
ITEM003502,ORD01256,PROD0092,Men's Grooming,Lakme,1,463,30,138.9,324.1,5
ITEM003503,ORD04967,PROD0068,Fragrance,Minimalist,2,1193,0,0,2386,4
ITEM003504,ORD03775,PROD0034,Makeup,WOW Skin Science,2,2004,15,601.2,3406.8,4
ITEM003505,ORD04976,PROD0066,Fragrance,Forest Essentials,2,2975,0,0,5950,
ITEM003506,ORD00971,PROD0096,Men's Grooming,The Ordinary,1,520,15,78,442,1
ITEM003507,ORD04107,PROD0111,Wellness,Maybelline,1,489,0,0,489,
ITEM003508,ORD04107,PROD0024,Skincare,MAC,3,900,0,0,2700,
ITEM003509,ORD04107,PROD0065,Haircare,Forest Essentials,1,334,5,16.7,317.3,
ITEM003510,ORD04847,PROD0090,Men's Grooming,NIVEA,2,842,10,168.4,1515.6,3
ITEM003511,ORD04847,PROD0056,Haircare,MAC,1,1009,0,0,1009,4
ITEM003512,ORD03804,PROD0087,Bath & Body,Dot & Key,2,222,5,22.2,421.8,5
ITEM003513,ORD03804,PROD0031,Makeup,WOW Skin Science,2,1892,30,1135.2,2648.8,5
ITEM003514,ORD01999,PROD0044,Makeup,Nykaa Cosmetics,1,701,10,70.1,630.9,5
ITEM003515,ORD01999,PROD0009,Skincare,NIVEA,1,720,10,72,648,1
ITEM003516,ORD00326,PROD0081,Bath & Body,L'Oreal Paris,1,767,10,76.7,690.3,2
ITEM003517,ORD04582,PROD0090,Men's Grooming,NIVEA,1,842,15,126.3,715.7,4
ITEM003518,ORD04582,PROD0111,Wellness,Maybelline,1,489,10,48.9,440.1,3
ITEM003519,ORD04582,PROD0036,Makeup,Dot & Key,1,988,20,197.6,790.4,5
ITEM003520,ORD04582,PROD0068,Fragrance,Minimalist,1,1193,0,0,1193,5
ITEM003521,ORD04192,PROD0014,Skincare,Sugar Cosmetics,2,1200,5,120,2280,2
ITEM003522,ORD04192,PROD0045,Makeup,WOW Skin Science,1,1690,30,507,1183,5
ITEM003523,ORD04192,PROD0066,Fragrance,Forest Essentials,1,2975,15,446.25,2528.75,4
ITEM003524,ORD04192,PROD0069,Fragrance,Plum,1,1765,0,0,1765,5
ITEM003525,ORD04317,PROD0005,Skincare,Biotique,1,893,10,89.3,803.7,5
ITEM003526,ORD04317,PROD0057,Haircare,The Ordinary,1,735,15,110.25,624.75,5
ITEM003527,ORD03825,PROD0007,Skincare,Biotique,1,995,0,0,995,5
ITEM003528,ORD03825,PROD0091,Men's Grooming,WOW Skin Science,2,530,0,0,1060,4
ITEM003529,ORD01964,PROD0025,Skincare,Forest Essentials,1,639,10,63.9,575.1,
ITEM003530,ORD01419,PROD0067,Fragrance,Biotique,3,1488,20,892.8,3571.2,4
ITEM003531,ORD01419,PROD0051,Haircare,WOW Skin Science,3,847,10,254.1,2286.9,5
ITEM003532,ORD01419,PROD0003,Skincare,MAC,1,1606,5,80.3,1525.7,4
ITEM003533,ORD01574,PROD0099,Men's Grooming,Forest Essentials,2,554,0,0,1108,
ITEM003534,ORD01574,PROD0078,Fragrance,Forest Essentials,1,1970,30,591,1379,
ITEM003535,ORD00717,PROD0005,Skincare,Biotique,1,893,20,178.6,714.4,5
ITEM003536,ORD01880,PROD0083,Bath & Body,Minimalist,1,446,20,89.2,356.8,3
ITEM003537,ORD01880,PROD0090,Men's Grooming,NIVEA,1,842,30,252.6,589.4,3
ITEM003538,ORD01880,PROD0046,Makeup,The Ordinary,1,532,5,26.6,505.4,5
ITEM003539,ORD02403,PROD0051,Haircare,WOW Skin Science,2,847,5,84.7,1609.3,2
ITEM003540,ORD04884,PROD0053,Haircare,Forest Essentials,2,1102,10,220.4,1983.6,4
ITEM003541,ORD04884,PROD0009,Skincare,NIVEA,1,720,30,216,504,5
ITEM003542,ORD02590,PROD0050,Haircare,Nykaa Cosmetics,1,762,10,76.2,685.8,3
ITEM003543,ORD02590,PROD0102,Wellness,MAC,1,1278,10,127.8,1150.2,5
ITEM003544,ORD02590,PROD0069,Fragrance,Plum,1,1765,30,529.5,1235.5,5
ITEM003545,ORD02590,PROD0091,Men's Grooming,WOW Skin Science,1,530,10,53,477,4
ITEM003546,ORD04658,PROD0079,Bath & Body,L'Oreal Paris,1,653,20,130.6,522.4,4
ITEM003547,ORD04658,PROD0101,Wellness,Mamaearth,1,930,20,186,744,5
ITEM003548,ORD04658,PROD0105,Wellness,Minimalist,3,1068,5,160.2,3043.8,5
ITEM003549,ORD02634,PROD0029,Makeup,Biotique,2,1007,5,100.7,1913.3,5
ITEM003550,ORD01013,PROD0093,Men's Grooming,Nykaa Cosmetics,1,245,30,73.5,171.5,3
ITEM003551,ORD01013,PROD0097,Men's Grooming,Maybelline,1,369,20,73.8,295.2,3
ITEM003552,ORD04863,PROD0073,Fragrance,Biotique,1,2226,15,333.9,1892.1,
ITEM003553,ORD04863,PROD0085,Bath & Body,Sugar Cosmetics,1,329,20,65.8,263.2,
ITEM003554,ORD04316,PROD0016,Skincare,The Ordinary,1,1150,0,0,1150,3
ITEM003555,ORD04316,PROD0060,Haircare,Plum,1,512,15,76.8,435.2,5
ITEM003556,ORD04316,PROD0072,Fragrance,The Ordinary,1,1765,20,353,1412,4
ITEM003557,ORD04316,PROD0099,Men's Grooming,Forest Essentials,1,554,10,55.4,498.6,5
ITEM003558,ORD02290,PROD0108,Wellness,The Ordinary,1,945,30,283.5,661.5,
ITEM003559,ORD04577,PROD0028,Makeup,L'Oreal Paris,1,844,15,126.6,717.4,4
ITEM003560,ORD04577,PROD0102,Wellness,MAC,1,1278,20,255.6,1022.4,4
ITEM003561,ORD00627,PROD0007,Skincare,Biotique,3,995,30,895.5,2089.5,3
ITEM003562,ORD00627,PROD0072,Fragrance,The Ordinary,2,1765,30,1059,2471,5
ITEM003563,ORD04210,PROD0032,Makeup,Maybelline,2,2207,0,0,4414,5
ITEM003564,ORD02428,PROD0095,Men's Grooming,The Ordinary,1,269,20,53.8,215.2,4
ITEM003565,ORD02428,PROD0091,Men's Grooming,WOW Skin Science,3,530,30,477,1113,4
ITEM003566,ORD03843,PROD0071,Fragrance,Maybelline,1,1416,20,283.2,1132.8,4
ITEM003567,ORD02657,PROD0072,Fragrance,The Ordinary,2,1765,0,0,3530,5
ITEM003568,ORD02657,PROD0085,Bath & Body,Sugar Cosmetics,2,329,30,197.4,460.6,4
ITEM003569,ORD01901,PROD0064,Haircare,The Ordinary,1,642,20,128.4,513.6,4
ITEM003570,ORD01901,PROD0048,Haircare,Maybelline,1,775,15,116.25,658.75,4
ITEM003571,ORD01313,PROD0098,Men's Grooming,The Ordinary,1,241,0,0,241,3
ITEM003572,ORD01313,PROD0110,Wellness,Nykaa Cosmetics,1,1400,0,0,1400,5
ITEM003573,ORD00303,PROD0051,Haircare,WOW Skin Science,1,847,20,169.4,677.6,4
ITEM003574,ORD00303,PROD0009,Skincare,NIVEA,2,720,5,72,1368,4
ITEM003575,ORD00303,PROD0074,Fragrance,NIVEA,3,752,30,676.8,1579.2,3
ITEM003576,ORD00303,PROD0054,Haircare,Dot & Key,1,181,15,27.15,153.85,4
ITEM003577,ORD04513,PROD0089,Bath & Body,Biotique,1,384,20,76.8,307.2,5
ITEM003578,ORD04513,PROD0083,Bath & Body,Minimalist,1,446,0,0,446,5
ITEM003579,ORD04513,PROD0069,Fragrance,Plum,2,1765,5,176.5,3353.5,5
ITEM003580,ORD03932,PROD0018,Skincare,Dot & Key,1,1081,0,0,1081,5
ITEM003581,ORD00435,PROD0072,Fragrance,The Ordinary,1,1765,10,176.5,1588.5,
ITEM003582,ORD02806,PROD0066,Fragrance,Forest Essentials,1,2975,0,0,2975,5
ITEM003583,ORD02518,PROD0082,Bath & Body,Sugar Cosmetics,1,621,20,124.2,496.8,5
ITEM003584,ORD02518,PROD0055,Haircare,Minimalist,1,967,20,193.4,773.6,4
ITEM003585,ORD03975,PROD0080,Bath & Body,Lakme,1,152,30,45.6,106.4,5
ITEM003586,ORD02739,PROD0097,Men's Grooming,Maybelline,1,369,30,110.7,258.3,4
ITEM003587,ORD01234,PROD0042,Makeup,Sugar Cosmetics,2,647,30,388.2,905.8,5
ITEM003588,ORD01234,PROD0028,Makeup,L'Oreal Paris,1,844,10,84.4,759.6,5
ITEM003589,ORD03396,PROD0007,Skincare,Biotique,1,995,0,0,995,5
ITEM003590,ORD03396,PROD0074,Fragrance,NIVEA,1,752,15,112.8,639.2,5
ITEM003591,ORD03396,PROD0010,Skincare,The Ordinary,1,893,5,44.65,848.35,1
ITEM003592,ORD03396,PROD0066,Fragrance,Forest Essentials,1,2975,5,148.75,2826.25,4
ITEM003593,ORD01560,PROD0059,Haircare,Minimalist,1,503,10,50.3,452.7,
ITEM003594,ORD01560,PROD0001,Skincare,Minimalist,1,1006,20,201.2,804.8,
ITEM003595,ORD01560,PROD0035,Makeup,Sugar Cosmetics,1,526,30,157.8,368.2,
ITEM003596,ORD01560,PROD0031,Makeup,WOW Skin Science,3,1892,30,1702.8,3973.2,
ITEM003597,ORD02526,PROD0002,Skincare,Dot & Key,1,483,0,0,483,5
ITEM003598,ORD02526,PROD0111,Wellness,Maybelline,2,489,5,48.9,929.1,5
ITEM003599,ORD02526,PROD0103,Wellness,Forest Essentials,1,1146,0,0,1146,5
ITEM003600,ORD02526,PROD0099,Men's Grooming,Forest Essentials,1,554,0,0,554,5
ITEM003601,ORD01426,PROD0108,Wellness,The Ordinary,3,945,10,283.5,2551.5,3
ITEM003602,ORD01426,PROD0079,Bath & Body,L'Oreal Paris,1,653,20,130.6,522.4,5
ITEM003603,ORD01426,PROD0025,Skincare,Forest Essentials,1,639,15,95.85,543.15,2
ITEM003604,ORD03529,PROD0056,Haircare,MAC,2,1009,0,0,2018,4
ITEM003605,ORD03529,PROD0029,Makeup,Biotique,1,1007,10,100.7,906.3,5
ITEM003606,ORD03529,PROD0010,Skincare,The Ordinary,1,893,0,0,893,4
ITEM003607,ORD03529,PROD0018,Skincare,Dot & Key,1,1081,10,108.1,972.9,5
ITEM003608,ORD00769,PROD0089,Bath & Body,Biotique,2,384,10,76.8,691.2,4
ITEM003609,ORD04903,PROD0029,Makeup,Biotique,2,1007,5,100.7,1913.3,2
ITEM003610,ORD04903,PROD0040,Makeup,NIVEA,1,681,30,204.3,476.7,4
ITEM003611,ORD04903,PROD0034,Makeup,WOW Skin Science,1,2004,10,200.4,1803.6,4
ITEM003612,ORD02891,PROD0064,Haircare,The Ordinary,2,642,15,192.6,1091.4,
ITEM003613,ORD02891,PROD0025,Skincare,Forest Essentials,1,639,15,95.85,543.15,
ITEM003614,ORD01061,PROD0052,Haircare,Nykaa Cosmetics,1,915,15,137.25,777.75,5
ITEM003615,ORD01543,PROD0060,Haircare,Plum,1,512,30,153.6,358.4,4
ITEM003616,ORD03581,PROD0081,Bath & Body,L'Oreal Paris,1,767,30,230.1,536.9,5
ITEM003617,ORD01941,PROD0106,Wellness,Forest Essentials,1,762,30,228.6,533.4,5
ITEM003618,ORD04314,PROD0034,Makeup,WOW Skin Science,1,2004,20,400.8,1603.2,
ITEM003619,ORD04314,PROD0080,Bath & Body,Lakme,1,152,20,30.4,121.6,
ITEM003620,ORD04464,PROD0104,Wellness,Nykaa Cosmetics,1,1259,5,62.95,1196.05,
ITEM003621,ORD04464,PROD0033,Makeup,Mamaearth,1,2384,10,238.4,2145.6,
ITEM003622,ORD04464,PROD0040,Makeup,NIVEA,1,681,10,68.1,612.9,
ITEM003623,ORD04159,PROD0038,Makeup,The Ordinary,1,477,0,0,477,
ITEM003624,ORD00464,PROD0081,Bath & Body,L'Oreal Paris,2,767,0,0,1534,
ITEM003625,ORD00464,PROD0039,Makeup,Nykaa Cosmetics,1,864,5,43.2,820.8,
ITEM003626,ORD00464,PROD0110,Wellness,Nykaa Cosmetics,2,1400,0,0,2800,
ITEM003627,ORD03086,PROD0084,Bath & Body,Mamaearth,1,750,10,75,675,4
ITEM003628,ORD00245,PROD0097,Men's Grooming,Maybelline,3,369,0,0,1107,5
ITEM003629,ORD00224,PROD0100,Men's Grooming,Minimalist,2,156,15,46.8,265.2,
ITEM003630,ORD03891,PROD0086,Bath & Body,Sugar Cosmetics,1,317,5,15.85,301.15,2
ITEM003631,ORD03891,PROD0096,Men's Grooming,The Ordinary,1,520,0,0,520,4
ITEM003632,ORD01166,PROD0105,Wellness,Minimalist,1,1068,0,0,1068,
ITEM003633,ORD00396,PROD0061,Haircare,L'Oreal Paris,1,466,15,69.9,396.1,5
ITEM003634,ORD03877,PROD0011,Skincare,Lakme,1,1528,0,0,1528,
ITEM003635,ORD03930,PROD0088,Bath & Body,Sugar Cosmetics,2,669,0,0,1338,4
ITEM003636,ORD03930,PROD0022,Skincare,MAC,2,1685,10,337,3033,5
ITEM003637,ORD03952,PROD0067,Fragrance,Biotique,1,1488,0,0,1488,5
ITEM003638,ORD03952,PROD0040,Makeup,NIVEA,2,681,30,408.6,953.4,3
ITEM003639,ORD02923,PROD0053,Haircare,Forest Essentials,2,1102,0,0,2204,5
ITEM003640,ORD02923,PROD0008,Skincare,Forest Essentials,3,317,0,0,951,3
ITEM003641,ORD02923,PROD0088,Bath & Body,Sugar Cosmetics,1,669,15,100.35,568.65,5
ITEM003642,ORD03475,PROD0035,Makeup,Sugar Cosmetics,1,526,0,0,526,
ITEM003643,ORD03475,PROD0036,Makeup,Dot & Key,1,988,15,148.2,839.8,
ITEM003644,ORD03475,PROD0007,Skincare,Biotique,1,995,10,99.5,895.5,
ITEM003645,ORD00723,PROD0004,Skincare,Dot & Key,1,1072,10,107.2,964.8,5
ITEM003646,ORD00723,PROD0045,Makeup,WOW Skin Science,2,1690,20,676,2704,4
ITEM003647,ORD01237,PROD0066,Fragrance,Forest Essentials,1,2975,10,297.5,2677.5,5
ITEM003648,ORD01237,PROD0103,Wellness,Forest Essentials,3,1146,0,0,3438,5
ITEM003649,ORD00226,PROD0045,Makeup,WOW Skin Science,1,1690,0,0,1690,1
ITEM003650,ORD02207,PROD0066,Fragrance,Forest Essentials,1,2975,30,892.5,2082.5,2
ITEM003651,ORD00431,PROD0033,Makeup,Mamaearth,1,2384,0,0,2384,5
ITEM003652,ORD03740,PROD0031,Makeup,WOW Skin Science,1,1892,0,0,1892,5
ITEM003653,ORD03740,PROD0111,Wellness,Maybelline,1,489,0,0,489,5
ITEM003654,ORD03740,PROD0055,Haircare,Minimalist,1,967,20,193.4,773.6,4
ITEM003655,ORD02413,PROD0011,Skincare,Lakme,2,1528,0,0,3056,3
ITEM003656,ORD02359,PROD0043,Makeup,WOW Skin Science,1,1330,30,399,931,5
ITEM003657,ORD02359,PROD0080,Bath & Body,Lakme,1,152,0,0,152,3
ITEM003658,ORD02440,PROD0108,Wellness,The Ordinary,1,945,0,0,945,
ITEM003659,ORD02440,PROD0018,Skincare,Dot & Key,1,1081,30,324.3,756.7,
ITEM003660,ORD01233,PROD0074,Fragrance,NIVEA,1,752,0,0,752,5
ITEM003661,ORD02255,PROD0038,Makeup,The Ordinary,1,477,15,71.55,405.45,
ITEM003662,ORD02255,PROD0003,Skincare,MAC,1,1606,30,481.8,1124.2,
ITEM003663,ORD02255,PROD0006,Skincare,Nykaa Cosmetics,1,1639,5,81.95,1557.05,
ITEM003664,ORD02255,PROD0051,Haircare,WOW Skin Science,3,847,15,381.15,2159.85,
ITEM003665,ORD02898,PROD0103,Wellness,Forest Essentials,1,1146,10,114.6,1031.4,5
ITEM003666,ORD02898,PROD0032,Makeup,Maybelline,1,2207,5,110.35,2096.65,5
ITEM003667,ORD02898,PROD0100,Men's Grooming,Minimalist,1,156,20,31.2,124.8,5
ITEM003668,ORD02898,PROD0010,Skincare,The Ordinary,1,893,5,44.65,848.35,3
ITEM003669,ORD03226,PROD0103,Wellness,Forest Essentials,1,1146,15,171.9,974.1,
ITEM003670,ORD03226,PROD0067,Fragrance,Biotique,2,1488,30,892.8,2083.2,
ITEM003671,ORD04204,PROD0016,Skincare,The Ordinary,2,1150,0,0,2300,4
ITEM003672,ORD01643,PROD0073,Fragrance,Biotique,1,2226,15,333.9,1892.1,1
ITEM003673,ORD01643,PROD0058,Haircare,Mamaearth,2,841,20,336.4,1345.6,5
ITEM003674,ORD03779,PROD0047,Haircare,Biotique,1,665,20,133,532,4
ITEM003675,ORD03779,PROD0021,Skincare,Biotique,1,869,0,0,869,5
ITEM003676,ORD03779,PROD0104,Wellness,Nykaa Cosmetics,1,1259,5,62.95,1196.05,1
ITEM003677,ORD03779,PROD0091,Men's Grooming,WOW Skin Science,1,530,0,0,530,5
ITEM003678,ORD02490,PROD0025,Skincare,Forest Essentials,1,639,15,95.85,543.15,2
ITEM003679,ORD02490,PROD0039,Makeup,Nykaa Cosmetics,1,864,10,86.4,777.6,3
ITEM003680,ORD02548,PROD0097,Men's Grooming,Maybelline,2,369,10,73.8,664.2,2
ITEM003681,ORD02127,PROD0039,Makeup,Nykaa Cosmetics,1,864,15,129.6,734.4,2
ITEM003682,ORD02127,PROD0066,Fragrance,Forest Essentials,1,2975,0,0,2975,4
ITEM003683,ORD00329,PROD0012,Skincare,Minimalist,1,428,30,128.4,299.6,
ITEM003684,ORD04187,PROD0040,Makeup,NIVEA,1,681,15,102.15,578.85,5
ITEM003685,ORD03479,PROD0106,Wellness,Forest Essentials,1,762,30,228.6,533.4,3
ITEM003686,ORD04066,PROD0064,Haircare,The Ordinary,1,642,30,192.6,449.4,2
ITEM003687,ORD04066,PROD0068,Fragrance,Minimalist,1,1193,20,238.6,954.4,5
ITEM003688,ORD04066,PROD0050,Haircare,Nykaa Cosmetics,1,762,10,76.2,685.8,2
ITEM003689,ORD04073,PROD0069,Fragrance,Plum,1,1765,30,529.5,1235.5,4
ITEM003690,ORD04073,PROD0108,Wellness,The Ordinary,1,945,20,189,756,5
ITEM003691,ORD01402,PROD0107,Wellness,Sugar Cosmetics,2,1156,0,0,2312,5
ITEM003692,ORD03558,PROD0078,Fragrance,Forest Essentials,1,1970,15,295.5,1674.5,4
ITEM003693,ORD03558,PROD0112,Wellness,NIVEA,1,964,0,0,964,5
ITEM003694,ORD02565,PROD0107,Wellness,Sugar Cosmetics,2,1156,0,0,2312,4
ITEM003695,ORD00270,PROD0015,Skincare,Biotique,1,1295,5,64.75,1230.25,5
ITEM003696,ORD01053,PROD0083,Bath & Body,Minimalist,2,446,10,89.2,802.8,2
ITEM003697,ORD01053,PROD0091,Men's Grooming,WOW Skin Science,1,530,10,53,477,3
ITEM003698,ORD04098,PROD0004,Skincare,Dot & Key,1,1072,20,214.4,857.6,2
ITEM003699,ORD04098,PROD0061,Haircare,L'Oreal Paris,1,466,15,69.9,396.1,3
ITEM003700,ORD04098,PROD0031,Makeup,WOW Skin Science,1,1892,30,567.6,1324.4,4
ITEM003701,ORD04098,PROD0019,Skincare,The Ordinary,1,1588,15,238.2,1349.8,4
ITEM003702,ORD01582,PROD0037,Makeup,Mamaearth,3,209,0,0,627,
ITEM003703,ORD01669,PROD0003,Skincare,MAC,1,1606,10,160.6,1445.4,4
ITEM003704,ORD01669,PROD0072,Fragrance,The Ordinary,1,1765,15,264.75,1500.25,4
ITEM003705,ORD04643,PROD0021,Skincare,Biotique,1,869,30,260.7,608.3,2
ITEM003706,ORD04643,PROD0064,Haircare,The Ordinary,1,642,10,64.2,577.8,5
ITEM003707,ORD00387,PROD0002,Skincare,Dot & Key,1,483,30,144.9,338.1,4
ITEM003708,ORD00387,PROD0041,Makeup,Mamaearth,1,1516,15,227.4,1288.6,4
ITEM003709,ORD00935,PROD0065,Haircare,Forest Essentials,1,334,10,33.4,300.6,3
ITEM003710,ORD00244,PROD0057,Haircare,The Ordinary,1,735,10,73.5,661.5,2
ITEM003711,ORD02995,PROD0014,Skincare,Sugar Cosmetics,2,1200,30,720,1680,5
ITEM003712,ORD02995,PROD0019,Skincare,The Ordinary,2,1588,5,158.8,3017.2,1
ITEM003713,ORD02995,PROD0077,Fragrance,Lakme,2,2406,30,1443.6,3368.4,5
ITEM003714,ORD02995,PROD0076,Fragrance,Dot & Key,1,552,20,110.4,441.6,3
ITEM003715,ORD03216,PROD0101,Wellness,Mamaearth,1,930,0,0,930,5
ITEM003716,ORD00785,PROD0023,Skincare,Biotique,3,1629,30,1466.1,3420.9,3
ITEM003717,ORD00785,PROD0016,Skincare,The Ordinary,1,1150,0,0,1150,5
ITEM003718,ORD03750,PROD0003,Skincare,MAC,2,1606,15,481.8,2730.2,5
ITEM003719,ORD03750,PROD0061,Haircare,L'Oreal Paris,1,466,20,93.2,372.8,4
ITEM003720,ORD00731,PROD0014,Skincare,Sugar Cosmetics,1,1200,20,240,960,4
ITEM003721,ORD00731,PROD0038,Makeup,The Ordinary,2,477,0,0,954,4
ITEM003722,ORD00731,PROD0024,Skincare,MAC,2,900,0,0,1800,4
ITEM003723,ORD00731,PROD0108,Wellness,The Ordinary,1,945,15,141.75,803.25,2
ITEM003724,ORD02129,PROD0031,Makeup,WOW Skin Science,1,1892,0,0,1892,3
ITEM003725,ORD02129,PROD0042,Makeup,Sugar Cosmetics,1,647,10,64.7,582.3,5
ITEM003726,ORD02129,PROD0098,Men's Grooming,The Ordinary,3,241,0,0,723,2
ITEM003727,ORD03824,PROD0033,Makeup,Mamaearth,2,2384,20,953.6,3814.4,
ITEM003728,ORD03704,PROD0107,Wellness,Sugar Cosmetics,2,1156,0,0,2312,
ITEM003729,ORD03704,PROD0038,Makeup,The Ordinary,1,477,0,0,477,
ITEM003730,ORD01869,PROD0005,Skincare,Biotique,1,893,0,0,893,4
ITEM003731,ORD01869,PROD0106,Wellness,Forest Essentials,1,762,10,76.2,685.8,4
ITEM003732,ORD01869,PROD0046,Makeup,The Ordinary,2,532,10,106.4,957.6,5
ITEM003733,ORD01869,PROD0016,Skincare,The Ordinary,1,1150,10,115,1035,5
ITEM003734,ORD03632,PROD0071,Fragrance,Maybelline,2,1416,10,283.2,2548.8,
ITEM003735,ORD03632,PROD0081,Bath & Body,L'Oreal Paris,1,767,0,0,767,
ITEM003736,ORD03632,PROD0048,Haircare,Maybelline,1,775,10,77.5,697.5,
ITEM003737,ORD03844,PROD0084,Bath & Body,Mamaearth,1,750,15,112.5,637.5,5
ITEM003738,ORD01153,PROD0024,Skincare,MAC,1,900,20,180,720,4
ITEM003739,ORD01153,PROD0105,Wellness,Minimalist,1,1068,30,320.4,747.6,2
ITEM003740,ORD02219,PROD0057,Haircare,The Ordinary,1,735,15,110.25,624.75,
ITEM003741,ORD02219,PROD0079,Bath & Body,L'Oreal Paris,1,653,10,65.3,587.7,
ITEM003742,ORD01865,PROD0014,Skincare,Sugar Cosmetics,1,1200,15,180,1020,
ITEM003743,ORD00433,PROD0100,Men's Grooming,Minimalist,1,156,0,0,156,5
ITEM003744,ORD00433,PROD0059,Haircare,Minimalist,2,503,20,201.2,804.8,4
ITEM003745,ORD00433,PROD0046,Makeup,The Ordinary,1,532,0,0,532,5
ITEM003746,ORD03201,PROD0095,Men's Grooming,The Ordinary,1,269,0,0,269,5
ITEM003747,ORD03201,PROD0084,Bath & Body,Mamaearth,2,750,0,0,1500,5
ITEM003748,ORD01016,PROD0010,Skincare,The Ordinary,1,893,20,178.6,714.4,5
ITEM003749,ORD01016,PROD0032,Makeup,Maybelline,1,2207,10,220.7,1986.3,5
ITEM003750,ORD01016,PROD0107,Wellness,Sugar Cosmetics,1,1156,15,173.4,982.6,2
ITEM003751,ORD03714,PROD0027,Makeup,Mamaearth,1,1454,20,290.8,1163.2,1
ITEM003752,ORD03780,PROD0074,Fragrance,NIVEA,1,752,20,150.4,601.6,
ITEM003753,ORD03780,PROD0065,Haircare,Forest Essentials,3,334,0,0,1002,
ITEM003754,ORD04737,PROD0008,Skincare,Forest Essentials,1,317,0,0,317,
ITEM003755,ORD04737,PROD0066,Fragrance,Forest Essentials,2,2975,15,892.5,5057.5,
ITEM003756,ORD04737,PROD0004,Skincare,Dot & Key,1,1072,0,0,1072,
ITEM003757,ORD00038,PROD0099,Men's Grooming,Forest Essentials,1,554,0,0,554,4
ITEM003758,ORD00038,PROD0040,Makeup,NIVEA,1,681,30,204.3,476.7,3
ITEM003759,ORD00002,PROD0023,Skincare,Biotique,2,1629,20,651.6,2606.4,4
ITEM003760,ORD01667,PROD0088,Bath & Body,Sugar Cosmetics,2,669,0,0,1338,4
ITEM003761,ORD02877,PROD0072,Fragrance,The Ordinary,1,1765,10,176.5,1588.5,3
ITEM003762,ORD02877,PROD0036,Makeup,Dot & Key,1,988,5,49.4,938.6,5
ITEM003763,ORD02877,PROD0022,Skincare,MAC,2,1685,0,0,3370,4
ITEM003764,ORD01836,PROD0050,Haircare,Nykaa Cosmetics,2,762,15,228.6,1295.4,4
ITEM003765,ORD01836,PROD0070,Fragrance,NIVEA,1,2241,15,336.15,1904.85,5
ITEM003766,ORD00402,PROD0042,Makeup,Sugar Cosmetics,1,647,30,194.1,452.9,5
ITEM003767,ORD00402,PROD0033,Makeup,Mamaearth,3,2384,10,715.2,6436.8,4
ITEM003768,ORD00402,PROD0073,Fragrance,Biotique,1,2226,0,0,2226,5
ITEM003769,ORD00107,PROD0082,Bath & Body,Sugar Cosmetics,1,621,10,62.1,558.9,5
ITEM003770,ORD00107,PROD0108,Wellness,The Ordinary,1,945,30,283.5,661.5,5
ITEM003771,ORD00107,PROD0036,Makeup,Dot & Key,1,988,30,296.4,691.6,4
ITEM003772,ORD01326,PROD0081,Bath & Body,L'Oreal Paris,1,767,30,230.1,536.9,5
ITEM003773,ORD03122,PROD0069,Fragrance,Plum,2,1765,5,176.5,3353.5,4
ITEM003774,ORD03873,PROD0040,Makeup,NIVEA,1,681,10,68.1,612.9,4
ITEM003775,ORD03873,PROD0019,Skincare,The Ordinary,1,1588,10,158.8,1429.2,4
ITEM003776,ORD03784,PROD0025,Skincare,Forest Essentials,1,639,10,63.9,575.1,3
ITEM003777,ORD03784,PROD0109,Wellness,L'Oreal Paris,1,625,0,0,625,3
ITEM003778,ORD01124,PROD0009,Skincare,NIVEA,1,720,15,108,612,5
ITEM003779,ORD01124,PROD0028,Makeup,L'Oreal Paris,1,844,30,253.2,590.8,4
ITEM003780,ORD00872,PROD0053,Haircare,Forest Essentials,3,1102,10,330.6,2975.4,4
ITEM003781,ORD00872,PROD0004,Skincare,Dot & Key,2,1072,30,643.2,1500.8,4
ITEM003782,ORD01132,PROD0096,Men's Grooming,The Ordinary,1,520,5,26,494,
ITEM003783,ORD01132,PROD0102,Wellness,MAC,2,1278,0,0,2556,
ITEM003784,ORD02433,PROD0013,Skincare,Nykaa Cosmetics,2,716,0,0,1432,
ITEM003785,ORD02433,PROD0043,Makeup,WOW Skin Science,1,1330,0,0,1330,
ITEM003786,ORD01216,PROD0092,Men's Grooming,Lakme,1,463,5,23.15,439.85,5
ITEM003787,ORD01216,PROD0032,Makeup,Maybelline,1,2207,0,0,2207,5
ITEM003788,ORD03351,PROD0083,Bath & Body,Minimalist,1,446,30,133.8,312.2,4
ITEM003789,ORD03733,PROD0082,Bath & Body,Sugar Cosmetics,1,621,0,0,621,
ITEM003790,ORD01232,PROD0059,Haircare,Minimalist,3,503,30,452.7,1056.3,4
ITEM003791,ORD01232,PROD0094,Men's Grooming,MAC,1,243,0,0,243,3
ITEM003792,ORD01232,PROD0088,Bath & Body,Sugar Cosmetics,1,669,10,66.9,602.1,4
ITEM003793,ORD01232,PROD0100,Men's Grooming,Minimalist,3,156,5,23.4,444.6,4
ITEM003794,ORD00084,PROD0054,Haircare,Dot & Key,1,181,15,27.15,153.85,3
ITEM003795,ORD00084,PROD0033,Makeup,Mamaearth,1,2384,30,715.2,1668.8,5
ITEM003796,ORD02379,PROD0037,Makeup,Mamaearth,1,209,15,31.35,177.65,
ITEM003797,ORD04115,PROD0008,Skincare,Forest Essentials,1,317,0,0,317,4
ITEM003798,ORD04115,PROD0101,Wellness,Mamaearth,1,930,15,139.5,790.5,4
ITEM003799,ORD04525,PROD0096,Men's Grooming,The Ordinary,3,520,5,78,1482,2
ITEM003800,ORD04525,PROD0082,Bath & Body,Sugar Cosmetics,2,621,0,0,1242,2
ITEM003801,ORD00355,PROD0026,Makeup,Biotique,2,267,0,0,534,
ITEM003802,ORD00355,PROD0016,Skincare,The Ordinary,1,1150,0,0,1150,
ITEM003803,ORD00635,PROD0013,Skincare,Nykaa Cosmetics,1,716,0,0,716,4
ITEM003804,ORD00635,PROD0077,Fragrance,Lakme,3,2406,30,2165.4,5052.6,5
ITEM003805,ORD00635,PROD0056,Haircare,MAC,1,1009,20,201.8,807.2,5
ITEM003806,ORD00624,PROD0033,Makeup,Mamaearth,1,2384,0,0,2384,5
ITEM003807,ORD00624,PROD0084,Bath & Body,Mamaearth,1,750,15,112.5,637.5,4
ITEM003808,ORD00304,PROD0093,Men's Grooming,Nykaa Cosmetics,1,245,0,0,245,
ITEM003809,ORD00304,PROD0087,Bath & Body,Dot & Key,1,222,0,0,222,
ITEM003810,ORD03092,PROD0075,Fragrance,Forest Essentials,1,1648,30,494.4,1153.6,2
ITEM003811,ORD03092,PROD0094,Men's Grooming,MAC,1,243,5,12.15,230.85,5
ITEM003812,ORD03092,PROD0054,Haircare,Dot & Key,1,181,0,0,181,3
ITEM003813,ORD03092,PROD0044,Makeup,Nykaa Cosmetics,1,701,20,140.2,560.8,4
ITEM003814,ORD04985,PROD0095,Men's Grooming,The Ordinary,2,269,15,80.7,457.3,4
ITEM003815,ORD01551,PROD0081,Bath & Body,L'Oreal Paris,1,767,5,38.35,728.65,3
ITEM003816,ORD03348,PROD0044,Makeup,Nykaa Cosmetics,2,701,5,70.1,1331.9,5
ITEM003817,ORD03348,PROD0081,Bath & Body,L'Oreal Paris,2,767,10,153.4,1380.6,5
ITEM003818,ORD00195,PROD0064,Haircare,The Ordinary,1,642,0,0,642,
ITEM003819,ORD01795,PROD0107,Wellness,Sugar Cosmetics,1,1156,0,0,1156,4
ITEM003820,ORD04131,PROD0053,Haircare,Forest Essentials,2,1102,10,220.4,1983.6,4
ITEM003821,ORD02364,PROD0109,Wellness,L'Oreal Paris,1,625,0,0,625,4
ITEM003822,ORD03308,PROD0096,Men's Grooming,The Ordinary,1,520,20,104,416,5
ITEM003823,ORD03308,PROD0036,Makeup,Dot & Key,1,988,5,49.4,938.6,3
ITEM003824,ORD03067,PROD0060,Haircare,Plum,1,512,0,0,512,5
ITEM003825,ORD01878,PROD0034,Makeup,WOW Skin Science,1,2004,10,200.4,1803.6,4
ITEM003826,ORD01878,PROD0035,Makeup,Sugar Cosmetics,1,526,15,78.9,447.1,2
ITEM003827,ORD04152,PROD0088,Bath & Body,Sugar Cosmetics,2,669,30,401.4,936.6,
ITEM003828,ORD01988,PROD0048,Haircare,Maybelline,2,775,20,310,1240,5
ITEM003829,ORD03461,PROD0028,Makeup,L'Oreal Paris,1,844,0,0,844,5
ITEM003830,ORD00159,PROD0087,Bath & Body,Dot & Key,2,222,5,22.2,421.8,5
ITEM003831,ORD00159,PROD0081,Bath & Body,L'Oreal Paris,1,767,10,76.7,690.3,4
ITEM003832,ORD04580,PROD0071,Fragrance,Maybelline,1,1416,0,0,1416,
ITEM003833,ORD00171,PROD0088,Bath & Body,Sugar Cosmetics,3,669,30,602.1,1404.9,4
ITEM003834,ORD03778,PROD0100,Men's Grooming,Minimalist,1,156,0,0,156,5
ITEM003835,ORD03778,PROD0024,Skincare,MAC,2,900,30,540,1260,5
ITEM003836,ORD03778,PROD0013,Skincare,Nykaa Cosmetics,1,716,15,107.4,608.6,3
ITEM003837,ORD03778,PROD0037,Makeup,Mamaearth,1,209,5,10.45,198.55,5
ITEM003838,ORD04541,PROD0079,Bath & Body,L'Oreal Paris,1,653,20,130.6,522.4,4
ITEM003839,ORD04541,PROD0108,Wellness,The Ordinary,1,945,10,94.5,850.5,3
ITEM003840,ORD03331,PROD0026,Makeup,Biotique,1,267,0,0,267,
ITEM003841,ORD01472,PROD0073,Fragrance,Biotique,1,2226,30,667.8,1558.2,5
ITEM003842,ORD01978,PROD0094,Men's Grooming,MAC,1,243,10,24.3,218.7,5
ITEM003843,ORD02325,PROD0090,Men's Grooming,NIVEA,2,842,10,168.4,1515.6,
ITEM003844,ORD02325,PROD0030,Makeup,Nykaa Cosmetics,1,946,10,94.6,851.4,
ITEM003845,ORD02247,PROD0029,Makeup,Biotique,2,1007,0,0,2014,
ITEM003846,ORD04762,PROD0037,Makeup,Mamaearth,1,209,20,41.8,167.2,
ITEM003847,ORD04762,PROD0026,Makeup,Biotique,1,267,0,0,267,
ITEM003848,ORD01833,PROD0030,Makeup,Nykaa Cosmetics,1,946,0,0,946,
ITEM003849,ORD01833,PROD0110,Wellness,Nykaa Cosmetics,1,1400,0,0,1400,
ITEM003850,ORD03769,PROD0052,Haircare,Nykaa Cosmetics,1,915,20,183,732,5
ITEM003851,ORD03769,PROD0005,Skincare,Biotique,1,893,20,178.6,714.4,5
ITEM003852,ORD03769,PROD0064,Haircare,The Ordinary,2,642,15,192.6,1091.4,2
ITEM003853,ORD00640,PROD0051,Haircare,WOW Skin Science,1,847,20,169.4,677.6,4
ITEM003854,ORD04773,PROD0090,Men's Grooming,NIVEA,1,842,20,168.4,673.6,4
ITEM003855,ORD00455,PROD0101,Wellness,Mamaearth,1,930,0,0,930,5
ITEM003856,ORD00455,PROD0106,Wellness,Forest Essentials,1,762,10,76.2,685.8,3
ITEM003857,ORD00455,PROD0042,Makeup,Sugar Cosmetics,1,647,15,97.05,549.95,3
ITEM003858,ORD00455,PROD0015,Skincare,Biotique,1,1295,20,259,1036,1
ITEM003859,ORD00675,PROD0076,Fragrance,Dot & Key,1,552,15,82.8,469.2,5
ITEM003860,ORD04372,PROD0047,Haircare,Biotique,1,665,0,0,665,5
ITEM003861,ORD04372,PROD0039,Makeup,Nykaa Cosmetics,1,864,5,43.2,820.8,5
ITEM003862,ORD00186,PROD0065,Haircare,Forest Essentials,1,334,10,33.4,300.6,5
ITEM003863,ORD02310,PROD0049,Haircare,Forest Essentials,3,718,0,0,2154,4
ITEM003864,ORD02310,PROD0098,Men's Grooming,The Ordinary,1,241,10,24.1,216.9,5
ITEM003865,ORD02310,PROD0100,Men's Grooming,Minimalist,1,156,0,0,156,5
ITEM003866,ORD01987,PROD0066,Fragrance,Forest Essentials,1,2975,0,0,2975,4
ITEM003867,ORD01987,PROD0103,Wellness,Forest Essentials,1,1146,0,0,1146,5
ITEM003868,ORD03313,PROD0055,Haircare,Minimalist,1,967,0,0,967,2
ITEM003869,ORD03313,PROD0051,Haircare,WOW Skin Science,2,847,0,0,1694,5
ITEM003870,ORD04807,PROD0101,Wellness,Mamaearth,2,930,20,372,1488,5
ITEM003871,ORD04807,PROD0025,Skincare,Forest Essentials,2,639,10,127.8,1150.2,3
ITEM003872,ORD00559,PROD0091,Men's Grooming,WOW Skin Science,1,530,10,53,477,4
ITEM003873,ORD02284,PROD0093,Men's Grooming,Nykaa Cosmetics,1,245,15,36.75,208.25,2
ITEM003874,ORD02284,PROD0027,Makeup,Mamaearth,1,1454,10,145.4,1308.6,5
ITEM003875,ORD04780,PROD0004,Skincare,Dot & Key,1,1072,0,0,1072,2
ITEM003876,ORD04780,PROD0058,Haircare,Mamaearth,1,841,10,84.1,756.9,5
ITEM003877,ORD03593,PROD0052,Haircare,Nykaa Cosmetics,2,915,30,549,1281,3
ITEM003878,ORD02861,PROD0075,Fragrance,Forest Essentials,2,1648,5,164.8,3131.2,5
ITEM003879,ORD03028,PROD0002,Skincare,Dot & Key,1,483,30,144.9,338.1,5
ITEM003880,ORD02482,PROD0041,Makeup,Mamaearth,1,1516,10,151.6,1364.4,4
ITEM003881,ORD02482,PROD0082,Bath & Body,Sugar Cosmetics,2,621,0,0,1242,4
ITEM003882,ORD02482,PROD0039,Makeup,Nykaa Cosmetics,1,864,30,259.2,604.8,4
ITEM003883,ORD02482,PROD0055,Haircare,Minimalist,2,967,20,386.8,1547.2,5
ITEM003884,ORD03494,PROD0047,Haircare,Biotique,1,665,30,199.5,465.5,4
ITEM003885,ORD03494,PROD0016,Skincare,The Ordinary,1,1150,0,0,1150,5
ITEM003886,ORD03494,PROD0048,Haircare,Maybelline,1,775,0,0,775,3
ITEM003887,ORD03494,PROD0098,Men's Grooming,The Ordinary,3,241,30,216.9,506.1,3
ITEM003888,ORD02053,PROD0101,Wellness,Mamaearth,1,930,15,139.5,790.5,3
ITEM003889,ORD02053,PROD0052,Haircare,Nykaa Cosmetics,1,915,0,0,915,5
ITEM003890,ORD00898,PROD0014,Skincare,Sugar Cosmetics,3,1200,20,720,2880,
ITEM003891,ORD00898,PROD0020,Skincare,Maybelline,3,1237,30,1113.3,2597.7,
ITEM003892,ORD00898,PROD0110,Wellness,Nykaa Cosmetics,1,1400,0,0,1400,
ITEM003893,ORD03705,PROD0077,Fragrance,Lakme,1,2406,30,721.8,1684.2,5
ITEM003894,ORD03705,PROD0109,Wellness,L'Oreal Paris,2,625,20,250,1000,4
ITEM003895,ORD04365,PROD0065,Haircare,Forest Essentials,2,334,0,0,668,3
ITEM003896,ORD04365,PROD0083,Bath & Body,Minimalist,2,446,30,267.6,624.4,4
ITEM003897,ORD04365,PROD0108,Wellness,The Ordinary,3,945,0,0,2835,5
ITEM003898,ORD04365,PROD0003,Skincare,MAC,1,1606,0,0,1606,4
ITEM003899,ORD04223,PROD0056,Haircare,MAC,2,1009,5,100.9,1917.1,5
ITEM003900,ORD01967,PROD0053,Haircare,Forest Essentials,2,1102,0,0,2204,4
ITEM003901,ORD01967,PROD0096,Men's Grooming,The Ordinary,2,520,10,104,936,5
ITEM003902,ORD01967,PROD0052,Haircare,Nykaa Cosmetics,2,915,10,183,1647,4
ITEM003903,ORD01967,PROD0086,Bath & Body,Sugar Cosmetics,1,317,20,63.4,253.6,4
ITEM003904,ORD01505,PROD0029,Makeup,Biotique,1,1007,10,100.7,906.3,4
ITEM003905,ORD01505,PROD0099,Men's Grooming,Forest Essentials,2,554,15,166.2,941.8,5
ITEM003906,ORD02165,PROD0043,Makeup,WOW Skin Science,3,1330,0,0,3990,4
ITEM003907,ORD04055,PROD0080,Bath & Body,Lakme,1,152,10,15.2,136.8,5
ITEM003908,ORD04055,PROD0056,Haircare,MAC,1,1009,5,50.45,958.55,5
ITEM003909,ORD04055,PROD0038,Makeup,The Ordinary,1,477,20,95.4,381.6,5
ITEM003910,ORD04523,PROD0050,Haircare,Nykaa Cosmetics,2,762,20,304.8,1219.2,4
ITEM003911,ORD04523,PROD0093,Men's Grooming,Nykaa Cosmetics,2,245,5,24.5,465.5,3
ITEM003912,ORD01986,PROD0087,Bath & Body,Dot & Key,1,222,0,0,222,5
ITEM003913,ORD03035,PROD0049,Haircare,Forest Essentials,1,718,20,143.6,574.4,5
ITEM003914,ORD03662,PROD0008,Skincare,Forest Essentials,1,317,20,63.4,253.6,4
ITEM003915,ORD04712,PROD0030,Makeup,Nykaa Cosmetics,1,946,30,283.8,662.2,5
ITEM003916,ORD04510,PROD0106,Wellness,Forest Essentials,1,762,0,0,762,3
ITEM003917,ORD00428,PROD0071,Fragrance,Maybelline,1,1416,0,0,1416,2
ITEM003918,ORD00428,PROD0032,Makeup,Maybelline,2,2207,15,662.1,3751.9,4
ITEM003919,ORD00428,PROD0070,Fragrance,NIVEA,2,2241,20,896.4,3585.6,5
ITEM003920,ORD00428,PROD0099,Men's Grooming,Forest Essentials,2,554,15,166.2,941.8,5
ITEM003921,ORD04836,PROD0106,Wellness,Forest Essentials,1,762,0,0,762,4
ITEM003922,ORD04836,PROD0026,Makeup,Biotique,2,267,10,53.4,480.6,3
ITEM003923,ORD04836,PROD0080,Bath & Body,Lakme,1,152,20,30.4,121.6,3
ITEM003924,ORD01690,PROD0032,Makeup,Maybelline,1,2207,10,220.7,1986.3,
ITEM003925,ORD01690,PROD0100,Men's Grooming,Minimalist,1,156,0,0,156,
ITEM003926,ORD02277,PROD0105,Wellness,Minimalist,3,1068,30,961.2,2242.8,5
ITEM003927,ORD02277,PROD0060,Haircare,Plum,1,512,5,25.6,486.4,2
ITEM003928,ORD03075,PROD0075,Fragrance,Forest Essentials,1,1648,15,247.2,1400.8,5
ITEM003929,ORD03061,PROD0026,Makeup,Biotique,1,267,15,40.05,226.95,5
ITEM003930,ORD03061,PROD0011,Skincare,Lakme,1,1528,15,229.2,1298.8,5
ITEM003931,ORD03061,PROD0060,Haircare,Plum,3,512,10,153.6,1382.4,3
ITEM003932,ORD03061,PROD0103,Wellness,Forest Essentials,1,1146,10,114.6,1031.4,1
ITEM003933,ORD01585,PROD0099,Men's Grooming,Forest Essentials,1,554,5,27.7,526.3,5
ITEM003934,ORD02271,PROD0109,Wellness,L'Oreal Paris,1,625,10,62.5,562.5,4
ITEM003935,ORD02271,PROD0031,Makeup,WOW Skin Science,1,1892,5,94.6,1797.4,1
ITEM003936,ORD00017,PROD0007,Skincare,Biotique,1,995,0,0,995,4
ITEM003937,ORD00017,PROD0021,Skincare,Biotique,1,869,15,130.35,738.65,5
ITEM003938,ORD02411,PROD0043,Makeup,WOW Skin Science,1,1330,5,66.5,1263.5,2
ITEM003939,ORD02411,PROD0041,Makeup,Mamaearth,1,1516,20,303.2,1212.8,5
ITEM003940,ORD03636,PROD0037,Makeup,Mamaearth,1,209,5,10.45,198.55,
ITEM003941,ORD03636,PROD0056,Haircare,MAC,2,1009,15,302.7,1715.3,
ITEM003942,ORD02033,PROD0036,Makeup,Dot & Key,1,988,0,0,988,5
ITEM003943,ORD02033,PROD0104,Wellness,Nykaa Cosmetics,1,1259,5,62.95,1196.05,2
ITEM003944,ORD03248,PROD0045,Makeup,WOW Skin Science,1,1690,15,253.5,1436.5,3
ITEM003945,ORD02649,PROD0068,Fragrance,Minimalist,1,1193,5,59.65,1133.35,
ITEM003946,ORD01300,PROD0109,Wellness,L'Oreal Paris,1,625,15,93.75,531.25,
ITEM003947,ORD01300,PROD0099,Men's Grooming,Forest Essentials,1,554,30,166.2,387.8,
ITEM003948,ORD01300,PROD0013,Skincare,Nykaa Cosmetics,2,716,15,214.8,1217.2,
ITEM003949,ORD00252,PROD0095,Men's Grooming,The Ordinary,1,269,5,13.45,255.55,
ITEM003950,ORD00252,PROD0075,Fragrance,Forest Essentials,1,1648,30,494.4,1153.6,
ITEM003951,ORD00252,PROD0039,Makeup,Nykaa Cosmetics,1,864,0,0,864,
ITEM003952,ORD00252,PROD0035,Makeup,Sugar Cosmetics,1,526,15,78.9,447.1,
ITEM003953,ORD01897,PROD0025,Skincare,Forest Essentials,2,639,5,63.9,1214.1,4
ITEM003954,ORD04602,PROD0096,Men's Grooming,The Ordinary,1,520,15,78,442,
ITEM003955,ORD03442,PROD0015,Skincare,Biotique,3,1295,20,777,3108,
ITEM003956,ORD02644,PROD0006,Skincare,Nykaa Cosmetics,1,1639,5,81.95,1557.05,
ITEM003957,ORD02644,PROD0083,Bath & Body,Minimalist,1,446,5,22.3,423.7,
ITEM003958,ORD03988,PROD0066,Fragrance,Forest Essentials,1,2975,0,0,2975,2
ITEM003959,ORD03988,PROD0087,Bath & Body,Dot & Key,3,222,30,199.8,466.2,5
ITEM003960,ORD00622,PROD0032,Makeup,Maybelline,2,2207,15,662.1,3751.9,5
ITEM003961,ORD00622,PROD0094,Men's Grooming,MAC,1,243,30,72.9,170.1,4
ITEM003962,ORD01354,PROD0021,Skincare,Biotique,1,869,0,0,869,3
ITEM003963,ORD04876,PROD0088,Bath & Body,Sugar Cosmetics,1,669,0,0,669,5
ITEM003964,ORD04876,PROD0030,Makeup,Nykaa Cosmetics,2,946,0,0,1892,5
ITEM003965,ORD04876,PROD0024,Skincare,MAC,2,900,0,0,1800,5
ITEM003966,ORD03990,PROD0075,Fragrance,Forest Essentials,1,1648,15,247.2,1400.8,
ITEM003967,ORD01310,PROD0044,Makeup,Nykaa Cosmetics,1,701,0,0,701,5
ITEM003968,ORD01310,PROD0063,Haircare,Mamaearth,1,1105,15,165.75,939.25,5
ITEM003969,ORD01310,PROD0035,Makeup,Sugar Cosmetics,2,526,10,105.2,946.8,5
ITEM003970,ORD01310,PROD0102,Wellness,MAC,2,1278,20,511.2,2044.8,5
ITEM003971,ORD02675,PROD0018,Skincare,Dot & Key,1,1081,20,216.2,864.8,
ITEM003972,ORD00846,PROD0038,Makeup,The Ordinary,1,477,10,47.7,429.3,
ITEM003973,ORD00846,PROD0010,Skincare,The Ordinary,1,893,30,267.9,625.1,
ITEM003974,ORD03166,PROD0050,Haircare,Nykaa Cosmetics,1,762,5,38.1,723.9,5
ITEM003975,ORD03166,PROD0017,Skincare,WOW Skin Science,1,1699,0,0,1699,5
ITEM003976,ORD02757,PROD0052,Haircare,Nykaa Cosmetics,1,915,0,0,915,5
ITEM003977,ORD02757,PROD0073,Fragrance,Biotique,1,2226,10,222.6,2003.4,4
ITEM003978,ORD00977,PROD0001,Skincare,Minimalist,2,1006,20,402.4,1609.6,5
ITEM003979,ORD03111,PROD0069,Fragrance,Plum,1,1765,10,176.5,1588.5,4
ITEM003980,ORD02394,PROD0088,Bath & Body,Sugar Cosmetics,1,669,20,133.8,535.2,4
ITEM003981,ORD02394,PROD0069,Fragrance,Plum,1,1765,0,0,1765,5
ITEM003982,ORD02394,PROD0099,Men's Grooming,Forest Essentials,2,554,5,55.4,1052.6,5
ITEM003983,ORD02133,PROD0002,Skincare,Dot & Key,1,483,15,72.45,410.55,5
ITEM003984,ORD02133,PROD0061,Haircare,L'Oreal Paris,1,466,15,69.9,396.1,3
ITEM003985,ORD01430,PROD0025,Skincare,Forest Essentials,2,639,30,383.4,894.6,5
ITEM003986,ORD04139,PROD0020,Skincare,Maybelline,1,1237,0,0,1237,3
ITEM003987,ORD04139,PROD0042,Makeup,Sugar Cosmetics,1,647,15,97.05,549.95,4
ITEM003988,ORD04139,PROD0026,Makeup,Biotique,1,267,15,40.05,226.95,2
ITEM003989,ORD04139,PROD0009,Skincare,NIVEA,2,720,30,432,1008,4
ITEM003990,ORD02327,PROD0096,Men's Grooming,The Ordinary,1,520,15,78,442,5
ITEM003991,ORD04557,PROD0065,Haircare,Forest Essentials,2,334,0,0,668,5
ITEM003992,ORD04557,PROD0109,Wellness,L'Oreal Paris,1,625,0,0,625,5
ITEM003993,ORD04557,PROD0104,Wellness,Nykaa Cosmetics,1,1259,30,377.7,881.3,5
ITEM003994,ORD01539,PROD0054,Haircare,Dot & Key,1,181,10,18.1,162.9,5
ITEM003995,ORD02621,PROD0035,Makeup,Sugar Cosmetics,1,526,0,0,526,5
ITEM003996,ORD02109,PROD0001,Skincare,Minimalist,1,1006,0,0,1006,5
ITEM003997,ORD02109,PROD0111,Wellness,Maybelline,1,489,0,0,489,4
ITEM003998,ORD03446,PROD0007,Skincare,Biotique,1,995,30,298.5,696.5,5
ITEM003999,ORD04402,PROD0031,Makeup,WOW Skin Science,1,1892,0,0,1892,4
ITEM004000,ORD04260,PROD0052,Haircare,Nykaa Cosmetics,1,915,5,45.75,869.25,
ITEM004001,ORD04260,PROD0105,Wellness,Minimalist,1,1068,15,160.2,907.8,
ITEM004002,ORD00406,PROD0069,Fragrance,Plum,1,1765,5,88.25,1676.75,
ITEM004003,ORD00406,PROD0017,Skincare,WOW Skin Science,2,1699,15,509.7,2888.3,
ITEM004004,ORD03800,PROD0009,Skincare,NIVEA,1,720,5,36,684,
ITEM004005,ORD03533,PROD0070,Fragrance,NIVEA,2,2241,0,0,4482,5
ITEM004006,ORD03214,PROD0001,Skincare,Minimalist,1,1006,20,201.2,804.8,4
ITEM004007,ORD00475,PROD0007,Skincare,Biotique,2,995,10,199,1791,4
ITEM004008,ORD03501,PROD0035,Makeup,Sugar Cosmetics,1,526,5,26.3,499.7,3
ITEM004009,ORD00344,PROD0017,Skincare,WOW Skin Science,2,1699,0,0,3398,5
ITEM004010,ORD00344,PROD0100,Men's Grooming,Minimalist,2,156,5,15.6,296.4,3
ITEM004011,ORD00344,PROD0065,Haircare,Forest Essentials,1,334,0,0,334,4
ITEM004012,ORD00344,PROD0026,Makeup,Biotique,2,267,20,106.8,427.2,3
ITEM004013,ORD03051,PROD0010,Skincare,The Ordinary,2,893,30,535.8,1250.2,5
ITEM004014,ORD03051,PROD0059,Haircare,Minimalist,1,503,15,75.45,427.55,5
ITEM004015,ORD03051,PROD0027,Makeup,Mamaearth,2,1454,15,436.2,2471.8,5
ITEM004016,ORD03051,PROD0050,Haircare,Nykaa Cosmetics,2,762,20,304.8,1219.2,5
ITEM004017,ORD04852,PROD0044,Makeup,Nykaa Cosmetics,1,701,5,35.05,665.95,4
ITEM004018,ORD04852,PROD0108,Wellness,The Ordinary,3,945,10,283.5,2551.5,5
ITEM004019,ORD04413,PROD0026,Makeup,Biotique,1,267,0,0,267,4
ITEM004020,ORD04413,PROD0020,Skincare,Maybelline,1,1237,20,247.4,989.6,5
ITEM004021,ORD02495,PROD0013,Skincare,Nykaa Cosmetics,3,716,15,322.2,1825.8,5
ITEM004022,ORD02495,PROD0097,Men's Grooming,Maybelline,1,369,20,73.8,295.2,5
ITEM004023,ORD02495,PROD0015,Skincare,Biotique,1,1295,0,0,1295,4
ITEM004024,ORD01784,PROD0101,Wellness,Mamaearth,2,930,5,93,1767,
ITEM004025,ORD00024,PROD0007,Skincare,Biotique,1,995,0,0,995,
ITEM004026,ORD02488,PROD0112,Wellness,NIVEA,2,964,15,289.2,1638.8,5
ITEM004027,ORD02488,PROD0090,Men's Grooming,NIVEA,1,842,0,0,842,5
ITEM004028,ORD04579,PROD0103,Wellness,Forest Essentials,1,1146,0,0,1146,2
ITEM004029,ORD04579,PROD0087,Bath & Body,Dot & Key,1,222,5,11.1,210.9,5
ITEM004030,ORD01046,PROD0006,Skincare,Nykaa Cosmetics,3,1639,0,0,4917,
ITEM004031,ORD01046,PROD0060,Haircare,Plum,1,512,15,76.8,435.2,
ITEM004032,ORD01046,PROD0101,Wellness,Mamaearth,1,930,0,0,930,
ITEM004033,ORD01046,PROD0058,Haircare,Mamaearth,2,841,20,336.4,1345.6,
ITEM004034,ORD04219,PROD0058,Haircare,Mamaearth,1,841,10,84.1,756.9,
ITEM004035,ORD00841,PROD0034,Makeup,WOW Skin Science,1,2004,20,400.8,1603.2,
ITEM004036,ORD02112,PROD0107,Wellness,Sugar Cosmetics,1,1156,0,0,1156,
ITEM004037,ORD02112,PROD0042,Makeup,Sugar Cosmetics,1,647,5,32.35,614.65,
ITEM004038,ORD00359,PROD0043,Makeup,WOW Skin Science,1,1330,20,266,1064,5
ITEM004039,ORD01128,PROD0066,Fragrance,Forest Essentials,2,2975,0,0,5950,
ITEM004040,ORD01128,PROD0112,Wellness,NIVEA,1,964,0,0,964,
ITEM004041,ORD03444,PROD0074,Fragrance,NIVEA,1,752,5,37.6,714.4,5
ITEM004042,ORD03444,PROD0064,Haircare,The Ordinary,1,642,15,96.3,545.7,3
ITEM004043,ORD03556,PROD0032,Makeup,Maybelline,1,2207,5,110.35,2096.65,5
ITEM004044,ORD01318,PROD0030,Makeup,Nykaa Cosmetics,2,946,20,378.4,1513.6,
ITEM004045,ORD01318,PROD0043,Makeup,WOW Skin Science,2,1330,5,133,2527,
ITEM004046,ORD00775,PROD0018,Skincare,Dot & Key,1,1081,15,162.15,918.85,5
ITEM004047,ORD00775,PROD0047,Haircare,Biotique,1,665,15,99.75,565.25,4
ITEM004048,ORD04195,PROD0062,Haircare,WOW Skin Science,2,769,5,76.9,1461.1,2
ITEM004049,ORD04665,PROD0028,Makeup,L'Oreal Paris,2,844,10,168.8,1519.2,3
ITEM004050,ORD04665,PROD0001,Skincare,Minimalist,1,1006,15,150.9,855.1,5
ITEM004051,ORD00860,PROD0031,Makeup,WOW Skin Science,3,1892,20,1135.2,4540.8,4
ITEM004052,ORD00860,PROD0111,Wellness,Maybelline,1,489,15,73.35,415.65,4
ITEM004053,ORD01799,PROD0093,Men's Grooming,Nykaa Cosmetics,2,245,5,24.5,465.5,3
ITEM004054,ORD01799,PROD0112,Wellness,NIVEA,1,964,30,289.2,674.8,2
ITEM004055,ORD01799,PROD0105,Wellness,Minimalist,1,1068,5,53.4,1014.6,4
ITEM004056,ORD04809,PROD0037,Makeup,Mamaearth,1,209,15,31.35,177.65,5
ITEM004057,ORD04809,PROD0024,Skincare,MAC,1,900,20,180,720,3
ITEM004058,ORD00588,PROD0081,Bath & Body,L'Oreal Paris,2,767,0,0,1534,5
ITEM004059,ORD00588,PROD0056,Haircare,MAC,1,1009,20,201.8,807.2,5
ITEM004060,ORD03064,PROD0105,Wellness,Minimalist,2,1068,5,106.8,2029.2,
ITEM004061,ORD04887,PROD0022,Skincare,MAC,1,1685,0,0,1685,
ITEM004062,ORD04887,PROD0110,Wellness,Nykaa Cosmetics,2,1400,10,280,2520,
ITEM004063,ORD02294,PROD0092,Men's Grooming,Lakme,1,463,15,69.45,393.55,3
ITEM004064,ORD02294,PROD0091,Men's Grooming,WOW Skin Science,1,530,10,53,477,4
ITEM004065,ORD02895,PROD0070,Fragrance,NIVEA,1,2241,0,0,2241,4
ITEM004066,ORD04923,PROD0069,Fragrance,Plum,1,1765,0,0,1765,4
ITEM004067,ORD04843,PROD0004,Skincare,Dot & Key,2,1072,0,0,2144,5
ITEM004068,ORD04843,PROD0072,Fragrance,The Ordinary,1,1765,15,264.75,1500.25,5
ITEM004069,ORD02037,PROD0063,Haircare,Mamaearth,1,1105,10,110.5,994.5,4
ITEM004070,ORD02037,PROD0083,Bath & Body,Minimalist,1,446,10,44.6,401.4,3
ITEM004071,ORD01975,PROD0089,Bath & Body,Biotique,1,384,20,76.8,307.2,5
ITEM004072,ORD01448,PROD0057,Haircare,The Ordinary,1,735,0,0,735,4
ITEM004073,ORD01448,PROD0016,Skincare,The Ordinary,1,1150,15,172.5,977.5,5
ITEM004074,ORD01182,PROD0031,Makeup,WOW Skin Science,1,1892,20,378.4,1513.6,
ITEM004075,ORD01182,PROD0074,Fragrance,NIVEA,2,752,10,150.4,1353.6,
ITEM004076,ORD01182,PROD0051,Haircare,WOW Skin Science,1,847,30,254.1,592.9,
ITEM004077,ORD02530,PROD0093,Men's Grooming,Nykaa Cosmetics,1,245,5,12.25,232.75,4
ITEM004078,ORD03365,PROD0040,Makeup,NIVEA,2,681,0,0,1362,
ITEM004079,ORD03763,PROD0038,Makeup,The Ordinary,1,477,0,0,477,2
ITEM004080,ORD03763,PROD0024,Skincare,MAC,1,900,5,45,855,4
ITEM004081,ORD02701,PROD0051,Haircare,WOW Skin Science,1,847,30,254.1,592.9,
ITEM004082,ORD02701,PROD0046,Makeup,The Ordinary,1,532,0,0,532,
ITEM004083,ORD02701,PROD0014,Skincare,Sugar Cosmetics,1,1200,20,240,960,
ITEM004084,ORD03477,PROD0031,Makeup,WOW Skin Science,1,1892,5,94.6,1797.4,5
ITEM004085,ORD03477,PROD0012,Skincare,Minimalist,2,428,10,85.6,770.4,4
ITEM004086,ORD02150,PROD0002,Skincare,Dot & Key,1,483,10,48.3,434.7,4
ITEM004087,ORD02150,PROD0048,Haircare,Maybelline,1,775,20,155,620,5
ITEM004088,ORD02150,PROD0063,Haircare,Mamaearth,1,1105,30,331.5,773.5,5
ITEM004089,ORD04920,PROD0099,Men's Grooming,Forest Essentials,1,554,30,166.2,387.8,5
ITEM004090,ORD04920,PROD0036,Makeup,Dot & Key,1,988,5,49.4,938.6,4
ITEM004091,ORD04920,PROD0041,Makeup,Mamaearth,1,1516,0,0,1516,5
ITEM004092,ORD03695,PROD0003,Skincare,MAC,1,1606,5,80.3,1525.7,3
ITEM004093,ORD03695,PROD0015,Skincare,Biotique,1,1295,20,259,1036,5
ITEM004094,ORD02943,PROD0066,Fragrance,Forest Essentials,1,2975,10,297.5,2677.5,5
ITEM004095,ORD02943,PROD0095,Men's Grooming,The Ordinary,1,269,15,40.35,228.65,4
ITEM004096,ORD04028,PROD0077,Fragrance,Lakme,2,2406,10,481.2,4330.8,
ITEM004097,ORD04028,PROD0002,Skincare,Dot & Key,1,483,0,0,483,
ITEM004098,ORD04028,PROD0019,Skincare,The Ordinary,1,1588,30,476.4,1111.6,
ITEM004099,ORD00956,PROD0057,Haircare,The Ordinary,1,735,5,36.75,698.25,5
ITEM004100,ORD01507,PROD0001,Skincare,Minimalist,3,1006,10,301.8,2716.2,
ITEM004101,ORD00514,PROD0071,Fragrance,Maybelline,2,1416,20,566.4,2265.6,3
ITEM004102,ORD00514,PROD0048,Haircare,Maybelline,1,775,5,38.75,736.25,5
ITEM004103,ORD00366,PROD0069,Fragrance,Plum,1,1765,10,176.5,1588.5,5
ITEM004104,ORD03716,PROD0091,Men's Grooming,WOW Skin Science,1,530,30,159,371,
ITEM004105,ORD03716,PROD0024,Skincare,MAC,1,900,0,0,900,
ITEM004106,ORD01462,PROD0037,Makeup,Mamaearth,1,209,10,20.9,188.1,5
ITEM004107,ORD04518,PROD0100,Men's Grooming,Minimalist,2,156,0,0,312,5
ITEM004108,ORD00833,PROD0050,Haircare,Nykaa Cosmetics,1,762,0,0,762,
ITEM004109,ORD01221,PROD0027,Makeup,Mamaearth,2,1454,5,145.4,2762.6,3
ITEM004110,ORD02746,PROD0112,Wellness,NIVEA,2,964,0,0,1928,
ITEM004111,ORD02746,PROD0098,Men's Grooming,The Ordinary,1,241,20,48.2,192.8,
ITEM004112,ORD02746,PROD0100,Men's Grooming,Minimalist,1,156,5,7.8,148.2,
ITEM004113,ORD02746,PROD0057,Haircare,The Ordinary,1,735,0,0,735,
ITEM004114,ORD03447,PROD0006,Skincare,Nykaa Cosmetics,2,1639,15,491.7,2786.3,4
ITEM004115,ORD00132,PROD0013,Skincare,Nykaa Cosmetics,2,716,0,0,1432,4
ITEM004116,ORD00132,PROD0084,Bath & Body,Mamaearth,3,750,0,0,2250,4
ITEM004117,ORD01697,PROD0112,Wellness,NIVEA,1,964,15,144.6,819.4,4
ITEM004118,ORD01697,PROD0072,Fragrance,The Ordinary,2,1765,30,1059,2471,2
ITEM004119,ORD01697,PROD0054,Haircare,Dot & Key,1,181,0,0,181,3
ITEM004120,ORD00256,PROD0023,Skincare,Biotique,1,1629,0,0,1629,5
ITEM004121,ORD00256,PROD0031,Makeup,WOW Skin Science,1,1892,10,189.2,1702.8,4
ITEM004122,ORD00256,PROD0096,Men's Grooming,The Ordinary,2,520,0,0,1040,4
ITEM004123,ORD04155,PROD0111,Wellness,Maybelline,1,489,5,24.45,464.55,4
ITEM004124,ORD04155,PROD0090,Men's Grooming,NIVEA,1,842,0,0,842,5
ITEM004125,ORD02348,PROD0081,Bath & Body,L'Oreal Paris,1,767,15,115.05,651.95,5
ITEM004126,ORD02522,PROD0018,Skincare,Dot & Key,1,1081,0,0,1081,4
ITEM004127,ORD01230,PROD0030,Makeup,Nykaa Cosmetics,1,946,30,283.8,662.2,4
ITEM004128,ORD01230,PROD0017,Skincare,WOW Skin Science,1,1699,30,509.7,1189.3,2
ITEM004129,ORD02308,PROD0100,Men's Grooming,Minimalist,1,156,0,0,156,4
ITEM004130,ORD01225,PROD0084,Bath & Body,Mamaearth,2,750,5,75,1425,4
ITEM004131,ORD01225,PROD0077,Fragrance,Lakme,2,2406,0,0,4812,3
ITEM004132,ORD01924,PROD0090,Men's Grooming,NIVEA,2,842,0,0,1684,4
ITEM004133,ORD01924,PROD0054,Haircare,Dot & Key,1,181,0,0,181,4
ITEM004134,ORD01924,PROD0038,Makeup,The Ordinary,3,477,0,0,1431,5
ITEM004135,ORD02406,PROD0090,Men's Grooming,NIVEA,1,842,5,42.1,799.9,1
ITEM004136,ORD02406,PROD0014,Skincare,Sugar Cosmetics,1,1200,0,0,1200,2
ITEM004137,ORD02406,PROD0092,Men's Grooming,Lakme,1,463,15,69.45,393.55,4
ITEM004138,ORD02406,PROD0043,Makeup,WOW Skin Science,1,1330,20,266,1064,5
ITEM004139,ORD01044,PROD0102,Wellness,MAC,2,1278,10,255.6,2300.4,5
ITEM004140,ORD01044,PROD0022,Skincare,MAC,2,1685,30,1011,2359,4
ITEM004141,ORD03857,PROD0059,Haircare,Minimalist,1,503,0,0,503,
ITEM004142,ORD04083,PROD0012,Skincare,Minimalist,1,428,0,0,428,3
ITEM004143,ORD04083,PROD0042,Makeup,Sugar Cosmetics,1,647,10,64.7,582.3,5
ITEM004144,ORD04555,PROD0091,Men's Grooming,WOW Skin Science,1,530,0,0,530,3
ITEM004145,ORD01260,PROD0079,Bath & Body,L'Oreal Paris,2,653,10,130.6,1175.4,4
ITEM004146,ORD01395,PROD0051,Haircare,WOW Skin Science,1,847,30,254.1,592.9,
ITEM004147,ORD02076,PROD0080,Bath & Body,Lakme,3,152,5,22.8,433.2,5
ITEM004148,ORD02169,PROD0055,Haircare,Minimalist,1,967,20,193.4,773.6,3
ITEM004149,ORD02169,PROD0110,Wellness,Nykaa Cosmetics,3,1400,30,1260,2940,4
ITEM004150,ORD02974,PROD0054,Haircare,Dot & Key,1,181,10,18.1,162.9,4
ITEM004151,ORD01361,PROD0048,Haircare,Maybelline,1,775,20,155,620,5
ITEM004152,ORD01361,PROD0013,Skincare,Nykaa Cosmetics,2,716,30,429.6,1002.4,5
ITEM004153,ORD01361,PROD0060,Haircare,Plum,2,512,0,0,1024,1
ITEM004154,ORD01361,PROD0088,Bath & Body,Sugar Cosmetics,1,669,30,200.7,468.3,4
ITEM004155,ORD03496,PROD0015,Skincare,Biotique,3,1295,30,1165.5,2719.5,3
ITEM004156,ORD03496,PROD0019,Skincare,The Ordinary,1,1588,0,0,1588,5
ITEM004157,ORD03050,PROD0090,Men's Grooming,NIVEA,2,842,20,336.8,1347.2,4
ITEM004158,ORD03050,PROD0039,Makeup,Nykaa Cosmetics,2,864,5,86.4,1641.6,4
ITEM004159,ORD03050,PROD0048,Haircare,Maybelline,1,775,10,77.5,697.5,5
ITEM004160,ORD01821,PROD0111,Wellness,Maybelline,2,489,20,195.6,782.4,
ITEM004161,ORD01821,PROD0018,Skincare,Dot & Key,1,1081,30,324.3,756.7,
ITEM004162,ORD02438,PROD0062,Haircare,WOW Skin Science,1,769,20,153.8,615.2,
ITEM004163,ORD02438,PROD0038,Makeup,The Ordinary,1,477,5,23.85,453.15,
ITEM004164,ORD02118,PROD0004,Skincare,Dot & Key,1,1072,5,53.6,1018.4,5
ITEM004165,ORD02118,PROD0026,Makeup,Biotique,1,267,10,26.7,240.3,5
ITEM004166,ORD00151,PROD0001,Skincare,Minimalist,2,1006,30,603.6,1408.4,
ITEM004167,ORD00272,PROD0084,Bath & Body,Mamaearth,1,750,15,112.5,637.5,5
ITEM004168,ORD00272,PROD0006,Skincare,Nykaa Cosmetics,1,1639,0,0,1639,4
ITEM004169,ORD01282,PROD0034,Makeup,WOW Skin Science,1,2004,0,0,2004,
ITEM004170,ORD01423,PROD0103,Wellness,Forest Essentials,1,1146,20,229.2,916.8,
ITEM004171,ORD01423,PROD0061,Haircare,L'Oreal Paris,1,466,0,0,466,
ITEM004172,ORD04175,PROD0102,Wellness,MAC,1,1278,20,255.6,1022.4,5
ITEM004173,ORD02141,PROD0096,Men's Grooming,The Ordinary,2,520,5,52,988,5
ITEM004174,ORD04070,PROD0011,Skincare,Lakme,1,1528,15,229.2,1298.8,5
ITEM004175,ORD04070,PROD0078,Fragrance,Forest Essentials,1,1970,0,0,1970,5
ITEM004176,ORD02363,PROD0059,Haircare,Minimalist,1,503,15,75.45,427.55,5
ITEM004177,ORD02063,PROD0103,Wellness,Forest Essentials,1,1146,15,171.9,974.1,
ITEM004178,ORD01737,PROD0101,Wellness,Mamaearth,1,930,30,279,651,5
ITEM004179,ORD01737,PROD0018,Skincare,Dot & Key,1,1081,10,108.1,972.9,4
ITEM004180,ORD01829,PROD0035,Makeup,Sugar Cosmetics,3,526,5,78.9,1499.1,2
ITEM004181,ORD01952,PROD0023,Skincare,Biotique,2,1629,20,651.6,2606.4,
ITEM004182,ORD01952,PROD0009,Skincare,NIVEA,2,720,20,288,1152,
ITEM004183,ORD02636,PROD0012,Skincare,Minimalist,2,428,10,85.6,770.4,
ITEM004184,ORD04405,PROD0017,Skincare,WOW Skin Science,1,1699,5,84.95,1614.05,3
ITEM004185,ORD03195,PROD0097,Men's Grooming,Maybelline,2,369,20,147.6,590.4,5
ITEM004186,ORD04225,PROD0023,Skincare,Biotique,1,1629,5,81.45,1547.55,4
ITEM004187,ORD04225,PROD0083,Bath & Body,Minimalist,2,446,0,0,892,4
ITEM004188,ORD04225,PROD0059,Haircare,Minimalist,1,503,5,25.15,477.85,5
ITEM004189,ORD04225,PROD0071,Fragrance,Maybelline,1,1416,10,141.6,1274.4,3
ITEM004190,ORD02460,PROD0100,Men's Grooming,Minimalist,2,156,0,0,312,
ITEM004191,ORD01754,PROD0062,Haircare,WOW Skin Science,1,769,0,0,769,
ITEM004192,ORD01726,PROD0016,Skincare,The Ordinary,1,1150,0,0,1150,3
ITEM004193,ORD01726,PROD0105,Wellness,Minimalist,3,1068,10,320.4,2883.6,2
ITEM004194,ORD01056,PROD0067,Fragrance,Biotique,1,1488,30,446.4,1041.6,5
ITEM004195,ORD03896,PROD0065,Haircare,Forest Essentials,1,334,30,100.2,233.8,
ITEM004196,ORD03896,PROD0014,Skincare,Sugar Cosmetics,1,1200,30,360,840,
ITEM004197,ORD00529,PROD0002,Skincare,Dot & Key,2,483,0,0,966,4
ITEM004198,ORD00529,PROD0095,Men's Grooming,The Ordinary,1,269,5,13.45,255.55,5
ITEM004199,ORD00529,PROD0026,Makeup,Biotique,1,267,20,53.4,213.6,3
ITEM004200,ORD00378,PROD0058,Haircare,Mamaearth,1,841,10,84.1,756.9,
ITEM004201,ORD02287,PROD0073,Fragrance,Biotique,2,2226,5,222.6,4229.4,4
ITEM004202,ORD02287,PROD0051,Haircare,WOW Skin Science,1,847,20,169.4,677.6,5
ITEM004203,ORD04137,PROD0066,Fragrance,Forest Essentials,1,2975,20,595,2380,
ITEM004204,ORD00852,PROD0086,Bath & Body,Sugar Cosmetics,1,317,0,0,317,4
ITEM004205,ORD00852,PROD0052,Haircare,Nykaa Cosmetics,1,915,0,0,915,4
ITEM004206,ORD00852,PROD0038,Makeup,The Ordinary,2,477,0,0,954,5
ITEM004207,ORD00399,PROD0083,Bath & Body,Minimalist,1,446,0,0,446,2
ITEM004208,ORD00399,PROD0079,Bath & Body,L'Oreal Paris,1,653,10,65.3,587.7,2
ITEM004209,ORD00399,PROD0059,Haircare,Minimalist,2,503,15,150.9,855.1,3
ITEM004210,ORD04901,PROD0071,Fragrance,Maybelline,1,1416,30,424.8,991.2,3
ITEM004211,ORD04901,PROD0023,Skincare,Biotique,3,1629,30,1466.1,3420.9,4
ITEM004212,ORD03012,PROD0111,Wellness,Maybelline,2,489,20,195.6,782.4,5
ITEM004213,ORD00942,PROD0078,Fragrance,Forest Essentials,1,1970,0,0,1970,4
ITEM004214,ORD00942,PROD0080,Bath & Body,Lakme,2,152,15,45.6,258.4,5
ITEM004215,ORD00942,PROD0004,Skincare,Dot & Key,2,1072,0,0,2144,5
ITEM004216,ORD00942,PROD0060,Haircare,Plum,1,512,0,0,512,5
ITEM004217,ORD02297,PROD0107,Wellness,Sugar Cosmetics,1,1156,15,173.4,982.6,
ITEM004218,ORD02297,PROD0110,Wellness,Nykaa Cosmetics,1,1400,5,70,1330,
ITEM004219,ORD01730,PROD0089,Bath & Body,Biotique,1,384,30,115.2,268.8,5
ITEM004220,ORD01730,PROD0030,Makeup,Nykaa Cosmetics,1,946,5,47.3,898.7,5
ITEM004221,ORD01730,PROD0071,Fragrance,Maybelline,1,1416,15,212.4,1203.6,4
ITEM004222,ORD01730,PROD0063,Haircare,Mamaearth,3,1105,30,994.5,2320.5,5
ITEM004223,ORD04394,PROD0044,Makeup,Nykaa Cosmetics,1,701,0,0,701,5
ITEM004224,ORD04394,PROD0095,Men's Grooming,The Ordinary,2,269,15,80.7,457.3,5
ITEM004225,ORD00693,PROD0027,Makeup,Mamaearth,3,1454,10,436.2,3925.8,
ITEM004226,ORD03505,PROD0057,Haircare,The Ordinary,2,735,0,0,1470,5
ITEM004227,ORD00581,PROD0006,Skincare,Nykaa Cosmetics,2,1639,0,0,3278,4
ITEM004228,ORD01338,PROD0002,Skincare,Dot & Key,1,483,0,0,483,
ITEM004229,ORD01431,PROD0017,Skincare,WOW Skin Science,1,1699,30,509.7,1189.3,3
ITEM004230,ORD01357,PROD0105,Wellness,Minimalist,1,1068,5,53.4,1014.6,5
ITEM004231,ORD02239,PROD0037,Makeup,Mamaearth,1,209,15,31.35,177.65,
ITEM004232,ORD02239,PROD0099,Men's Grooming,Forest Essentials,2,554,0,0,1108,
ITEM004233,ORD00806,PROD0102,Wellness,MAC,1,1278,15,191.7,1086.3,2
ITEM004234,ORD04431,PROD0044,Makeup,Nykaa Cosmetics,1,701,30,210.3,490.7,3
ITEM004235,ORD04431,PROD0041,Makeup,Mamaearth,1,1516,10,151.6,1364.4,5
ITEM004236,ORD04431,PROD0035,Makeup,Sugar Cosmetics,1,526,5,26.3,499.7,4
ITEM004237,ORD04576,PROD0022,Skincare,MAC,1,1685,20,337,1348,4
ITEM004238,ORD03880,PROD0106,Wellness,Forest Essentials,1,762,0,0,762,4
ITEM004239,ORD00995,PROD0036,Makeup,Dot & Key,1,988,10,98.8,889.2,4
ITEM004240,ORD00995,PROD0085,Bath & Body,Sugar Cosmetics,1,329,0,0,329,4
ITEM004241,ORD03520,PROD0100,Men's Grooming,Minimalist,1,156,30,46.8,109.2,4
ITEM004242,ORD03520,PROD0045,Makeup,WOW Skin Science,2,1690,0,0,3380,4
ITEM004243,ORD02199,PROD0087,Bath & Body,Dot & Key,1,222,0,0,222,4
ITEM004244,ORD02199,PROD0029,Makeup,Biotique,1,1007,0,0,1007,3
ITEM004245,ORD02762,PROD0106,Wellness,Forest Essentials,2,762,10,152.4,1371.6,5
ITEM004246,ORD01681,PROD0041,Makeup,Mamaearth,2,1516,15,454.8,2577.2,4
ITEM004247,ORD01893,PROD0101,Wellness,Mamaearth,2,930,20,372,1488,2
ITEM004248,ORD01893,PROD0058,Haircare,Mamaearth,2,841,20,336.4,1345.6,5
ITEM004249,ORD03809,PROD0053,Haircare,Forest Essentials,1,1102,0,0,1102,5
ITEM004250,ORD03809,PROD0082,Bath & Body,Sugar Cosmetics,1,621,10,62.1,558.9,4
ITEM004251,ORD01499,PROD0104,Wellness,Nykaa Cosmetics,1,1259,15,188.85,1070.15,4
ITEM004252,ORD01499,PROD0073,Fragrance,Biotique,1,2226,30,667.8,1558.2,3
ITEM004253,ORD02028,PROD0075,Fragrance,Forest Essentials,1,1648,5,82.4,1565.6,
ITEM004254,ORD02713,PROD0087,Bath & Body,Dot & Key,1,222,0,0,222,3
ITEM004255,ORD02713,PROD0064,Haircare,The Ordinary,1,642,5,32.1,609.9,4
ITEM004256,ORD00912,PROD0064,Haircare,The Ordinary,1,642,5,32.1,609.9,5
ITEM004257,ORD02688,PROD0009,Skincare,NIVEA,3,720,0,0,2160,4
ITEM004258,ORD02688,PROD0035,Makeup,Sugar Cosmetics,1,526,5,26.3,499.7,2
ITEM004259,ORD02688,PROD0008,Skincare,Forest Essentials,1,317,0,0,317,5
ITEM004260,ORD01913,PROD0085,Bath & Body,Sugar Cosmetics,1,329,10,32.9,296.1,4
ITEM004261,ORD01913,PROD0030,Makeup,Nykaa Cosmetics,1,946,0,0,946,5
ITEM004262,ORD03298,PROD0081,Bath & Body,L'Oreal Paris,1,767,5,38.35,728.65,5
ITEM004263,ORD01379,PROD0105,Wellness,Minimalist,1,1068,20,213.6,854.4,3
ITEM004264,ORD01379,PROD0092,Men's Grooming,Lakme,1,463,10,46.3,416.7,4
ITEM004265,ORD02986,PROD0018,Skincare,Dot & Key,1,1081,0,0,1081,
ITEM004266,ORD02269,PROD0058,Haircare,Mamaearth,1,841,15,126.15,714.85,
ITEM004267,ORD02269,PROD0097,Men's Grooming,Maybelline,1,369,30,110.7,258.3,
ITEM004268,ORD04200,PROD0109,Wellness,L'Oreal Paris,1,625,30,187.5,437.5,5
ITEM004269,ORD04200,PROD0096,Men's Grooming,The Ordinary,1,520,15,78,442,5
ITEM004270,ORD04200,PROD0074,Fragrance,NIVEA,1,752,20,150.4,601.6,2
ITEM004271,ORD03174,PROD0050,Haircare,Nykaa Cosmetics,2,762,15,228.6,1295.4,5
ITEM004272,ORD03174,PROD0058,Haircare,Mamaearth,1,841,5,42.05,798.95,5
ITEM004273,ORD03174,PROD0081,Bath & Body,L'Oreal Paris,1,767,10,76.7,690.3,4
ITEM004274,ORD03174,PROD0107,Wellness,Sugar Cosmetics,1,1156,10,115.6,1040.4,5
ITEM004275,ORD04922,PROD0002,Skincare,Dot & Key,2,483,5,48.3,917.7,4
ITEM004276,ORD04922,PROD0043,Makeup,WOW Skin Science,1,1330,0,0,1330,2
ITEM004277,ORD04922,PROD0007,Skincare,Biotique,1,995,0,0,995,5
ITEM004278,ORD04922,PROD0033,Makeup,Mamaearth,1,2384,30,715.2,1668.8,4
ITEM004279,ORD04298,PROD0042,Makeup,Sugar Cosmetics,2,647,5,64.7,1229.3,5
ITEM004280,ORD04298,PROD0020,Skincare,Maybelline,3,1237,0,0,3711,4
ITEM004281,ORD00260,PROD0095,Men's Grooming,The Ordinary,2,269,30,161.4,376.6,5
ITEM004282,ORD00260,PROD0092,Men's Grooming,Lakme,1,463,0,0,463,5
ITEM004283,ORD01862,PROD0026,Makeup,Biotique,1,267,0,0,267,3
ITEM004284,ORD02307,PROD0111,Wellness,Maybelline,1,489,20,97.8,391.2,4
ITEM004285,ORD02797,PROD0026,Makeup,Biotique,1,267,30,80.1,186.9,5
ITEM004286,ORD02797,PROD0028,Makeup,L'Oreal Paris,2,844,20,337.6,1350.4,5
ITEM004287,ORD01750,PROD0067,Fragrance,Biotique,1,1488,20,297.6,1190.4,5
ITEM004288,ORD01750,PROD0094,Men's Grooming,MAC,1,243,10,24.3,218.7,5
ITEM004289,ORD01750,PROD0104,Wellness,Nykaa Cosmetics,2,1259,20,503.6,2014.4,4
ITEM004290,ORD03434,PROD0034,Makeup,WOW Skin Science,2,2004,15,601.2,3406.8,
ITEM004291,ORD03434,PROD0006,Skincare,Nykaa Cosmetics,1,1639,30,491.7,1147.3,
ITEM004292,ORD02734,PROD0056,Haircare,MAC,3,1009,15,454.05,2572.95,2
ITEM004293,ORD02734,PROD0100,Men's Grooming,Minimalist,1,156,0,0,156,3
ITEM004294,ORD02298,PROD0074,Fragrance,NIVEA,1,752,10,75.2,676.8,3
ITEM004295,ORD04476,PROD0014,Skincare,Sugar Cosmetics,1,1200,0,0,1200,5
ITEM004296,ORD04476,PROD0105,Wellness,Minimalist,2,1068,30,640.8,1495.2,4
ITEM004297,ORD03039,PROD0063,Haircare,Mamaearth,1,1105,20,221,884,3
ITEM004298,ORD01094,PROD0108,Wellness,The Ordinary,1,945,15,141.75,803.25,
ITEM004299,ORD01094,PROD0002,Skincare,Dot & Key,1,483,0,0,483,
ITEM004300,ORD00416,PROD0074,Fragrance,NIVEA,3,752,0,0,2256,3
ITEM004301,ORD02749,PROD0085,Bath & Body,Sugar Cosmetics,3,329,0,0,987,4
ITEM004302,ORD02749,PROD0069,Fragrance,Plum,1,1765,0,0,1765,4
ITEM004303,ORD02749,PROD0043,Makeup,WOW Skin Science,2,1330,0,0,2660,4
ITEM004304,ORD02917,PROD0042,Makeup,Sugar Cosmetics,1,647,20,129.4,517.6,4
ITEM004305,ORD02917,PROD0029,Makeup,Biotique,3,1007,5,151.05,2869.95,2
ITEM004306,ORD02917,PROD0065,Haircare,Forest Essentials,1,334,15,50.1,283.9,4
ITEM004307,ORD04254,PROD0102,Wellness,MAC,1,1278,5,63.9,1214.1,3
ITEM004308,ORD04254,PROD0094,Men's Grooming,MAC,1,243,0,0,243,2
ITEM004309,ORD00988,PROD0102,Wellness,MAC,3,1278,0,0,3834,3
ITEM004310,ORD00855,PROD0022,Skincare,MAC,1,1685,30,505.5,1179.5,
ITEM004311,ORD00855,PROD0092,Men's Grooming,Lakme,2,463,20,185.2,740.8,
ITEM004312,ORD03230,PROD0108,Wellness,The Ordinary,1,945,10,94.5,850.5,3
ITEM004313,ORD03230,PROD0090,Men's Grooming,NIVEA,1,842,10,84.2,757.8,4
ITEM004314,ORD03230,PROD0035,Makeup,Sugar Cosmetics,1,526,0,0,526,5
ITEM004315,ORD03230,PROD0083,Bath & Body,Minimalist,1,446,5,22.3,423.7,5
ITEM004316,ORD01401,PROD0028,Makeup,L'Oreal Paris,1,844,20,168.8,675.2,5
ITEM004317,ORD04359,PROD0024,Skincare,MAC,1,900,15,135,765,5
ITEM004318,ORD04359,PROD0045,Makeup,WOW Skin Science,1,1690,30,507,1183,4
ITEM004319,ORD04359,PROD0030,Makeup,Nykaa Cosmetics,1,946,10,94.6,851.4,4
ITEM004320,ORD02099,PROD0015,Skincare,Biotique,1,1295,0,0,1295,2
ITEM004321,ORD00745,PROD0044,Makeup,Nykaa Cosmetics,1,701,30,210.3,490.7,4
ITEM004322,ORD00745,PROD0104,Wellness,Nykaa Cosmetics,1,1259,20,251.8,1007.2,4
ITEM004323,ORD00745,PROD0094,Men's Grooming,MAC,1,243,20,48.6,194.4,5
ITEM004324,ORD00978,PROD0062,Haircare,WOW Skin Science,2,769,30,461.4,1076.6,4
ITEM004325,ORD00392,PROD0042,Makeup,Sugar Cosmetics,1,647,10,64.7,582.3,5
ITEM004326,ORD00392,PROD0088,Bath & Body,Sugar Cosmetics,1,669,20,133.8,535.2,5
ITEM004327,ORD00392,PROD0031,Makeup,WOW Skin Science,2,1892,0,0,3784,5
ITEM004328,ORD02790,PROD0032,Makeup,Maybelline,1,2207,0,0,2207,5
ITEM004329,ORD02790,PROD0085,Bath & Body,Sugar Cosmetics,1,329,30,98.7,230.3,5
ITEM004330,ORD01279,PROD0076,Fragrance,Dot & Key,2,552,0,0,1104,5
ITEM004331,ORD01332,PROD0093,Men's Grooming,Nykaa Cosmetics,1,245,30,73.5,171.5,2
ITEM004332,ORD02780,PROD0103,Wellness,Forest Essentials,1,1146,10,114.6,1031.4,4
ITEM004333,ORD03202,PROD0031,Makeup,WOW Skin Science,1,1892,0,0,1892,3
ITEM004334,ORD03202,PROD0059,Haircare,Minimalist,1,503,10,50.3,452.7,3
ITEM004335,ORD02250,PROD0087,Bath & Body,Dot & Key,1,222,5,11.1,210.9,5
ITEM004336,ORD02250,PROD0096,Men's Grooming,The Ordinary,1,520,20,104,416,5
ITEM004337,ORD02250,PROD0042,Makeup,Sugar Cosmetics,2,647,5,64.7,1229.3,4
ITEM004338,ORD04933,PROD0083,Bath & Body,Minimalist,2,446,5,44.6,847.4,4
ITEM004339,ORD02203,PROD0029,Makeup,Biotique,1,1007,0,0,1007,
ITEM004340,ORD02203,PROD0004,Skincare,Dot & Key,1,1072,0,0,1072,
ITEM004341,ORD02203,PROD0110,Wellness,Nykaa Cosmetics,1,1400,30,420,980,
ITEM004342,ORD02730,PROD0037,Makeup,Mamaearth,1,209,20,41.8,167.2,
ITEM004343,ORD02730,PROD0047,Haircare,Biotique,2,665,0,0,1330,
ITEM004344,ORD02730,PROD0103,Wellness,Forest Essentials,1,1146,0,0,1146,
ITEM004345,ORD02730,PROD0039,Makeup,Nykaa Cosmetics,3,864,20,518.4,2073.6,
ITEM004346,ORD02040,PROD0013,Skincare,Nykaa Cosmetics,1,716,20,143.2,572.8,5
ITEM004347,ORD02040,PROD0060,Haircare,Plum,2,512,30,307.2,716.8,5
ITEM004348,ORD03372,PROD0071,Fragrance,Maybelline,1,1416,0,0,1416,
ITEM004349,ORD03372,PROD0031,Makeup,WOW Skin Science,1,1892,0,0,1892,
ITEM004350,ORD01060,PROD0077,Fragrance,Lakme,1,2406,10,240.6,2165.4,5
ITEM004351,ORD01060,PROD0028,Makeup,L'Oreal Paris,2,844,10,168.8,1519.2,4
ITEM004352,ORD02916,PROD0068,Fragrance,Minimalist,1,1193,20,238.6,954.4,
ITEM004353,ORD02916,PROD0007,Skincare,Biotique,1,995,0,0,995,
ITEM004354,ORD03898,PROD0062,Haircare,WOW Skin Science,1,769,0,0,769,4
ITEM004355,ORD03898,PROD0102,Wellness,MAC,1,1278,0,0,1278,4
ITEM004356,ORD03898,PROD0003,Skincare,MAC,1,1606,10,160.6,1445.4,4
ITEM004357,ORD03144,PROD0089,Bath & Body,Biotique,1,384,30,115.2,268.8,
ITEM004358,ORD00315,PROD0065,Haircare,Forest Essentials,1,334,15,50.1,283.9,
ITEM004359,ORD02967,PROD0079,Bath & Body,L'Oreal Paris,1,653,5,32.65,620.35,3
ITEM004360,ORD02078,PROD0042,Makeup,Sugar Cosmetics,1,647,15,97.05,549.95,
ITEM004361,ORD00585,PROD0036,Makeup,Dot & Key,1,988,0,0,988,4
ITEM004362,ORD00183,PROD0090,Men's Grooming,NIVEA,1,842,10,84.2,757.8,5
ITEM004363,ORD03343,PROD0038,Makeup,The Ordinary,1,477,5,23.85,453.15,5
ITEM004364,ORD03343,PROD0056,Haircare,MAC,3,1009,30,908.1,2118.9,5
ITEM004365,ORD04974,PROD0016,Skincare,The Ordinary,1,1150,10,115,1035,
ITEM004366,ORD03187,PROD0007,Skincare,Biotique,1,995,15,149.25,845.75,4
ITEM004367,ORD03187,PROD0011,Skincare,Lakme,2,1528,0,0,3056,3
ITEM004368,ORD03187,PROD0094,Men's Grooming,MAC,1,243,10,24.3,218.7,5
ITEM004369,ORD03710,PROD0073,Fragrance,Biotique,1,2226,5,111.3,2114.7,3
ITEM004370,ORD03710,PROD0032,Makeup,Maybelline,1,2207,0,0,2207,3
ITEM004371,ORD03710,PROD0101,Wellness,Mamaearth,2,930,5,93,1767,5
ITEM004372,ORD03710,PROD0078,Fragrance,Forest Essentials,1,1970,30,591,1379,2
ITEM004373,ORD03283,PROD0026,Makeup,Biotique,1,267,15,40.05,226.95,5
ITEM004374,ORD00523,PROD0074,Fragrance,NIVEA,1,752,5,37.6,714.4,4
ITEM004375,ORD01789,PROD0103,Wellness,Forest Essentials,1,1146,15,171.9,974.1,5
ITEM004376,ORD04686,PROD0106,Wellness,Forest Essentials,2,762,0,0,1524,4
ITEM004377,ORD04659,PROD0037,Makeup,Mamaearth,2,209,5,20.9,397.1,5
ITEM004378,ORD03418,PROD0110,Wellness,Nykaa Cosmetics,1,1400,0,0,1400,2
ITEM004379,ORD02279,PROD0007,Skincare,Biotique,3,995,0,0,2985,2
ITEM004380,ORD02289,PROD0014,Skincare,Sugar Cosmetics,1,1200,15,180,1020,4
ITEM004381,ORD01304,PROD0039,Makeup,Nykaa Cosmetics,1,864,0,0,864,5
ITEM004382,ORD01304,PROD0087,Bath & Body,Dot & Key,1,222,10,22.2,199.8,5
ITEM004383,ORD01304,PROD0111,Wellness,Maybelline,1,489,10,48.9,440.1,3
ITEM004384,ORD01636,PROD0008,Skincare,Forest Essentials,1,317,0,0,317,4
ITEM004385,ORD01636,PROD0071,Fragrance,Maybelline,1,1416,15,212.4,1203.6,5
ITEM004386,ORD00445,PROD0027,Makeup,Mamaearth,1,1454,30,436.2,1017.8,5
ITEM004387,ORD00445,PROD0064,Haircare,The Ordinary,1,642,20,128.4,513.6,5
ITEM004388,ORD00545,PROD0075,Fragrance,Forest Essentials,1,1648,10,164.8,1483.2,
ITEM004389,ORD03073,PROD0044,Makeup,Nykaa Cosmetics,1,701,30,210.3,490.7,
ITEM004390,ORD03073,PROD0032,Makeup,Maybelline,1,2207,5,110.35,2096.65,
ITEM004391,ORD03073,PROD0061,Haircare,L'Oreal Paris,1,466,20,93.2,372.8,
ITEM004392,ORD03073,PROD0077,Fragrance,Lakme,1,2406,5,120.3,2285.7,
ITEM004393,ORD02362,PROD0083,Bath & Body,Minimalist,1,446,5,22.3,423.7,5
ITEM004394,ORD02362,PROD0109,Wellness,L'Oreal Paris,2,625,30,375,875,4
ITEM004395,ORD02362,PROD0067,Fragrance,Biotique,1,1488,0,0,1488,4
ITEM004396,ORD02856,PROD0032,Makeup,Maybelline,1,2207,30,662.1,1544.9,
ITEM004397,ORD02856,PROD0086,Bath & Body,Sugar Cosmetics,1,317,0,0,317,
ITEM004398,ORD02856,PROD0024,Skincare,MAC,1,900,0,0,900,
ITEM004399,ORD02856,PROD0025,Skincare,Forest Essentials,3,639,15,287.55,1629.45,
ITEM004400,ORD04398,PROD0087,Bath & Body,Dot & Key,1,222,30,66.6,155.4,5
ITEM004401,ORD00469,PROD0044,Makeup,Nykaa Cosmetics,1,701,10,70.1,630.9,4
ITEM004402,ORD02497,PROD0012,Skincare,Minimalist,1,428,10,42.8,385.2,5
ITEM004403,ORD01417,PROD0028,Makeup,L'Oreal Paris,2,844,30,506.4,1181.6,1
ITEM004404,ORD01165,PROD0029,Makeup,Biotique,1,1007,0,0,1007,5
ITEM004405,ORD01165,PROD0018,Skincare,Dot & Key,3,1081,30,972.9,2270.1,5
ITEM004406,ORD04151,PROD0053,Haircare,Forest Essentials,3,1102,15,495.9,2810.1,4
ITEM004407,ORD01540,PROD0053,Haircare,Forest Essentials,1,1102,20,220.4,881.6,4
ITEM004408,ORD04068,PROD0054,Haircare,Dot & Key,3,181,5,27.15,515.85,
ITEM004409,ORD04068,PROD0004,Skincare,Dot & Key,1,1072,10,107.2,964.8,
ITEM004410,ORD01933,PROD0048,Haircare,Maybelline,2,775,0,0,1550,2
ITEM004411,ORD01933,PROD0039,Makeup,Nykaa Cosmetics,1,864,5,43.2,820.8,5
ITEM004412,ORD01933,PROD0041,Makeup,Mamaearth,1,1516,5,75.8,1440.2,3
ITEM004413,ORD02953,PROD0076,Fragrance,Dot & Key,1,552,10,55.2,496.8,2
ITEM004414,ORD02927,PROD0047,Haircare,Biotique,1,665,15,99.75,565.25,5
ITEM004415,ORD02927,PROD0053,Haircare,Forest Essentials,1,1102,5,55.1,1046.9,5
ITEM004416,ORD00051,PROD0099,Men's Grooming,Forest Essentials,1,554,10,55.4,498.6,5
ITEM004417,ORD03370,PROD0091,Men's Grooming,WOW Skin Science,1,530,30,159,371,4
ITEM004418,ORD03370,PROD0020,Skincare,Maybelline,3,1237,20,742.2,2968.8,5
ITEM004419,ORD04551,PROD0096,Men's Grooming,The Ordinary,1,520,0,0,520,
ITEM004420,ORD04551,PROD0085,Bath & Body,Sugar Cosmetics,1,329,10,32.9,296.1,
ITEM004421,ORD04551,PROD0071,Fragrance,Maybelline,1,1416,20,283.2,1132.8,
ITEM004422,ORD00534,PROD0075,Fragrance,Forest Essentials,1,1648,0,0,1648,5
ITEM004423,ORD04668,PROD0001,Skincare,Minimalist,1,1006,10,100.6,905.4,5
ITEM004424,ORD04668,PROD0059,Haircare,Minimalist,1,503,5,25.15,477.85,4
ITEM004425,ORD04540,PROD0092,Men's Grooming,Lakme,1,463,10,46.3,416.7,3
ITEM004426,ORD00136,PROD0007,Skincare,Biotique,1,995,10,99.5,895.5,1
ITEM004427,ORD00629,PROD0094,Men's Grooming,MAC,1,243,10,24.3,218.7,4
ITEM004428,ORD00629,PROD0091,Men's Grooming,WOW Skin Science,2,530,30,318,742,4
ITEM004429,ORD00629,PROD0026,Makeup,Biotique,1,267,5,13.35,253.65,5
ITEM004430,ORD00629,PROD0095,Men's Grooming,The Ordinary,1,269,0,0,269,5
ITEM004431,ORD01163,PROD0033,Makeup,Mamaearth,1,2384,30,715.2,1668.8,4
ITEM004432,ORD01163,PROD0055,Haircare,Minimalist,2,967,0,0,1934,5
ITEM004433,ORD01163,PROD0050,Haircare,Nykaa Cosmetics,1,762,0,0,762,5
ITEM004434,ORD00313,PROD0100,Men's Grooming,Minimalist,1,156,30,46.8,109.2,
ITEM004435,ORD03134,PROD0065,Haircare,Forest Essentials,1,334,15,50.1,283.9,5
ITEM004436,ORD03134,PROD0073,Fragrance,Biotique,3,2226,20,1335.6,5342.4,4
ITEM004437,ORD03526,PROD0027,Makeup,Mamaearth,3,1454,5,218.1,4143.9,5
ITEM004438,ORD03526,PROD0087,Bath & Body,Dot & Key,2,222,20,88.8,355.2,4
ITEM004439,ORD02002,PROD0032,Makeup,Maybelline,3,2207,0,0,6621,
ITEM004440,ORD02002,PROD0104,Wellness,Nykaa Cosmetics,3,1259,20,755.4,3021.6,
ITEM004441,ORD02225,PROD0070,Fragrance,NIVEA,1,2241,0,0,2241,4
ITEM004442,ORD02225,PROD0050,Haircare,Nykaa Cosmetics,1,762,10,76.2,685.8,4
ITEM004443,ORD03753,PROD0094,Men's Grooming,MAC,2,243,20,97.2,388.8,
ITEM004444,ORD01497,PROD0107,Wellness,Sugar Cosmetics,1,1156,10,115.6,1040.4,4
ITEM004445,ORD04992,PROD0098,Men's Grooming,The Ordinary,1,241,5,12.05,228.95,4
ITEM004446,ORD04992,PROD0009,Skincare,NIVEA,2,720,30,432,1008,5
ITEM004447,ORD02581,PROD0058,Haircare,Mamaearth,2,841,0,0,1682,5
ITEM004448,ORD00192,PROD0072,Fragrance,The Ordinary,1,1765,0,0,1765,
ITEM004449,ORD02625,PROD0087,Bath & Body,Dot & Key,1,222,0,0,222,4
ITEM004450,ORD02625,PROD0101,Wellness,Mamaearth,2,930,30,558,1302,3
ITEM004451,ORD01683,PROD0026,Makeup,Biotique,3,267,20,160.2,640.8,4
ITEM004452,ORD00756,PROD0106,Wellness,Forest Essentials,1,762,30,228.6,533.4,5
ITEM004453,ORD03104,PROD0015,Skincare,Biotique,1,1295,15,194.25,1100.75,5
ITEM004454,ORD00713,PROD0104,Wellness,Nykaa Cosmetics,2,1259,0,0,2518,5
ITEM004455,ORD01519,PROD0093,Men's Grooming,Nykaa Cosmetics,1,245,20,49,196,
ITEM004456,ORD02036,PROD0102,Wellness,MAC,1,1278,30,383.4,894.6,
ITEM004457,ORD02036,PROD0106,Wellness,Forest Essentials,1,762,0,0,762,
ITEM004458,ORD02036,PROD0081,Bath & Body,L'Oreal Paris,2,767,15,230.1,1303.9,
ITEM004459,ORD03244,PROD0041,Makeup,Mamaearth,1,1516,20,303.2,1212.8,5
ITEM004460,ORD03244,PROD0080,Bath & Body,Lakme,2,152,5,15.2,288.8,5
ITEM004461,ORD03244,PROD0077,Fragrance,Lakme,1,2406,0,0,2406,4
ITEM004462,ORD00829,PROD0053,Haircare,Forest Essentials,1,1102,15,165.3,936.7,5
ITEM004463,ORD00829,PROD0080,Bath & Body,Lakme,3,152,30,136.8,319.2,5
ITEM004464,ORD00802,PROD0041,Makeup,Mamaearth,1,1516,0,0,1516,4
ITEM004465,ORD02055,PROD0097,Men's Grooming,Maybelline,1,369,0,0,369,
ITEM004466,ORD02055,PROD0053,Haircare,Forest Essentials,1,1102,10,110.2,991.8,
ITEM004467,ORD02055,PROD0073,Fragrance,Biotique,1,2226,10,222.6,2003.4,
ITEM004468,ORD02597,PROD0081,Bath & Body,L'Oreal Paris,1,767,0,0,767,4
ITEM004469,ORD02597,PROD0012,Skincare,Minimalist,1,428,30,128.4,299.6,5
ITEM004470,ORD00553,PROD0047,Haircare,Biotique,3,665,10,199.5,1795.5,2
ITEM004471,ORD00553,PROD0095,Men's Grooming,The Ordinary,1,269,20,53.8,215.2,5
ITEM004472,ORD03970,PROD0087,Bath & Body,Dot & Key,1,222,0,0,222,2
ITEM004473,ORD03999,PROD0037,Makeup,Mamaearth,1,209,0,0,209,5
ITEM004474,ORD04039,PROD0019,Skincare,The Ordinary,1,1588,15,238.2,1349.8,
ITEM004475,ORD01248,PROD0064,Haircare,The Ordinary,1,642,5,32.1,609.9,5
ITEM004476,ORD01248,PROD0008,Skincare,Forest Essentials,2,317,20,126.8,507.2,4
ITEM004477,ORD01248,PROD0020,Skincare,Maybelline,1,1237,10,123.7,1113.3,4
ITEM004478,ORD01248,PROD0075,Fragrance,Forest Essentials,2,1648,15,494.4,2801.6,4
ITEM004479,ORD00968,PROD0112,Wellness,NIVEA,1,964,0,0,964,5
ITEM004480,ORD00968,PROD0004,Skincare,Dot & Key,1,1072,0,0,1072,5
ITEM004481,ORD00968,PROD0009,Skincare,NIVEA,1,720,10,72,648,5
ITEM004482,ORD03713,PROD0035,Makeup,Sugar Cosmetics,1,526,0,0,526,
ITEM004483,ORD03917,PROD0091,Men's Grooming,WOW Skin Science,1,530,30,159,371,4
ITEM004484,ORD02680,PROD0015,Skincare,Biotique,3,1295,5,194.25,3690.75,5
ITEM004485,ORD04561,PROD0111,Wellness,Maybelline,1,489,0,0,489,4
ITEM004486,ORD04561,PROD0019,Skincare,The Ordinary,2,1588,0,0,3176,5
ITEM004487,ORD04561,PROD0050,Haircare,Nykaa Cosmetics,1,762,15,114.3,647.7,5
ITEM004488,ORD03618,PROD0031,Makeup,WOW Skin Science,1,1892,0,0,1892,
ITEM004489,ORD03618,PROD0043,Makeup,WOW Skin Science,2,1330,20,532,2128,
ITEM004490,ORD03618,PROD0038,Makeup,The Ordinary,1,477,0,0,477,
ITEM004491,ORD03618,PROD0110,Wellness,Nykaa Cosmetics,1,1400,30,420,980,
ITEM004492,ORD04149,PROD0071,Fragrance,Maybelline,2,1416,0,0,2832,4
ITEM004493,ORD04149,PROD0047,Haircare,Biotique,1,665,0,0,665,5
ITEM004494,ORD01860,PROD0089,Bath & Body,Biotique,1,384,0,0,384,5
ITEM004495,ORD01860,PROD0018,Skincare,Dot & Key,1,1081,0,0,1081,5
ITEM004496,ORD03288,PROD0053,Haircare,Forest Essentials,2,1102,0,0,2204,4
ITEM004497,ORD01953,PROD0017,Skincare,WOW Skin Science,1,1699,0,0,1699,
ITEM004498,ORD03868,PROD0109,Wellness,L'Oreal Paris,1,625,30,187.5,437.5,5
ITEM004499,ORD03868,PROD0004,Skincare,Dot & Key,1,1072,0,0,1072,5
ITEM004500,ORD03868,PROD0107,Wellness,Sugar Cosmetics,1,1156,0,0,1156,5
ITEM004501,ORD03868,PROD0033,Makeup,Mamaearth,1,2384,20,476.8,1907.2,2
ITEM004502,ORD00880,PROD0043,Makeup,WOW Skin Science,1,1330,0,0,1330,
ITEM004503,ORD00421,PROD0068,Fragrance,Minimalist,1,1193,15,178.95,1014.05,3
ITEM004504,ORD04343,PROD0024,Skincare,MAC,1,900,30,270,630,2
ITEM004505,ORD04937,PROD0061,Haircare,L'Oreal Paris,1,466,30,139.8,326.2,
ITEM004506,ORD02027,PROD0047,Haircare,Biotique,1,665,0,0,665,
ITEM004507,ORD02027,PROD0074,Fragrance,NIVEA,2,752,30,451.2,1052.8,
ITEM004508,ORD02027,PROD0014,Skincare,Sugar Cosmetics,1,1200,15,180,1020,
ITEM004509,ORD03374,PROD0026,Makeup,Biotique,1,267,10,26.7,240.3,5
ITEM004510,ORD03374,PROD0066,Fragrance,Forest Essentials,2,2975,20,1190,4760,5
ITEM004511,ORD00016,PROD0112,Wellness,NIVEA,1,964,10,96.4,867.6,4
ITEM004512,ORD00016,PROD0064,Haircare,The Ordinary,1,642,10,64.2,577.8,4
ITEM004513,ORD00016,PROD0034,Makeup,WOW Skin Science,2,2004,0,0,4008,2
ITEM004514,ORD00016,PROD0003,Skincare,MAC,1,1606,5,80.3,1525.7,5
ITEM004515,ORD04211,PROD0048,Haircare,Maybelline,2,775,30,465,1085,5
ITEM004516,ORD04211,PROD0039,Makeup,Nykaa Cosmetics,2,864,30,518.4,1209.6,5
ITEM004517,ORD03957,PROD0017,Skincare,WOW Skin Science,1,1699,30,509.7,1189.3,5
ITEM004518,ORD01727,PROD0025,Skincare,Forest Essentials,2,639,5,63.9,1214.1,5
ITEM004519,ORD01727,PROD0006,Skincare,Nykaa Cosmetics,1,1639,20,327.8,1311.2,5
ITEM004520,ORD01306,PROD0022,Skincare,MAC,1,1685,0,0,1685,3
ITEM004521,ORD01306,PROD0110,Wellness,Nykaa Cosmetics,2,1400,10,280,2520,4
ITEM004522,ORD02079,PROD0012,Skincare,Minimalist,1,428,15,64.2,363.8,4
ITEM004523,ORD02416,PROD0002,Skincare,Dot & Key,2,483,5,48.3,917.7,5
ITEM004524,ORD02416,PROD0023,Skincare,Biotique,1,1629,15,244.35,1384.65,3
ITEM004525,ORD02416,PROD0067,Fragrance,Biotique,1,1488,5,74.4,1413.6,4
ITEM004526,ORD02416,PROD0033,Makeup,Mamaearth,3,2384,5,357.6,6794.4,5
ITEM004527,ORD01516,PROD0063,Haircare,Mamaearth,2,1105,0,0,2210,5
ITEM004528,ORD00026,PROD0028,Makeup,L'Oreal Paris,1,844,30,253.2,590.8,5
ITEM004529,ORD00026,PROD0078,Fragrance,Forest Essentials,1,1970,15,295.5,1674.5,4
ITEM004530,ORD00026,PROD0039,Makeup,Nykaa Cosmetics,1,864,20,172.8,691.2,2
ITEM004531,ORD03292,PROD0043,Makeup,WOW Skin Science,3,1330,15,598.5,3391.5,4
ITEM004532,ORD04768,PROD0002,Skincare,Dot & Key,1,483,30,144.9,338.1,
ITEM004533,ORD00524,PROD0012,Skincare,Minimalist,1,428,10,42.8,385.2,
ITEM004534,ORD00279,PROD0050,Haircare,Nykaa Cosmetics,1,762,5,38.1,723.9,3
ITEM004535,ORD00279,PROD0038,Makeup,The Ordinary,1,477,30,143.1,333.9,4
ITEM004536,ORD02157,PROD0060,Haircare,Plum,1,512,0,0,512,3
ITEM004537,ORD03247,PROD0046,Makeup,The Ordinary,1,532,0,0,532,4
ITEM004538,ORD03247,PROD0081,Bath & Body,L'Oreal Paris,1,767,20,153.4,613.6,5
ITEM004539,ORD04157,PROD0007,Skincare,Biotique,1,995,10,99.5,895.5,5
ITEM004540,ORD03462,PROD0011,Skincare,Lakme,1,1528,0,0,1528,5
ITEM004541,ORD03033,PROD0037,Makeup,Mamaearth,2,209,5,20.9,397.1,5
ITEM004542,ORD03568,PROD0054,Haircare,Dot & Key,1,181,15,27.15,153.85,5
ITEM004543,ORD04971,PROD0014,Skincare,Sugar Cosmetics,2,1200,10,240,2160,4
ITEM004544,ORD04971,PROD0052,Haircare,Nykaa Cosmetics,2,915,5,91.5,1738.5,5
ITEM004545,ORD04214,PROD0053,Haircare,Forest Essentials,1,1102,0,0,1102,5
ITEM004546,ORD03497,PROD0103,Wellness,Forest Essentials,2,1146,5,114.6,2177.4,
ITEM004547,ORD03497,PROD0071,Fragrance,Maybelline,2,1416,10,283.2,2548.8,
ITEM004548,ORD03497,PROD0049,Haircare,Forest Essentials,1,718,15,107.7,610.3,
ITEM004549,ORD01514,PROD0061,Haircare,L'Oreal Paris,1,466,15,69.9,396.1,4
ITEM004550,ORD01523,PROD0099,Men's Grooming,Forest Essentials,1,554,0,0,554,5
ITEM004551,ORD02465,PROD0095,Men's Grooming,The Ordinary,1,269,10,26.9,242.1,4
ITEM004552,ORD02465,PROD0045,Makeup,WOW Skin Science,1,1690,10,169,1521,4
ITEM004553,ORD01144,PROD0024,Skincare,MAC,2,900,0,0,1800,
ITEM004554,ORD01144,PROD0100,Men's Grooming,Minimalist,1,156,30,46.8,109.2,
ITEM004555,ORD00444,PROD0050,Haircare,Nykaa Cosmetics,1,762,30,228.6,533.4,
ITEM004556,ORD02145,PROD0020,Skincare,Maybelline,1,1237,0,0,1237,
ITEM004557,ORD01129,PROD0029,Makeup,Biotique,1,1007,30,302.1,704.9,5
ITEM004558,ORD00491,PROD0003,Skincare,MAC,3,1606,5,240.9,4577.1,5
ITEM004559,ORD00491,PROD0047,Haircare,Biotique,1,665,0,0,665,5
ITEM004560,ORD04355,PROD0112,Wellness,NIVEA,1,964,10,96.4,867.6,4
ITEM004561,ORD00712,PROD0023,Skincare,Biotique,1,1629,0,0,1629,
ITEM004562,ORD00712,PROD0103,Wellness,Forest Essentials,1,1146,15,171.9,974.1,
ITEM004563,ORD00712,PROD0007,Skincare,Biotique,1,995,0,0,995,
ITEM004564,ORD00712,PROD0001,Skincare,Minimalist,1,1006,5,50.3,955.7,
ITEM004565,ORD02681,PROD0021,Skincare,Biotique,1,869,5,43.45,825.55,5
ITEM004566,ORD02681,PROD0078,Fragrance,Forest Essentials,1,1970,10,197,1773,3
ITEM004567,ORD02681,PROD0020,Skincare,Maybelline,1,1237,15,185.55,1051.45,5
ITEM004568,ORD00336,PROD0074,Fragrance,NIVEA,1,752,0,0,752,5
ITEM004569,ORD00336,PROD0010,Skincare,The Ordinary,1,893,0,0,893,5
ITEM004570,ORD00336,PROD0065,Haircare,Forest Essentials,2,334,0,0,668,2
ITEM004571,ORD04226,PROD0094,Men's Grooming,MAC,1,243,10,24.3,218.7,
ITEM004572,ORD03862,PROD0064,Haircare,The Ordinary,1,642,15,96.3,545.7,4
ITEM004573,ORD03199,PROD0041,Makeup,Mamaearth,2,1516,30,909.6,2122.4,5
ITEM004574,ORD03199,PROD0025,Skincare,Forest Essentials,1,639,20,127.8,511.2,4
ITEM004575,ORD01489,PROD0046,Makeup,The Ordinary,1,532,0,0,532,5
ITEM004576,ORD04511,PROD0054,Haircare,Dot & Key,2,181,5,18.1,343.9,4
ITEM004577,ORD04511,PROD0022,Skincare,MAC,2,1685,15,505.5,2864.5,5
ITEM004578,ORD04511,PROD0050,Haircare,Nykaa Cosmetics,1,762,15,114.3,647.7,3
ITEM004579,ORD04511,PROD0111,Wellness,Maybelline,1,489,5,24.45,464.55,5
ITEM004580,ORD03412,PROD0072,Fragrance,The Ordinary,1,1765,30,529.5,1235.5,
ITEM004581,ORD03412,PROD0065,Haircare,Forest Essentials,1,334,15,50.1,283.9,
ITEM004582,ORD00867,PROD0003,Skincare,MAC,1,1606,0,0,1606,5
ITEM004583,ORD00867,PROD0047,Haircare,Biotique,1,665,0,0,665,5
ITEM004584,ORD00528,PROD0035,Makeup,Sugar Cosmetics,2,526,0,0,1052,1
ITEM004585,ORD00528,PROD0084,Bath & Body,Mamaearth,1,750,20,150,600,5
ITEM004586,ORD01438,PROD0104,Wellness,Nykaa Cosmetics,1,1259,0,0,1259,5
ITEM004587,ORD01438,PROD0031,Makeup,WOW Skin Science,1,1892,10,189.2,1702.8,2
ITEM004588,ORD01438,PROD0069,Fragrance,Plum,1,1765,30,529.5,1235.5,3
ITEM004589,ORD00519,PROD0040,Makeup,NIVEA,2,681,0,0,1362,5
ITEM004590,ORD00519,PROD0057,Haircare,The Ordinary,2,735,20,294,1176,5
ITEM004591,ORD00519,PROD0060,Haircare,Plum,2,512,15,153.6,870.4,5
ITEM004592,ORD00247,PROD0092,Men's Grooming,Lakme,3,463,0,0,1389,3
ITEM004593,ORD00247,PROD0095,Men's Grooming,The Ordinary,3,269,0,0,807,4
ITEM004594,ORD00247,PROD0091,Men's Grooming,WOW Skin Science,1,530,20,106,424,4
ITEM004595,ORD00864,PROD0050,Haircare,Nykaa Cosmetics,1,762,0,0,762,3
ITEM004596,ORD00112,PROD0080,Bath & Body,Lakme,2,152,5,15.2,288.8,5
ITEM004597,ORD04574,PROD0080,Bath & Body,Lakme,1,152,15,22.8,129.2,2
ITEM004598,ORD04574,PROD0087,Bath & Body,Dot & Key,1,222,30,66.6,155.4,2
ITEM004599,ORD03656,PROD0050,Haircare,Nykaa Cosmetics,1,762,30,228.6,533.4,
ITEM004600,ORD03656,PROD0057,Haircare,The Ordinary,1,735,30,220.5,514.5,
ITEM004601,ORD03152,PROD0057,Haircare,The Ordinary,1,735,10,73.5,661.5,5
ITEM004602,ORD03152,PROD0040,Makeup,NIVEA,1,681,0,0,681,5
ITEM004603,ORD03152,PROD0004,Skincare,Dot & Key,1,1072,10,107.2,964.8,5
ITEM004604,ORD03152,PROD0003,Skincare,MAC,2,1606,10,321.2,2890.8,5
ITEM004605,ORD04657,PROD0054,Haircare,Dot & Key,1,181,0,0,181,3
ITEM004606,ORD02154,PROD0048,Haircare,Maybelline,2,775,0,0,1550,3
ITEM004607,ORD02154,PROD0082,Bath & Body,Sugar Cosmetics,3,621,0,0,1863,4
ITEM004608,ORD02154,PROD0106,Wellness,Forest Essentials,1,762,30,228.6,533.4,4
ITEM004609,ORD00290,PROD0013,Skincare,Nykaa Cosmetics,1,716,15,107.4,608.6,4
ITEM004610,ORD00353,PROD0080,Bath & Body,Lakme,2,152,10,30.4,273.6,5
ITEM004611,ORD04051,PROD0088,Bath & Body,Sugar Cosmetics,1,669,20,133.8,535.2,5
ITEM004612,ORD04051,PROD0005,Skincare,Biotique,1,893,5,44.65,848.35,1
ITEM004613,ORD04051,PROD0033,Makeup,Mamaearth,1,2384,10,238.4,2145.6,5
ITEM004614,ORD02553,PROD0013,Skincare,Nykaa Cosmetics,2,716,5,71.6,1360.4,3
ITEM004615,ORD02553,PROD0070,Fragrance,NIVEA,1,2241,15,336.15,1904.85,1
ITEM004616,ORD01403,PROD0013,Skincare,Nykaa Cosmetics,1,716,20,143.2,572.8,4
ITEM004617,ORD01403,PROD0065,Haircare,Forest Essentials,1,334,20,66.8,267.2,5
ITEM004618,ORD01261,PROD0071,Fragrance,Maybelline,1,1416,30,424.8,991.2,2
ITEM004619,ORD03706,PROD0037,Makeup,Mamaearth,2,209,15,62.7,355.3,
ITEM004620,ORD00576,PROD0012,Skincare,Minimalist,2,428,5,42.8,813.2,5
ITEM004621,ORD00730,PROD0102,Wellness,MAC,1,1278,15,191.7,1086.3,5
ITEM004622,ORD00885,PROD0096,Men's Grooming,The Ordinary,1,520,20,104,416,
ITEM004623,ORD00885,PROD0018,Skincare,Dot & Key,1,1081,20,216.2,864.8,
ITEM004624,ORD00885,PROD0048,Haircare,Maybelline,1,775,0,0,775,
ITEM004625,ORD00885,PROD0070,Fragrance,NIVEA,1,2241,15,336.15,1904.85,
ITEM004626,ORD00278,PROD0078,Fragrance,Forest Essentials,1,1970,0,0,1970,5
ITEM004627,ORD02670,PROD0096,Men's Grooming,The Ordinary,1,520,10,52,468,5
ITEM004628,ORD02670,PROD0076,Fragrance,Dot & Key,1,552,15,82.8,469.2,4
ITEM004629,ORD04278,PROD0086,Bath & Body,Sugar Cosmetics,1,317,5,15.85,301.15,
ITEM004630,ORD02447,PROD0010,Skincare,The Ordinary,1,893,5,44.65,848.35,4
ITEM004631,ORD02447,PROD0053,Haircare,Forest Essentials,1,1102,0,0,1102,4
ITEM004632,ORD04824,PROD0022,Skincare,MAC,1,1685,30,505.5,1179.5,4
ITEM004633,ORD03522,PROD0052,Haircare,Nykaa Cosmetics,2,915,10,183,1647,4
ITEM004634,ORD03522,PROD0083,Bath & Body,Minimalist,1,446,20,89.2,356.8,2
ITEM004635,ORD03522,PROD0041,Makeup,Mamaearth,1,1516,30,454.8,1061.2,4
ITEM004636,ORD03026,PROD0070,Fragrance,NIVEA,1,2241,10,224.1,2016.9,2
ITEM004637,ORD02013,PROD0021,Skincare,Biotique,1,869,0,0,869,4
ITEM004638,ORD03846,PROD0090,Men's Grooming,NIVEA,1,842,15,126.3,715.7,5
ITEM004639,ORD03846,PROD0031,Makeup,WOW Skin Science,1,1892,30,567.6,1324.4,4
ITEM004640,ORD02570,PROD0101,Wellness,Mamaearth,2,930,0,0,1860,4
ITEM004641,ORD00027,PROD0051,Haircare,WOW Skin Science,2,847,5,84.7,1609.3,2
ITEM004642,ORD00027,PROD0112,Wellness,NIVEA,1,964,5,48.2,915.8,5
ITEM004643,ORD00027,PROD0069,Fragrance,Plum,1,1765,20,353,1412,4
ITEM004644,ORD01019,PROD0069,Fragrance,Plum,2,1765,5,176.5,3353.5,4
ITEM004645,ORD01019,PROD0043,Makeup,WOW Skin Science,1,1330,20,266,1064,5
ITEM004646,ORD03303,PROD0080,Bath & Body,Lakme,1,152,0,0,152,
ITEM004647,ORD01867,PROD0044,Makeup,Nykaa Cosmetics,1,701,5,35.05,665.95,5
ITEM004648,ORD01867,PROD0105,Wellness,Minimalist,2,1068,30,640.8,1495.2,5
ITEM004649,ORD01867,PROD0067,Fragrance,Biotique,1,1488,0,0,1488,4
ITEM004650,ORD01170,PROD0091,Men's Grooming,WOW Skin Science,1,530,0,0,530,5
ITEM004651,ORD01134,PROD0051,Haircare,WOW Skin Science,1,847,5,42.35,804.65,
ITEM004652,ORD01134,PROD0077,Fragrance,Lakme,1,2406,20,481.2,1924.8,
ITEM004653,ORD01134,PROD0060,Haircare,Plum,1,512,10,51.2,460.8,
ITEM004654,ORD01134,PROD0112,Wellness,NIVEA,1,964,30,289.2,674.8,
ITEM004655,ORD03964,PROD0005,Skincare,Biotique,2,893,10,178.6,1607.4,4
ITEM004656,ORD00210,PROD0077,Fragrance,Lakme,1,2406,10,240.6,2165.4,4
ITEM004657,ORD03967,PROD0097,Men's Grooming,Maybelline,1,369,30,110.7,258.3,5
ITEM004658,ORD04153,PROD0071,Fragrance,Maybelline,1,1416,20,283.2,1132.8,
ITEM004659,ORD04030,PROD0086,Bath & Body,Sugar Cosmetics,1,317,15,47.55,269.45,1
ITEM004660,ORD02094,PROD0065,Haircare,Forest Essentials,1,334,0,0,334,
ITEM004661,ORD00979,PROD0101,Wellness,Mamaearth,1,930,0,0,930,3
ITEM004662,ORD00979,PROD0021,Skincare,Biotique,2,869,20,347.6,1390.4,4
ITEM004663,ORD00979,PROD0095,Men's Grooming,The Ordinary,1,269,30,80.7,188.3,5
ITEM004664,ORD03638,PROD0025,Skincare,Forest Essentials,3,639,0,0,1917,
ITEM004665,ORD03398,PROD0072,Fragrance,The Ordinary,1,1765,30,529.5,1235.5,3
ITEM004666,ORD03398,PROD0084,Bath & Body,Mamaearth,3,750,10,225,2025,4
ITEM004667,ORD04826,PROD0082,Bath & Body,Sugar Cosmetics,1,621,5,31.05,589.95,2
ITEM004668,ORD04826,PROD0095,Men's Grooming,The Ordinary,1,269,30,80.7,188.3,3
ITEM004669,ORD00265,PROD0006,Skincare,Nykaa Cosmetics,1,1639,5,81.95,1557.05,1
ITEM004670,ORD01664,PROD0070,Fragrance,NIVEA,2,2241,30,1344.6,3137.4,5
ITEM004671,ORD03415,PROD0071,Fragrance,Maybelline,1,1416,30,424.8,991.2,3
ITEM004672,ORD03415,PROD0082,Bath & Body,Sugar Cosmetics,1,621,20,124.2,496.8,2
ITEM004673,ORD03415,PROD0058,Haircare,Mamaearth,2,841,20,336.4,1345.6,5
ITEM004674,ORD00327,PROD0091,Men's Grooming,WOW Skin Science,2,530,15,159,901,4
ITEM004675,ORD00327,PROD0068,Fragrance,Minimalist,1,1193,30,357.9,835.1,4
ITEM004676,ORD00327,PROD0103,Wellness,Forest Essentials,1,1146,0,0,1146,4
ITEM004677,ORD04203,PROD0061,Haircare,L'Oreal Paris,3,466,10,139.8,1258.2,5
ITEM004678,ORD03563,PROD0088,Bath & Body,Sugar Cosmetics,1,669,15,100.35,568.65,3
ITEM004679,ORD03563,PROD0038,Makeup,The Ordinary,1,477,30,143.1,333.9,5
ITEM004680,ORD04522,PROD0031,Makeup,WOW Skin Science,1,1892,5,94.6,1797.4,1
ITEM004681,ORD01685,PROD0019,Skincare,The Ordinary,1,1588,5,79.4,1508.6,2
ITEM004682,ORD03761,PROD0004,Skincare,Dot & Key,1,1072,0,0,1072,3
ITEM004683,ORD03761,PROD0012,Skincare,Minimalist,1,428,0,0,428,5
ITEM004684,ORD03761,PROD0064,Haircare,The Ordinary,1,642,20,128.4,513.6,4
ITEM004685,ORD00253,PROD0085,Bath & Body,Sugar Cosmetics,2,329,30,197.4,460.6,5
ITEM004686,ORD02051,PROD0028,Makeup,L'Oreal Paris,2,844,5,84.4,1603.6,4
ITEM004687,ORD02051,PROD0006,Skincare,Nykaa Cosmetics,1,1639,20,327.8,1311.2,4
ITEM004688,ORD02558,PROD0041,Makeup,Mamaearth,2,1516,10,303.2,2728.8,4
ITEM004689,ORD02558,PROD0065,Haircare,Forest Essentials,1,334,0,0,334,3
ITEM004690,ORD04170,PROD0107,Wellness,Sugar Cosmetics,3,1156,30,1040.4,2427.6,5
ITEM004691,ORD01746,PROD0095,Men's Grooming,The Ordinary,1,269,15,40.35,228.65,
ITEM004692,ORD01746,PROD0002,Skincare,Dot & Key,1,483,15,72.45,410.55,
ITEM004693,ORD03355,PROD0040,Makeup,NIVEA,1,681,0,0,681,4
ITEM004694,ORD03046,PROD0096,Men's Grooming,The Ordinary,1,520,5,26,494,5
ITEM004695,ORD02633,PROD0107,Wellness,Sugar Cosmetics,1,1156,20,231.2,924.8,4
ITEM004696,ORD02633,PROD0048,Haircare,Maybelline,1,775,0,0,775,1
ITEM004697,ORD02633,PROD0059,Haircare,Minimalist,1,503,10,50.3,452.7,5
ITEM004698,ORD01861,PROD0007,Skincare,Biotique,1,995,5,49.75,945.25,
ITEM004699,ORD02227,PROD0009,Skincare,NIVEA,1,720,15,108,612,4
ITEM004700,ORD00248,PROD0008,Skincare,Forest Essentials,2,317,0,0,634,3
ITEM004701,ORD04341,PROD0023,Skincare,Biotique,3,1629,0,0,4887,
ITEM004702,ORD04341,PROD0104,Wellness,Nykaa Cosmetics,1,1259,5,62.95,1196.05,
ITEM004703,ORD04341,PROD0093,Men's Grooming,Nykaa Cosmetics,1,245,20,49,196,
ITEM004704,ORD02616,PROD0088,Bath & Body,Sugar Cosmetics,1,669,15,100.35,568.65,3
ITEM004705,ORD02616,PROD0053,Haircare,Forest Essentials,1,1102,0,0,1102,5
ITEM004706,ORD01824,PROD0004,Skincare,Dot & Key,2,1072,5,107.2,2036.8,5
ITEM004707,ORD01824,PROD0084,Bath & Body,Mamaearth,1,750,5,37.5,712.5,5
ITEM004708,ORD01824,PROD0017,Skincare,WOW Skin Science,3,1699,0,0,5097,4
ITEM004709,ORD01824,PROD0065,Haircare,Forest Essentials,1,334,20,66.8,267.2,5
ITEM004710,ORD02576,PROD0082,Bath & Body,Sugar Cosmetics,1,621,30,186.3,434.7,5
ITEM004711,ORD02576,PROD0103,Wellness,Forest Essentials,1,1146,5,57.3,1088.7,5
ITEM004712,ORD02576,PROD0045,Makeup,WOW Skin Science,1,1690,20,338,1352,1
ITEM004713,ORD00835,PROD0030,Makeup,Nykaa Cosmetics,2,946,5,94.6,1797.4,1
ITEM004714,ORD00835,PROD0086,Bath & Body,Sugar Cosmetics,1,317,0,0,317,5
ITEM004715,ORD02853,PROD0064,Haircare,The Ordinary,3,642,30,577.8,1348.2,5
ITEM004716,ORD02853,PROD0012,Skincare,Minimalist,1,428,0,0,428,3
ITEM004717,ORD03675,PROD0057,Haircare,The Ordinary,1,735,10,73.5,661.5,5
ITEM004718,ORD03878,PROD0027,Makeup,Mamaearth,2,1454,10,290.8,2617.2,5
ITEM004719,ORD03760,PROD0075,Fragrance,Forest Essentials,1,1648,10,164.8,1483.2,5
ITEM004720,ORD03760,PROD0100,Men's Grooming,Minimalist,1,156,15,23.4,132.6,5
ITEM004721,ORD03517,PROD0080,Bath & Body,Lakme,1,152,0,0,152,
ITEM004722,ORD03517,PROD0090,Men's Grooming,NIVEA,1,842,15,126.3,715.7,
ITEM004723,ORD03517,PROD0050,Haircare,Nykaa Cosmetics,1,762,5,38.1,723.9,
ITEM004724,ORD03517,PROD0008,Skincare,Forest Essentials,1,317,0,0,317,
ITEM004725,ORD04877,PROD0034,Makeup,WOW Skin Science,1,2004,15,300.6,1703.4,5
ITEM004726,ORD04998,PROD0105,Wellness,Minimalist,1,1068,30,320.4,747.6,5
ITEM004727,ORD02125,PROD0090,Men's Grooming,NIVEA,2,842,20,336.8,1347.2,5
ITEM004728,ORD03557,PROD0008,Skincare,Forest Essentials,1,317,15,47.55,269.45,
ITEM004729,ORD03557,PROD0038,Makeup,The Ordinary,1,477,10,47.7,429.3,
ITEM004730,ORD03557,PROD0072,Fragrance,The Ordinary,1,1765,0,0,1765,
ITEM004731,ORD01790,PROD0057,Haircare,The Ordinary,2,735,10,147,1323,4
ITEM004732,ORD00645,PROD0041,Makeup,Mamaearth,1,1516,20,303.2,1212.8,
ITEM004733,ORD00645,PROD0096,Men's Grooming,The Ordinary,1,520,30,156,364,
ITEM004734,ORD00780,PROD0019,Skincare,The Ordinary,1,1588,10,158.8,1429.2,4
ITEM004735,ORD00780,PROD0093,Men's Grooming,Nykaa Cosmetics,1,245,30,73.5,171.5,2
ITEM004736,ORD02575,PROD0065,Haircare,Forest Essentials,1,334,0,0,334,5
ITEM004737,ORD02575,PROD0068,Fragrance,Minimalist,1,1193,0,0,1193,3
ITEM004738,ORD02575,PROD0051,Haircare,WOW Skin Science,1,847,10,84.7,762.3,5
ITEM004739,ORD02575,PROD0093,Men's Grooming,Nykaa Cosmetics,1,245,30,73.5,171.5,5
ITEM004740,ORD02478,PROD0108,Wellness,The Ordinary,1,945,20,189,756,4
ITEM004741,ORD02478,PROD0045,Makeup,WOW Skin Science,2,1690,15,507,2873,5
ITEM004742,ORD02478,PROD0025,Skincare,Forest Essentials,3,639,15,287.55,1629.45,3
ITEM004743,ORD02478,PROD0112,Wellness,NIVEA,1,964,30,289.2,674.8,5
ITEM004744,ORD04020,PROD0046,Makeup,The Ordinary,1,532,10,53.2,478.8,4
ITEM004745,ORD01041,PROD0015,Skincare,Biotique,1,1295,15,194.25,1100.75,4
ITEM004746,ORD01041,PROD0044,Makeup,Nykaa Cosmetics,1,701,5,35.05,665.95,5
ITEM004747,ORD01041,PROD0025,Skincare,Forest Essentials,1,639,0,0,639,3
ITEM004748,ORD01041,PROD0073,Fragrance,Biotique,1,2226,0,0,2226,5
ITEM004749,ORD00251,PROD0075,Fragrance,Forest Essentials,1,1648,0,0,1648,5
ITEM004750,ORD00251,PROD0079,Bath & Body,L'Oreal Paris,1,653,0,0,653,5
ITEM004751,ORD03939,PROD0004,Skincare,Dot & Key,1,1072,20,214.4,857.6,5
ITEM004752,ORD03577,PROD0006,Skincare,Nykaa Cosmetics,2,1639,15,491.7,2786.3,2
ITEM004753,ORD03577,PROD0104,Wellness,Nykaa Cosmetics,1,1259,20,251.8,1007.2,4
ITEM004754,ORD04506,PROD0019,Skincare,The Ordinary,1,1588,30,476.4,1111.6,5
ITEM004755,ORD04506,PROD0061,Haircare,L'Oreal Paris,1,466,30,139.8,326.2,1
ITEM004756,ORD04831,PROD0112,Wellness,NIVEA,2,964,20,385.6,1542.4,5
ITEM004757,ORD04831,PROD0079,Bath & Body,L'Oreal Paris,3,653,0,0,1959,4
ITEM004758,ORD04831,PROD0010,Skincare,The Ordinary,1,893,5,44.65,848.35,5
ITEM004759,ORD04589,PROD0037,Makeup,Mamaearth,3,209,0,0,627,4
ITEM004760,ORD04589,PROD0056,Haircare,MAC,2,1009,30,605.4,1412.6,5
ITEM004761,ORD02126,PROD0097,Men's Grooming,Maybelline,1,369,0,0,369,5
ITEM004762,ORD02126,PROD0001,Skincare,Minimalist,1,1006,20,201.2,804.8,5
ITEM004763,ORD02126,PROD0015,Skincare,Biotique,2,1295,10,259,2331,4
ITEM004764,ORD02126,PROD0087,Bath & Body,Dot & Key,2,222,15,66.6,377.4,1
ITEM004765,ORD04045,PROD0101,Wellness,Mamaearth,1,930,0,0,930,5
ITEM004766,ORD04045,PROD0112,Wellness,NIVEA,1,964,5,48.2,915.8,4
ITEM004767,ORD04045,PROD0017,Skincare,WOW Skin Science,1,1699,10,169.9,1529.1,4
ITEM004768,ORD04080,PROD0004,Skincare,Dot & Key,1,1072,5,53.6,1018.4,5
ITEM004769,ORD04080,PROD0110,Wellness,Nykaa Cosmetics,2,1400,0,0,2800,2
ITEM004770,ORD03031,PROD0046,Makeup,The Ordinary,1,532,15,79.8,452.2,4
ITEM004771,ORD04164,PROD0072,Fragrance,The Ordinary,1,1765,20,353,1412,
ITEM004772,ORD04164,PROD0108,Wellness,The Ordinary,1,945,5,47.25,897.75,
ITEM004773,ORD04954,PROD0078,Fragrance,Forest Essentials,1,1970,20,394,1576,
ITEM004774,ORD01616,PROD0065,Haircare,Forest Essentials,1,334,10,33.4,300.6,5
ITEM004775,ORD03457,PROD0025,Skincare,Forest Essentials,2,639,0,0,1278,
ITEM004776,ORD03207,PROD0015,Skincare,Biotique,1,1295,10,129.5,1165.5,5
ITEM004777,ORD03207,PROD0085,Bath & Body,Sugar Cosmetics,1,329,15,49.35,279.65,5
ITEM004778,ORD00075,PROD0015,Skincare,Biotique,2,1295,0,0,2590,5
ITEM004779,ORD02546,PROD0010,Skincare,The Ordinary,1,893,20,178.6,714.4,3
ITEM004780,ORD02546,PROD0093,Men's Grooming,Nykaa Cosmetics,1,245,20,49,196,2
ITEM004781,ORD00434,PROD0065,Haircare,Forest Essentials,3,334,0,0,1002,4
ITEM004782,ORD02309,PROD0077,Fragrance,Lakme,1,2406,10,240.6,2165.4,5
ITEM004783,ORD04303,PROD0078,Fragrance,Forest Essentials,1,1970,10,197,1773,5
ITEM004784,ORD03234,PROD0083,Bath & Body,Minimalist,1,446,0,0,446,4
ITEM004785,ORD00933,PROD0075,Fragrance,Forest Essentials,1,1648,5,82.4,1565.6,
ITEM004786,ORD04384,PROD0066,Fragrance,Forest Essentials,1,2975,15,446.25,2528.75,5
ITEM004787,ORD02716,PROD0024,Skincare,MAC,1,900,20,180,720,3
ITEM004788,ORD02716,PROD0092,Men's Grooming,Lakme,1,463,5,23.15,439.85,5
ITEM004789,ORD02716,PROD0039,Makeup,Nykaa Cosmetics,1,864,0,0,864,5
ITEM004790,ORD02716,PROD0073,Fragrance,Biotique,1,2226,10,222.6,2003.4,4
ITEM004791,ORD03219,PROD0091,Men's Grooming,WOW Skin Science,1,530,30,159,371,5
ITEM004792,ORD03219,PROD0022,Skincare,MAC,1,1685,15,252.75,1432.25,2
ITEM004793,ORD03219,PROD0053,Haircare,Forest Essentials,1,1102,30,330.6,771.4,4
ITEM004794,ORD03219,PROD0038,Makeup,The Ordinary,1,477,0,0,477,4
ITEM004795,ORD01692,PROD0025,Skincare,Forest Essentials,1,639,30,191.7,447.3,3
ITEM004796,ORD01692,PROD0101,Wellness,Mamaearth,1,930,20,186,744,4
ITEM004797,ORD04672,PROD0021,Skincare,Biotique,2,869,5,86.9,1651.1,
ITEM004798,ORD04672,PROD0054,Haircare,Dot & Key,1,181,20,36.2,144.8,
ITEM004799,ORD04672,PROD0011,Skincare,Lakme,1,1528,10,152.8,1375.2,
ITEM004800,ORD01247,PROD0002,Skincare,Dot & Key,1,483,0,0,483,5
ITEM004801,ORD01004,PROD0111,Wellness,Maybelline,1,489,0,0,489,4
ITEM004802,ORD01004,PROD0013,Skincare,Nykaa Cosmetics,2,716,30,429.6,1002.4,4
ITEM004803,ORD00954,PROD0088,Bath & Body,Sugar Cosmetics,2,669,0,0,1338,4
ITEM004804,ORD02345,PROD0075,Fragrance,Forest Essentials,1,1648,30,494.4,1153.6,
ITEM004805,ORD03588,PROD0101,Wellness,Mamaearth,2,930,30,558,1302,5
ITEM004806,ORD01148,PROD0009,Skincare,NIVEA,1,720,5,36,684,3
ITEM004807,ORD03511,PROD0016,Skincare,The Ordinary,1,1150,5,57.5,1092.5,5
ITEM004808,ORD03511,PROD0063,Haircare,Mamaearth,1,1105,30,331.5,773.5,5
ITEM004809,ORD03511,PROD0112,Wellness,NIVEA,2,964,10,192.8,1735.2,4
ITEM004810,ORD04689,PROD0061,Haircare,L'Oreal Paris,1,466,10,46.6,419.4,5
ITEM004811,ORD04361,PROD0052,Haircare,Nykaa Cosmetics,1,915,15,137.25,777.75,5
ITEM004812,ORD01288,PROD0013,Skincare,Nykaa Cosmetics,1,716,0,0,716,2
ITEM004813,ORD01288,PROD0098,Men's Grooming,The Ordinary,1,241,30,72.3,168.7,4
ITEM004814,ORD04221,PROD0082,Bath & Body,Sugar Cosmetics,1,621,5,31.05,589.95,4
ITEM004815,ORD00725,PROD0031,Makeup,WOW Skin Science,1,1892,5,94.6,1797.4,4
ITEM004816,ORD02459,PROD0097,Men's Grooming,Maybelline,1,369,10,36.9,332.1,3
ITEM004817,ORD00001,PROD0091,Men's Grooming,WOW Skin Science,1,530,10,53,477,5
ITEM004818,ORD00001,PROD0099,Men's Grooming,Forest Essentials,2,554,20,221.6,886.4,3
ITEM004819,ORD02140,PROD0041,Makeup,Mamaearth,1,1516,20,303.2,1212.8,
ITEM004820,ORD02391,PROD0054,Haircare,Dot & Key,1,181,0,0,181,3
ITEM004821,ORD02640,PROD0052,Haircare,Nykaa Cosmetics,2,915,30,549,1281,2
ITEM004822,ORD02640,PROD0067,Fragrance,Biotique,3,1488,20,892.8,3571.2,5
ITEM004823,ORD02640,PROD0050,Haircare,Nykaa Cosmetics,1,762,15,114.3,647.7,5
ITEM004824,ORD02640,PROD0102,Wellness,MAC,1,1278,10,127.8,1150.2,3
ITEM004825,ORD03725,PROD0106,Wellness,Forest Essentials,1,762,0,0,762,
ITEM004826,ORD01156,PROD0075,Fragrance,Forest Essentials,1,1648,0,0,1648,
ITEM004827,ORD01156,PROD0023,Skincare,Biotique,1,1629,0,0,1629,
ITEM004828,ORD02525,PROD0082,Bath & Body,Sugar Cosmetics,3,621,15,279.45,1583.55,5
ITEM004829,ORD02525,PROD0031,Makeup,WOW Skin Science,1,1892,10,189.2,1702.8,4
ITEM004830,ORD02534,PROD0059,Haircare,Minimalist,2,503,20,201.2,804.8,5
ITEM004831,ORD02534,PROD0012,Skincare,Minimalist,1,428,5,21.4,406.6,4
ITEM004832,ORD02441,PROD0029,Makeup,Biotique,1,1007,20,201.4,805.6,3
ITEM004833,ORD02441,PROD0064,Haircare,The Ordinary,1,642,10,64.2,577.8,4
ITEM004834,ORD02834,PROD0063,Haircare,Mamaearth,1,1105,10,110.5,994.5,4
ITEM004835,ORD02834,PROD0026,Makeup,Biotique,2,267,0,0,534,2
ITEM004836,ORD02834,PROD0094,Men's Grooming,MAC,2,243,30,145.8,340.2,4
ITEM004837,ORD02834,PROD0021,Skincare,Biotique,1,869,5,43.45,825.55,5
ITEM004838,ORD02383,PROD0111,Wellness,Maybelline,1,489,15,73.35,415.65,
ITEM004839,ORD02383,PROD0093,Men's Grooming,Nykaa Cosmetics,1,245,10,24.5,220.5,
ITEM004840,ORD02383,PROD0033,Makeup,Mamaearth,1,2384,20,476.8,1907.2,
ITEM004841,ORD00393,PROD0034,Makeup,WOW Skin Science,2,2004,30,1202.4,2805.6,4
ITEM004842,ORD00393,PROD0068,Fragrance,Minimalist,2,1193,0,0,2386,5
ITEM004843,ORD00393,PROD0106,Wellness,Forest Essentials,2,762,0,0,1524,1
ITEM004844,ORD02135,PROD0091,Men's Grooming,WOW Skin Science,3,530,0,0,1590,5
ITEM004845,ORD02135,PROD0112,Wellness,NIVEA,3,964,5,144.6,2747.4,2
ITEM004846,ORD02135,PROD0059,Haircare,Minimalist,1,503,5,25.15,477.85,4
ITEM004847,ORD04489,PROD0111,Wellness,Maybelline,1,489,20,97.8,391.2,5
ITEM004848,ORD00869,PROD0100,Men's Grooming,Minimalist,1,156,15,23.4,132.6,
ITEM004849,ORD02778,PROD0008,Skincare,Forest Essentials,2,317,0,0,634,
ITEM004850,ORD02339,PROD0052,Haircare,Nykaa Cosmetics,2,915,15,274.5,1555.5,2
ITEM004851,ORD02339,PROD0057,Haircare,The Ordinary,3,735,10,220.5,1984.5,3
ITEM004852,ORD01008,PROD0009,Skincare,NIVEA,1,720,10,72,648,
ITEM004853,ORD01008,PROD0096,Men's Grooming,The Ordinary,2,520,15,156,884,
ITEM004854,ORD01008,PROD0086,Bath & Body,Sugar Cosmetics,1,317,0,0,317,
ITEM004855,ORD03335,PROD0043,Makeup,WOW Skin Science,1,1330,10,133,1197,3
ITEM004856,ORD03942,PROD0016,Skincare,The Ordinary,1,1150,20,230,920,5
ITEM004857,ORD04160,PROD0065,Haircare,Forest Essentials,3,334,20,200.4,801.6,5
ITEM004858,ORD04160,PROD0110,Wellness,Nykaa Cosmetics,1,1400,0,0,1400,4
ITEM004859,ORD04160,PROD0050,Haircare,Nykaa Cosmetics,1,762,0,0,762,3
ITEM004860,ORD04565,PROD0109,Wellness,L'Oreal Paris,1,625,30,187.5,437.5,4
ITEM004861,ORD03512,PROD0058,Haircare,Mamaearth,1,841,0,0,841,5
ITEM004862,ORD03512,PROD0067,Fragrance,Biotique,1,1488,0,0,1488,3
ITEM004863,ORD01070,PROD0044,Makeup,Nykaa Cosmetics,1,701,0,0,701,4
ITEM004864,ORD02068,PROD0064,Haircare,The Ordinary,1,642,10,64.2,577.8,5
ITEM004865,ORD02068,PROD0069,Fragrance,Plum,1,1765,5,88.25,1676.75,4
ITEM004866,ORD02068,PROD0025,Skincare,Forest Essentials,3,639,0,0,1917,5
ITEM004867,ORD00536,PROD0106,Wellness,Forest Essentials,1,762,20,152.4,609.6,
ITEM004868,ORD00507,PROD0063,Haircare,Mamaearth,1,1105,0,0,1105,4
ITEM004869,ORD01594,PROD0097,Men's Grooming,Maybelline,3,369,5,55.35,1051.65,5
ITEM004870,ORD01594,PROD0036,Makeup,Dot & Key,1,988,15,148.2,839.8,4
ITEM004871,ORD01594,PROD0015,Skincare,Biotique,1,1295,0,0,1295,3
ITEM004872,ORD01594,PROD0071,Fragrance,Maybelline,3,1416,30,1274.4,2973.6,5
ITEM004873,ORD03108,PROD0108,Wellness,The Ordinary,1,945,10,94.5,850.5,5
ITEM004874,ORD03997,PROD0083,Bath & Body,Minimalist,1,446,30,133.8,312.2,5
ITEM004875,ORD02578,PROD0059,Haircare,Minimalist,1,503,20,100.6,402.4,5
ITEM004876,ORD04581,PROD0069,Fragrance,Plum,1,1765,20,353,1412,
ITEM004877,ORD04581,PROD0081,Bath & Body,L'Oreal Paris,1,767,15,115.05,651.95,
ITEM004878,ORD04581,PROD0012,Skincare,Minimalist,2,428,30,256.8,599.2,
ITEM004879,ORD02758,PROD0046,Makeup,The Ordinary,1,532,20,106.4,425.6,3
ITEM004880,ORD02758,PROD0019,Skincare,The Ordinary,1,1588,0,0,1588,5
ITEM004881,ORD03233,PROD0060,Haircare,Plum,1,512,0,0,512,
ITEM004882,ORD03233,PROD0081,Bath & Body,L'Oreal Paris,1,767,20,153.4,613.6,
ITEM004883,ORD02651,PROD0068,Fragrance,Minimalist,1,1193,5,59.65,1133.35,
ITEM004884,ORD02651,PROD0002,Skincare,Dot & Key,1,483,0,0,483,
ITEM004885,ORD02651,PROD0106,Wellness,Forest Essentials,1,762,15,114.3,647.7,
ITEM004886,ORD02651,PROD0005,Skincare,Biotique,2,893,0,0,1786,
ITEM004887,ORD01905,PROD0095,Men's Grooming,The Ordinary,1,269,20,53.8,215.2,4
ITEM004888,ORD02104,PROD0059,Haircare,Minimalist,1,503,15,75.45,427.55,
ITEM004889,ORD00691,PROD0002,Skincare,Dot & Key,1,483,20,96.6,386.4,3
ITEM004890,ORD00691,PROD0065,Haircare,Forest Essentials,1,334,30,100.2,233.8,5
ITEM004891,ORD02142,PROD0015,Skincare,Biotique,1,1295,5,64.75,1230.25,4
ITEM004892,ORD02142,PROD0040,Makeup,NIVEA,1,681,15,102.15,578.85,5
ITEM004893,ORD02142,PROD0084,Bath & Body,Mamaearth,1,750,0,0,750,4
ITEM004894,ORD02142,PROD0027,Makeup,Mamaearth,2,1454,0,0,2908,4
ITEM004895,ORD03559,PROD0024,Skincare,MAC,1,900,30,270,630,2
ITEM004896,ORD03559,PROD0094,Men's Grooming,MAC,1,243,0,0,243,4
ITEM004897,ORD03559,PROD0069,Fragrance,Plum,1,1765,20,353,1412,4
ITEM004898,ORD00796,PROD0017,Skincare,WOW Skin Science,1,1699,5,84.95,1614.05,
ITEM004899,ORD03406,PROD0053,Haircare,Forest Essentials,1,1102,20,220.4,881.6,
ITEM004900,ORD03406,PROD0081,Bath & Body,L'Oreal Paris,1,767,0,0,767,
ITEM004901,ORD03406,PROD0066,Fragrance,Forest Essentials,1,2975,20,595,2380,
ITEM004902,ORD04130,PROD0091,Men's Grooming,WOW Skin Science,2,530,20,212,848,2
ITEM004903,ORD04130,PROD0044,Makeup,Nykaa Cosmetics,1,701,5,35.05,665.95,5
ITEM004904,ORD04296,PROD0090,Men's Grooming,NIVEA,2,842,10,168.4,1515.6,4
ITEM004905,ORD04296,PROD0078,Fragrance,Forest Essentials,2,1970,20,788,3152,5
ITEM004906,ORD04296,PROD0096,Men's Grooming,The Ordinary,1,520,30,156,364,4
ITEM004907,ORD04296,PROD0081,Bath & Body,L'Oreal Paris,1,767,10,76.7,690.3,5
ITEM004908,ORD03571,PROD0046,Makeup,The Ordinary,1,532,20,106.4,425.6,4
ITEM004909,ORD02638,PROD0066,Fragrance,Forest Essentials,1,2975,0,0,2975,4
ITEM004910,ORD01898,PROD0077,Fragrance,Lakme,2,2406,30,1443.6,3368.4,5
ITEM004911,ORD01898,PROD0026,Makeup,Biotique,1,267,0,0,267,2
ITEM004912,ORD01093,PROD0008,Skincare,Forest Essentials,1,317,0,0,317,5
ITEM004913,ORD01093,PROD0060,Haircare,Plum,1,512,15,76.8,435.2,5
ITEM004914,ORD02909,PROD0031,Makeup,WOW Skin Science,1,1892,20,378.4,1513.6,2
ITEM004915,ORD02909,PROD0084,Bath & Body,Mamaearth,1,750,5,37.5,712.5,3
ITEM004916,ORD02069,PROD0091,Men's Grooming,WOW Skin Science,1,530,15,79.5,450.5,3
ITEM004917,ORD03080,PROD0088,Bath & Body,Sugar Cosmetics,3,669,30,602.1,1404.9,5
ITEM004918,ORD00056,PROD0016,Skincare,The Ordinary,1,1150,5,57.5,1092.5,5
ITEM004919,ORD03696,PROD0092,Men's Grooming,Lakme,1,463,30,138.9,324.1,4
ITEM004920,ORD02376,PROD0046,Makeup,The Ordinary,1,532,20,106.4,425.6,5
ITEM004921,ORD01048,PROD0093,Men's Grooming,Nykaa Cosmetics,3,245,15,110.25,624.75,5
ITEM004922,ORD01069,PROD0097,Men's Grooming,Maybelline,1,369,5,18.45,350.55,3
ITEM004923,ORD01069,PROD0005,Skincare,Biotique,1,893,0,0,893,5
ITEM004924,ORD01069,PROD0111,Wellness,Maybelline,1,489,15,73.35,415.65,3
ITEM004925,ORD01069,PROD0028,Makeup,L'Oreal Paris,1,844,5,42.2,801.8,4
ITEM004926,ORD04357,PROD0056,Haircare,MAC,1,1009,5,50.45,958.55,3
ITEM004927,ORD04357,PROD0069,Fragrance,Plum,1,1765,15,264.75,1500.25,5
ITEM004928,ORD04357,PROD0008,Skincare,Forest Essentials,1,317,0,0,317,4
ITEM004929,ORD02521,PROD0084,Bath & Body,Mamaearth,3,750,20,450,1800,5
ITEM004930,ORD02521,PROD0012,Skincare,Minimalist,1,428,15,64.2,363.8,3
ITEM004931,ORD03655,PROD0099,Men's Grooming,Forest Essentials,1,554,30,166.2,387.8,
ITEM004932,ORD04498,PROD0036,Makeup,Dot & Key,1,988,30,296.4,691.6,5
ITEM004933,ORD01817,PROD0012,Skincare,Minimalist,1,428,20,85.6,342.4,4
ITEM004934,ORD01817,PROD0106,Wellness,Forest Essentials,1,762,15,114.3,647.7,3
ITEM004935,ORD01817,PROD0063,Haircare,Mamaearth,1,1105,15,165.75,939.25,2
ITEM004936,ORD03875,PROD0025,Skincare,Forest Essentials,1,639,0,0,639,5
ITEM004937,ORD00886,PROD0108,Wellness,The Ordinary,1,945,5,47.25,897.75,5
ITEM004938,ORD00868,PROD0038,Makeup,The Ordinary,1,477,0,0,477,4
ITEM004939,ORD00868,PROD0018,Skincare,Dot & Key,1,1081,5,54.05,1026.95,4
ITEM004940,ORD00868,PROD0003,Skincare,MAC,1,1606,10,160.6,1445.4,5
ITEM004941,ORD00868,PROD0086,Bath & Body,Sugar Cosmetics,1,317,0,0,317,5
ITEM004942,ORD01937,PROD0076,Fragrance,Dot & Key,2,552,15,165.6,938.4,3
ITEM004943,ORD01465,PROD0105,Wellness,Minimalist,2,1068,15,320.4,1815.6,
ITEM004944,ORD00264,PROD0103,Wellness,Forest Essentials,1,1146,10,114.6,1031.4,5
ITEM004945,ORD00264,PROD0010,Skincare,The Ordinary,2,893,20,357.2,1428.8,5
ITEM004946,ORD00264,PROD0005,Skincare,Biotique,1,893,0,0,893,3
ITEM004947,ORD00292,PROD0023,Skincare,Biotique,1,1629,15,244.35,1384.65,4
ITEM004948,ORD03052,PROD0049,Haircare,Forest Essentials,1,718,5,35.9,682.1,3
ITEM004949,ORD03052,PROD0023,Skincare,Biotique,1,1629,15,244.35,1384.65,5
ITEM004950,ORD00036,PROD0087,Bath & Body,Dot & Key,2,222,5,22.2,421.8,4
ITEM004951,ORD00036,PROD0076,Fragrance,Dot & Key,1,552,15,82.8,469.2,4
ITEM004952,ORD00440,PROD0009,Skincare,NIVEA,1,720,0,0,720,5
ITEM004953,ORD00440,PROD0079,Bath & Body,L'Oreal Paris,1,653,30,195.9,457.1,3
ITEM004954,ORD00440,PROD0045,Makeup,WOW Skin Science,1,1690,15,253.5,1436.5,3
ITEM004955,ORD00440,PROD0031,Makeup,WOW Skin Science,1,1892,20,378.4,1513.6,4
ITEM004956,ORD00180,PROD0103,Wellness,Forest Essentials,1,1146,5,57.3,1088.7,5
ITEM004957,ORD00275,PROD0007,Skincare,Biotique,1,995,10,99.5,895.5,4
ITEM004958,ORD01676,PROD0107,Wellness,Sugar Cosmetics,2,1156,0,0,2312,4
ITEM004959,ORD01676,PROD0102,Wellness,MAC,1,1278,20,255.6,1022.4,5
ITEM004960,ORD01468,PROD0017,Skincare,WOW Skin Science,1,1699,0,0,1699,4
ITEM004961,ORD01468,PROD0047,Haircare,Biotique,3,665,20,399,1596,3
ITEM004962,ORD03897,PROD0040,Makeup,NIVEA,1,681,30,204.3,476.7,1
ITEM004963,ORD03897,PROD0056,Haircare,MAC,1,1009,0,0,1009,5
ITEM004964,ORD03897,PROD0037,Makeup,Mamaearth,1,209,15,31.35,177.65,5
ITEM004965,ORD00834,PROD0043,Makeup,WOW Skin Science,1,1330,30,399,931,5
ITEM004966,ORD00834,PROD0061,Haircare,L'Oreal Paris,1,466,30,139.8,326.2,5
ITEM004967,ORD00834,PROD0078,Fragrance,Forest Essentials,1,1970,0,0,1970,3
ITEM004968,ORD04104,PROD0034,Makeup,WOW Skin Science,1,2004,15,300.6,1703.4,
ITEM004969,ORD04268,PROD0053,Haircare,Forest Essentials,1,1102,5,55.1,1046.9,3
ITEM004970,ORD02384,PROD0056,Haircare,MAC,2,1009,0,0,2018,
ITEM004971,ORD02314,PROD0006,Skincare,Nykaa Cosmetics,1,1639,15,245.85,1393.15,3
ITEM004972,ORD04301,PROD0033,Makeup,Mamaearth,1,2384,0,0,2384,
ITEM004973,ORD04301,PROD0002,Skincare,Dot & Key,1,483,5,24.15,458.85,
ITEM004974,ORD04301,PROD0007,Skincare,Biotique,1,995,0,0,995,
ITEM004975,ORD04301,PROD0047,Haircare,Biotique,1,665,10,66.5,598.5,
ITEM004976,ORD00999,PROD0003,Skincare,MAC,1,1606,20,321.2,1284.8,5
ITEM004977,ORD00999,PROD0023,Skincare,Biotique,1,1629,15,244.35,1384.65,5
ITEM004978,ORD00999,PROD0102,Wellness,MAC,1,1278,20,255.6,1022.4,3
ITEM004979,ORD00999,PROD0038,Makeup,The Ordinary,1,477,10,47.7,429.3,2
ITEM004980,ORD04448,PROD0107,Wellness,Sugar Cosmetics,1,1156,30,346.8,809.2,5
ITEM004981,ORD04448,PROD0079,Bath & Body,L'Oreal Paris,2,653,0,0,1306,3
ITEM004982,ORD04964,PROD0044,Makeup,Nykaa Cosmetics,1,701,30,210.3,490.7,2
ITEM004983,ORD04964,PROD0066,Fragrance,Forest Essentials,1,2975,0,0,2975,2
ITEM004984,ORD04964,PROD0078,Fragrance,Forest Essentials,1,1970,15,295.5,1674.5,5
ITEM004985,ORD04964,PROD0001,Skincare,Minimalist,1,1006,10,100.6,905.4,3
ITEM004986,ORD01625,PROD0084,Bath & Body,Mamaearth,1,750,5,37.5,712.5,3
ITEM004987,ORD01990,PROD0086,Bath & Body,Sugar Cosmetics,1,317,0,0,317,4
ITEM004988,ORD01990,PROD0093,Men's Grooming,Nykaa Cosmetics,1,245,5,12.25,232.75,5
ITEM004989,ORD04099,PROD0055,Haircare,Minimalist,1,967,30,290.1,676.9,5
ITEM004990,ORD04099,PROD0060,Haircare,Plum,1,512,30,153.6,358.4,4
ITEM004991,ORD04099,PROD0047,Haircare,Biotique,1,665,10,66.5,598.5,5
ITEM004992,ORD00542,PROD0046,Makeup,The Ordinary,1,532,15,79.8,452.2,5
ITEM004993,ORD00542,PROD0070,Fragrance,NIVEA,1,2241,0,0,2241,4
ITEM004994,ORD00650,PROD0003,Skincare,MAC,1,1606,5,80.3,1525.7,4
ITEM004995,ORD02820,PROD0032,Makeup,Maybelline,1,2207,0,0,2207,
ITEM004996,ORD02820,PROD0020,Skincare,Maybelline,2,1237,30,742.2,1731.8,
ITEM004997,ORD02515,PROD0018,Skincare,Dot & Key,1,1081,20,216.2,864.8,
ITEM004998,ORD00647,PROD0009,Skincare,NIVEA,1,720,30,216,504,5
ITEM004999,ORD01948,PROD0107,Wellness,Sugar Cosmetics,3,1156,30,1040.4,2427.6,
ITEM005000,ORD02559,PROD0005,Skincare,Biotique,1,893,20,178.6,714.4,5
ITEM005001,ORD02559,PROD0035,Makeup,Sugar Cosmetics,1,526,15,78.9,447.1,4
ITEM005002,ORD02559,PROD0038,Makeup,The Ordinary,1,477,20,95.4,381.6,5
ITEM005003,ORD02559,PROD0017,Skincare,WOW Skin Science,1,1699,0,0,1699,2
ITEM005004,ORD01285,PROD0108,Wellness,The Ordinary,2,945,0,0,1890,
ITEM005005,ORD00584,PROD0090,Men's Grooming,NIVEA,2,842,0,0,1684,3
ITEM005006,ORD04005,PROD0097,Men's Grooming,Maybelline,2,369,10,73.8,664.2,3
ITEM005007,ORD04005,PROD0089,Bath & Body,Biotique,1,384,20,76.8,307.2,5
ITEM005008,ORD04681,PROD0070,Fragrance,NIVEA,2,2241,0,0,4482,5
ITEM005009,ORD03948,PROD0100,Men's Grooming,Minimalist,1,156,30,46.8,109.2,5
ITEM005010,ORD02892,PROD0041,Makeup,Mamaearth,1,1516,20,303.2,1212.8,3
ITEM005011,ORD02892,PROD0058,Haircare,Mamaearth,3,841,0,0,2523,3
ITEM005012,ORD04108,PROD0051,Haircare,WOW Skin Science,1,847,20,169.4,677.6,
ITEM005013,ORD04108,PROD0109,Wellness,L'Oreal Paris,2,625,10,125,1125,
ITEM005014,ORD04108,PROD0057,Haircare,The Ordinary,2,735,20,294,1176,
ITEM005015,ORD04108,PROD0048,Haircare,Maybelline,1,775,30,232.5,542.5,
ITEM005016,ORD01224,PROD0112,Wellness,NIVEA,1,964,20,192.8,771.2,4
ITEM005017,ORD04334,PROD0026,Makeup,Biotique,1,267,0,0,267,3
ITEM005018,ORD04334,PROD0009,Skincare,NIVEA,2,720,0,0,1440,5
ITEM005019,ORD04334,PROD0074,Fragrance,NIVEA,1,752,0,0,752,5
ITEM005020,ORD04334,PROD0058,Haircare,Mamaearth,2,841,10,168.2,1513.8,5
ITEM005021,ORD01185,PROD0044,Makeup,Nykaa Cosmetics,1,701,15,105.15,595.85,5
ITEM005022,ORD01185,PROD0109,Wellness,L'Oreal Paris,2,625,10,125,1125,5
ITEM005023,ORD04404,PROD0029,Makeup,Biotique,1,1007,0,0,1007,4
ITEM005024,ORD01201,PROD0053,Haircare,Forest Essentials,2,1102,20,440.8,1763.2,5
ITEM005025,ORD01201,PROD0034,Makeup,WOW Skin Science,1,2004,10,200.4,1803.6,4
ITEM005026,ORD01201,PROD0072,Fragrance,The Ordinary,1,1765,5,88.25,1676.75,2
ITEM005027,ORD01201,PROD0020,Skincare,Maybelline,1,1237,10,123.7,1113.3,3
ITEM005028,ORD00763,PROD0102,Wellness,MAC,3,1278,0,0,3834,
ITEM005029,ORD04764,PROD0040,Makeup,NIVEA,1,681,0,0,681,5
ITEM005030,ORD04764,PROD0010,Skincare,The Ordinary,1,893,0,0,893,3
ITEM005031,ORD04764,PROD0076,Fragrance,Dot & Key,1,552,5,27.6,524.4,5
ITEM005032,ORD04764,PROD0059,Haircare,Minimalist,2,503,10,100.6,905.4,5
ITEM005033,ORD00778,PROD0077,Fragrance,Lakme,1,2406,0,0,2406,5
ITEM005034,ORD01494,PROD0026,Makeup,Biotique,2,267,0,0,534,2
ITEM005035,ORD03756,PROD0095,Men's Grooming,The Ordinary,3,269,20,161.4,645.6,
ITEM005036,ORD03756,PROD0024,Skincare,MAC,1,900,0,0,900,
ITEM005037,ORD03756,PROD0015,Skincare,Biotique,1,1295,20,259,1036,
ITEM005038,ORD02885,PROD0001,Skincare,Minimalist,1,1006,0,0,1006,4
ITEM005039,ORD02885,PROD0070,Fragrance,NIVEA,1,2241,10,224.1,2016.9,2
ITEM005040,ORD01939,PROD0092,Men's Grooming,Lakme,2,463,20,185.2,740.8,5
ITEM005041,ORD01939,PROD0004,Skincare,Dot & Key,1,1072,5,53.6,1018.4,5
ITEM005042,ORD01939,PROD0064,Haircare,The Ordinary,1,642,0,0,642,5
ITEM005043,ORD03561,PROD0041,Makeup,Mamaearth,1,1516,0,0,1516,
ITEM005044,ORD01003,PROD0098,Men's Grooming,The Ordinary,1,241,10,24.1,216.9,
ITEM005045,ORD01003,PROD0025,Skincare,Forest Essentials,1,639,10,63.9,575.1,
ITEM005046,ORD02563,PROD0033,Makeup,Mamaearth,1,2384,5,119.2,2264.8,2
ITEM005047,ORD02563,PROD0111,Wellness,Maybelline,1,489,20,97.8,391.2,4
ITEM005048,ORD02527,PROD0058,Haircare,Mamaearth,1,841,20,168.2,672.8,5
ITEM005049,ORD02708,PROD0096,Men's Grooming,The Ordinary,1,520,10,52,468,2
ITEM005050,ORD02708,PROD0033,Makeup,Mamaearth,3,2384,20,1430.4,5721.6,1
ITEM005051,ORD02708,PROD0069,Fragrance,Plum,1,1765,30,529.5,1235.5,4
ITEM005052,ORD02708,PROD0024,Skincare,MAC,1,900,15,135,765,2
ITEM005053,ORD02552,PROD0061,Haircare,L'Oreal Paris,1,466,5,23.3,442.7,
ITEM005054,ORD02662,PROD0077,Fragrance,Lakme,1,2406,30,721.8,1684.2,3
ITEM005055,ORD02662,PROD0015,Skincare,Biotique,1,1295,10,129.5,1165.5,4
ITEM005056,ORD04381,PROD0032,Makeup,Maybelline,1,2207,30,662.1,1544.9,5
ITEM005057,ORD04381,PROD0038,Makeup,The Ordinary,1,477,15,71.55,405.45,3
ITEM005058,ORD02769,PROD0098,Men's Grooming,The Ordinary,1,241,15,36.15,204.85,4
ITEM005059,ORD03949,PROD0012,Skincare,Minimalist,1,428,30,128.4,299.6,
ITEM005060,ORD00866,PROD0019,Skincare,The Ordinary,1,1588,10,158.8,1429.2,2
ITEM005061,ORD00866,PROD0057,Haircare,The Ordinary,2,735,30,441,1029,1
ITEM005062,ORD04391,PROD0021,Skincare,Biotique,3,869,0,0,2607,4
ITEM005063,ORD04391,PROD0072,Fragrance,The Ordinary,2,1765,30,1059,2471,2
ITEM005064,ORD00143,PROD0085,Bath & Body,Sugar Cosmetics,1,329,30,98.7,230.3,5
ITEM005065,ORD00143,PROD0049,Haircare,Forest Essentials,1,718,5,35.9,682.1,2
ITEM005066,ORD00143,PROD0064,Haircare,The Ordinary,1,642,10,64.2,577.8,5
ITEM005067,ORD00143,PROD0020,Skincare,Maybelline,2,1237,20,494.8,1979.2,5
ITEM005068,ORD03318,PROD0063,Haircare,Mamaearth,1,1105,15,165.75,939.25,5
ITEM005069,ORD01870,PROD0085,Bath & Body,Sugar Cosmetics,1,329,30,98.7,230.3,5
ITEM005070,ORD01870,PROD0070,Fragrance,NIVEA,3,2241,20,1344.6,5378.4,3
ITEM005071,ORD01870,PROD0112,Wellness,NIVEA,2,964,0,0,1928,5
ITEM005072,ORD02707,PROD0062,Haircare,WOW Skin Science,2,769,30,461.4,1076.6,5
ITEM005073,ORD03544,PROD0055,Haircare,Minimalist,1,967,30,290.1,676.9,3
ITEM005074,ORD00065,PROD0070,Fragrance,NIVEA,1,2241,20,448.2,1792.8,5
ITEM005075,ORD00065,PROD0104,Wellness,Nykaa Cosmetics,1,1259,5,62.95,1196.05,4
ITEM005076,ORD00065,PROD0002,Skincare,Dot & Key,2,483,0,0,966,4
ITEM005077,ORD00065,PROD0057,Haircare,The Ordinary,3,735,10,220.5,1984.5,5
ITEM005078,ORD01511,PROD0003,Skincare,MAC,1,1606,5,80.3,1525.7,5
ITEM005079,ORD00609,PROD0083,Bath & Body,Minimalist,1,446,10,44.6,401.4,3
ITEM005080,ORD00609,PROD0091,Men's Grooming,WOW Skin Science,1,530,20,106,424,3
ITEM005081,ORD00609,PROD0035,Makeup,Sugar Cosmetics,1,526,5,26.3,499.7,4
ITEM005082,ORD00609,PROD0074,Fragrance,NIVEA,2,752,10,150.4,1353.6,4
ITEM005083,ORD01838,PROD0090,Men's Grooming,NIVEA,1,842,0,0,842,5
ITEM005084,ORD04749,PROD0099,Men's Grooming,Forest Essentials,1,554,30,166.2,387.8,
ITEM005085,ORD04749,PROD0007,Skincare,Biotique,1,995,30,298.5,696.5,
ITEM005086,ORD04749,PROD0008,Skincare,Forest Essentials,2,317,20,126.8,507.2,
ITEM005087,ORD02692,PROD0027,Makeup,Mamaearth,2,1454,0,0,2908,3
ITEM005088,ORD03785,PROD0063,Haircare,Mamaearth,1,1105,10,110.5,994.5,
ITEM005089,ORD03785,PROD0016,Skincare,The Ordinary,2,1150,15,345,1955,
ITEM005090,ORD03785,PROD0106,Wellness,Forest Essentials,1,762,10,76.2,685.8,
ITEM005091,ORD03785,PROD0045,Makeup,WOW Skin Science,1,1690,15,253.5,1436.5,
ITEM005092,ORD01138,PROD0086,Bath & Body,Sugar Cosmetics,3,317,0,0,951,5
ITEM005093,ORD03650,PROD0054,Haircare,Dot & Key,1,181,5,9.05,171.95,3
ITEM005094,ORD03650,PROD0012,Skincare,Minimalist,1,428,20,85.6,342.4,5
ITEM005095,ORD03650,PROD0067,Fragrance,Biotique,2,1488,20,595.2,2380.8,5
ITEM005096,ORD01297,PROD0069,Fragrance,Plum,3,1765,30,1588.5,3706.5,3
ITEM005097,ORD03250,PROD0099,Men's Grooming,Forest Essentials,1,554,15,83.1,470.9,4
ITEM005098,ORD00914,PROD0058,Haircare,Mamaearth,1,841,20,168.2,672.8,
ITEM005099,ORD00914,PROD0023,Skincare,Biotique,2,1629,5,162.9,3095.1,
ITEM005100,ORD00274,PROD0053,Haircare,Forest Essentials,1,1102,0,0,1102,
ITEM005101,ORD00274,PROD0052,Haircare,Nykaa Cosmetics,1,915,20,183,732,
ITEM005102,ORD02240,PROD0040,Makeup,NIVEA,1,681,30,204.3,476.7,2
ITEM005103,ORD00537,PROD0086,Bath & Body,Sugar Cosmetics,1,317,15,47.55,269.45,
ITEM005104,ORD00397,PROD0011,Skincare,Lakme,2,1528,10,305.6,2750.4,
ITEM005105,ORD04570,PROD0021,Skincare,Biotique,1,869,30,260.7,608.3,2
ITEM005106,ORD04570,PROD0019,Skincare,The Ordinary,1,1588,0,0,1588,4
ITEM005107,ORD00560,PROD0019,Skincare,The Ordinary,1,1588,15,238.2,1349.8,1
ITEM005108,ORD00560,PROD0097,Men's Grooming,Maybelline,1,369,0,0,369,5
ITEM005109,ORD00560,PROD0020,Skincare,Maybelline,1,1237,20,247.4,989.6,4
ITEM005110,ORD02543,PROD0053,Haircare,Forest Essentials,1,1102,30,330.6,771.4,5
ITEM005111,ORD02543,PROD0006,Skincare,Nykaa Cosmetics,2,1639,20,655.6,2622.4,3
ITEM005112,ORD02077,PROD0055,Haircare,Minimalist,1,967,0,0,967,
ITEM005113,ORD02077,PROD0047,Haircare,Biotique,1,665,15,99.75,565.25,
ITEM005114,ORD02077,PROD0060,Haircare,Plum,3,512,5,76.8,1459.2,
ITEM005115,ORD02077,PROD0094,Men's Grooming,MAC,1,243,0,0,243,
ITEM005116,ORD03300,PROD0079,Bath & Body,L'Oreal Paris,2,653,30,391.8,914.2,5
ITEM005117,ORD04808,PROD0088,Bath & Body,Sugar Cosmetics,2,669,20,267.6,1070.4,
ITEM005118,ORD02015,PROD0047,Haircare,Biotique,1,665,10,66.5,598.5,5
ITEM005119,ORD02015,PROD0024,Skincare,MAC,1,900,0,0,900,5
ITEM005120,ORD02015,PROD0083,Bath & Body,Minimalist,1,446,5,22.3,423.7,5
ITEM005121,ORD04378,PROD0034,Makeup,WOW Skin Science,1,2004,5,100.2,1903.8,5
ITEM005122,ORD02615,PROD0112,Wellness,NIVEA,1,964,0,0,964,
ITEM005123,ORD04729,PROD0048,Haircare,Maybelline,1,775,0,0,775,1
ITEM005124,ORD04729,PROD0060,Haircare,Plum,1,512,0,0,512,5
ITEM005125,ORD04729,PROD0014,Skincare,Sugar Cosmetics,1,1200,5,60,1140,5
ITEM005126,ORD04729,PROD0003,Skincare,MAC,1,1606,0,0,1606,3
ITEM005127,ORD02136,PROD0086,Bath & Body,Sugar Cosmetics,2,317,15,95.1,538.9,5
ITEM005128,ORD02136,PROD0042,Makeup,Sugar Cosmetics,1,647,5,32.35,614.65,5
ITEM005129,ORD02136,PROD0108,Wellness,The Ordinary,1,945,20,189,756,1
ITEM005130,ORD01071,PROD0077,Fragrance,Lakme,1,2406,10,240.6,2165.4,5
ITEM005131,ORD01071,PROD0033,Makeup,Mamaearth,1,2384,15,357.6,2026.4,5
ITEM005132,ORD04206,PROD0038,Makeup,The Ordinary,1,477,0,0,477,5
ITEM005133,ORD04206,PROD0095,Men's Grooming,The Ordinary,2,269,30,161.4,376.6,4
ITEM005134,ORD04842,PROD0056,Haircare,MAC,3,1009,20,605.4,2421.6,4
ITEM005135,ORD02401,PROD0110,Wellness,Nykaa Cosmetics,2,1400,20,560,2240,4
ITEM005136,ORD02208,PROD0074,Fragrance,NIVEA,1,752,5,37.6,714.4,5
ITEM005137,ORD02208,PROD0011,Skincare,Lakme,2,1528,0,0,3056,4
ITEM005138,ORD02208,PROD0056,Haircare,MAC,1,1009,0,0,1009,5
ITEM005139,ORD02208,PROD0028,Makeup,L'Oreal Paris,1,844,5,42.2,801.8,5
ITEM005140,ORD01546,PROD0090,Men's Grooming,NIVEA,1,842,0,0,842,2
ITEM005141,ORD01546,PROD0083,Bath & Body,Minimalist,1,446,20,89.2,356.8,4
ITEM005142,ORD01546,PROD0033,Makeup,Mamaearth,1,2384,20,476.8,1907.2,4
ITEM005143,ORD01546,PROD0030,Makeup,Nykaa Cosmetics,1,946,30,283.8,662.2,5
ITEM005144,ORD04271,PROD0034,Makeup,WOW Skin Science,3,2004,0,0,6012,
ITEM005145,ORD02623,PROD0035,Makeup,Sugar Cosmetics,1,526,0,0,526,4
ITEM005146,ORD04259,PROD0002,Skincare,Dot & Key,2,483,15,144.9,821.1,3
ITEM005147,ORD04545,PROD0007,Skincare,Biotique,2,995,0,0,1990,5
ITEM005148,ORD04545,PROD0085,Bath & Body,Sugar Cosmetics,1,329,15,49.35,279.65,3
ITEM005149,ORD02611,PROD0060,Haircare,Plum,1,512,30,153.6,358.4,4
ITEM005150,ORD01974,PROD0011,Skincare,Lakme,1,1528,10,152.8,1375.2,5
ITEM005151,ORD01974,PROD0100,Men's Grooming,Minimalist,3,156,0,0,468,3
ITEM005152,ORD04844,PROD0071,Fragrance,Maybelline,1,1416,15,212.4,1203.6,
ITEM005153,ORD00033,PROD0064,Haircare,The Ordinary,1,642,10,64.2,577.8,5
ITEM005154,ORD00033,PROD0074,Fragrance,NIVEA,1,752,30,225.6,526.4,5
ITEM005155,ORD03133,PROD0099,Men's Grooming,Forest Essentials,2,554,30,332.4,775.6,3
ITEM005156,ORD03133,PROD0068,Fragrance,Minimalist,1,1193,5,59.65,1133.35,1
ITEM005157,ORD03363,PROD0092,Men's Grooming,Lakme,1,463,10,46.3,416.7,3
ITEM005158,ORD02925,PROD0049,Haircare,Forest Essentials,1,718,10,71.8,646.2,4
ITEM005159,ORD03323,PROD0077,Fragrance,Lakme,1,2406,15,360.9,2045.1,2
ITEM005160,ORD03323,PROD0037,Makeup,Mamaearth,2,209,30,125.4,292.6,5
ITEM005161,ORD03323,PROD0086,Bath & Body,Sugar Cosmetics,1,317,0,0,317,3
ITEM005162,ORD03323,PROD0040,Makeup,NIVEA,1,681,0,0,681,5
ITEM005163,ORD03986,PROD0076,Fragrance,Dot & Key,2,552,15,165.6,938.4,1
ITEM005164,ORD03986,PROD0012,Skincare,Minimalist,1,428,10,42.8,385.2,3
ITEM005165,ORD03986,PROD0102,Wellness,MAC,2,1278,30,766.8,1789.2,4
ITEM005166,ORD03986,PROD0073,Fragrance,Biotique,1,2226,20,445.2,1780.8,3
ITEM005167,ORD04264,PROD0007,Skincare,Biotique,1,995,15,149.25,845.75,
ITEM005168,ORD04406,PROD0096,Men's Grooming,The Ordinary,1,520,10,52,468,4
ITEM005169,ORD04406,PROD0081,Bath & Body,L'Oreal Paris,1,767,20,153.4,613.6,2
ITEM005170,ORD01135,PROD0046,Makeup,The Ordinary,2,532,5,53.2,1010.8,4
ITEM005171,ORD01135,PROD0100,Men's Grooming,Minimalist,2,156,10,31.2,280.8,4
ITEM005172,ORD00617,PROD0065,Haircare,Forest Essentials,1,334,0,0,334,5
ITEM005173,ORD00617,PROD0094,Men's Grooming,MAC,1,243,0,0,243,4
ITEM005174,ORD02012,PROD0106,Wellness,Forest Essentials,1,762,0,0,762,5
ITEM005175,ORD02012,PROD0038,Makeup,The Ordinary,1,477,0,0,477,2
ITEM005176,ORD04182,PROD0094,Men's Grooming,MAC,1,243,20,48.6,194.4,4
ITEM005177,ORD04182,PROD0055,Haircare,Minimalist,1,967,20,193.4,773.6,4
ITEM005178,ORD04182,PROD0098,Men's Grooming,The Ordinary,1,241,10,24.1,216.9,5
ITEM005179,ORD03448,PROD0055,Haircare,Minimalist,2,967,20,386.8,1547.2,
ITEM005180,ORD03448,PROD0100,Men's Grooming,Minimalist,1,156,30,46.8,109.2,
ITEM005181,ORD03044,PROD0032,Makeup,Maybelline,2,2207,30,1324.2,3089.8,4
ITEM005182,ORD03044,PROD0071,Fragrance,Maybelline,1,1416,10,141.6,1274.4,4
ITEM005183,ORD00394,PROD0051,Haircare,WOW Skin Science,1,847,15,127.05,719.95,
ITEM005184,ORD03426,PROD0075,Fragrance,Forest Essentials,1,1648,0,0,1648,5
ITEM005185,ORD03426,PROD0080,Bath & Body,Lakme,1,152,10,15.2,136.8,3
ITEM005186,ORD03426,PROD0106,Wellness,Forest Essentials,1,762,15,114.3,647.7,1
ITEM005187,ORD03426,PROD0036,Makeup,Dot & Key,1,988,0,0,988,5
ITEM005188,ORD02962,PROD0060,Haircare,Plum,1,512,0,0,512,3
ITEM005189,ORD02962,PROD0023,Skincare,Biotique,1,1629,30,488.7,1140.3,1
ITEM005190,ORD02962,PROD0090,Men's Grooming,NIVEA,1,842,15,126.3,715.7,5
ITEM005191,ORD01805,PROD0069,Fragrance,Plum,2,1765,0,0,3530,
ITEM005192,ORD01805,PROD0046,Makeup,The Ordinary,1,532,20,106.4,425.6,
ITEM005193,ORD04168,PROD0075,Fragrance,Forest Essentials,1,1648,30,494.4,1153.6,5
ITEM005194,ORD01231,PROD0026,Makeup,Biotique,1,267,0,0,267,5
ITEM005195,ORD01231,PROD0017,Skincare,WOW Skin Science,1,1699,0,0,1699,3
ITEM005196,ORD01231,PROD0090,Men's Grooming,NIVEA,1,842,5,42.1,799.9,5
ITEM005197,ORD03310,PROD0001,Skincare,Minimalist,1,1006,0,0,1006,
ITEM005198,ORD03310,PROD0107,Wellness,Sugar Cosmetics,1,1156,0,0,1156,
ITEM005199,ORD03310,PROD0098,Men's Grooming,The Ordinary,1,241,5,12.05,228.95,
ITEM005200,ORD03310,PROD0054,Haircare,Dot & Key,2,181,10,36.2,325.8,
ITEM005201,ORD01573,PROD0107,Wellness,Sugar Cosmetics,1,1156,5,57.8,1098.2,2
ITEM005202,ORD01573,PROD0099,Men's Grooming,Forest Essentials,1,554,10,55.4,498.6,5
ITEM005203,ORD03137,PROD0084,Bath & Body,Mamaearth,1,750,15,112.5,637.5,3
ITEM005204,ORD01204,PROD0002,Skincare,Dot & Key,1,483,0,0,483,
ITEM005205,ORD01204,PROD0067,Fragrance,Biotique,2,1488,20,595.2,2380.8,
ITEM005206,ORD01204,PROD0078,Fragrance,Forest Essentials,2,1970,0,0,3940,
ITEM005207,ORD01204,PROD0037,Makeup,Mamaearth,1,209,10,20.9,188.1,
ITEM005208,ORD01383,PROD0039,Makeup,Nykaa Cosmetics,2,864,5,86.4,1641.6,5
ITEM005209,ORD03116,PROD0012,Skincare,Minimalist,2,428,5,42.8,813.2,4
ITEM005210,ORD01797,PROD0076,Fragrance,Dot & Key,1,552,10,55.2,496.8,5
ITEM005211,ORD03724,PROD0073,Fragrance,Biotique,1,2226,15,333.9,1892.1,
ITEM005212,ORD01600,PROD0023,Skincare,Biotique,3,1629,0,0,4887,5
ITEM005213,ORD01600,PROD0065,Haircare,Forest Essentials,1,334,0,0,334,5
ITEM005214,ORD02660,PROD0072,Fragrance,The Ordinary,1,1765,30,529.5,1235.5,
ITEM005215,ORD02660,PROD0057,Haircare,The Ordinary,1,735,0,0,735,
ITEM005216,ORD02660,PROD0101,Wellness,Mamaearth,1,930,0,0,930,
ITEM005217,ORD03114,PROD0075,Fragrance,Forest Essentials,1,1648,20,329.6,1318.4,5
ITEM005218,ORD00590,PROD0002,Skincare,Dot & Key,2,483,0,0,966,3
ITEM005219,ORD00590,PROD0098,Men's Grooming,The Ordinary,2,241,0,0,482,4
ITEM005220,ORD04564,PROD0030,Makeup,Nykaa Cosmetics,2,946,10,189.2,1702.8,4
ITEM005221,ORD03203,PROD0110,Wellness,Nykaa Cosmetics,1,1400,30,420,980,4
ITEM005222,ORD03203,PROD0105,Wellness,Minimalist,1,1068,15,160.2,907.8,4
ITEM005223,ORD03203,PROD0112,Wellness,NIVEA,1,964,30,289.2,674.8,5
ITEM005224,ORD00174,PROD0041,Makeup,Mamaearth,1,1516,15,227.4,1288.6,
ITEM005225,ORD00174,PROD0033,Makeup,Mamaearth,1,2384,30,715.2,1668.8,
ITEM005226,ORD00174,PROD0021,Skincare,Biotique,1,869,20,173.8,695.2,
ITEM005227,ORD04486,PROD0070,Fragrance,NIVEA,1,2241,0,0,2241,4
ITEM005228,ORD04486,PROD0111,Wellness,Maybelline,2,489,0,0,978,4
ITEM005229,ORD02784,PROD0022,Skincare,MAC,1,1685,0,0,1685,5
ITEM005230,ORD04447,PROD0008,Skincare,Forest Essentials,3,317,30,285.3,665.7,4
ITEM005231,ORD04447,PROD0002,Skincare,Dot & Key,1,483,20,96.6,386.4,4
ITEM005232,ORD01311,PROD0046,Makeup,The Ordinary,3,532,0,0,1596,3
ITEM005233,ORD01311,PROD0063,Haircare,Mamaearth,2,1105,0,0,2210,5
ITEM005234,ORD01311,PROD0095,Men's Grooming,The Ordinary,2,269,0,0,538,5
ITEM005235,ORD01311,PROD0065,Haircare,Forest Essentials,2,334,30,200.4,467.6,5
ITEM005236,ORD02344,PROD0022,Skincare,MAC,2,1685,15,505.5,2864.5,5
ITEM005237,ORD02344,PROD0065,Haircare,Forest Essentials,1,334,15,50.1,283.9,1
ITEM005238,ORD04017,PROD0031,Makeup,WOW Skin Science,2,1892,0,0,3784,4
ITEM005239,ORD04017,PROD0044,Makeup,Nykaa Cosmetics,1,701,15,105.15,595.85,2
ITEM005240,ORD04960,PROD0072,Fragrance,The Ordinary,1,1765,15,264.75,1500.25,5
ITEM005241,ORD00047,PROD0019,Skincare,The Ordinary,1,1588,0,0,1588,4
ITEM005242,ORD00047,PROD0075,Fragrance,Forest Essentials,2,1648,15,494.4,2801.6,5
ITEM005243,ORD00119,PROD0052,Haircare,Nykaa Cosmetics,1,915,0,0,915,5
ITEM005244,ORD00119,PROD0098,Men's Grooming,The Ordinary,1,241,15,36.15,204.85,4
ITEM005245,ORD03968,PROD0039,Makeup,Nykaa Cosmetics,2,864,20,345.6,1382.4,
ITEM005246,ORD03968,PROD0004,Skincare,Dot & Key,1,1072,0,0,1072,
ITEM005247,ORD04382,PROD0066,Fragrance,Forest Essentials,2,2975,30,1785,4165,5
ITEM005248,ORD04653,PROD0053,Haircare,Forest Essentials,1,1102,0,0,1102,5
ITEM005249,ORD02981,PROD0053,Haircare,Forest Essentials,2,1102,30,661.2,1542.8,4
ITEM005250,ORD00820,PROD0024,Skincare,MAC,1,900,30,270,630,
ITEM005251,ORD00820,PROD0006,Skincare,Nykaa Cosmetics,1,1639,0,0,1639,
ITEM005252,ORD00820,PROD0075,Fragrance,Forest Essentials,1,1648,20,329.6,1318.4,
ITEM005253,ORD03235,PROD0005,Skincare,Biotique,2,893,10,178.6,1607.4,3
ITEM005254,ORD03040,PROD0096,Men's Grooming,The Ordinary,1,520,20,104,416,
ITEM005255,ORD03040,PROD0038,Makeup,The Ordinary,1,477,15,71.55,405.45,
ITEM005256,ORD03840,PROD0037,Makeup,Mamaearth,1,209,5,10.45,198.55,4
ITEM005257,ORD03840,PROD0031,Makeup,WOW Skin Science,2,1892,0,0,3784,5
ITEM005258,ORD04480,PROD0051,Haircare,WOW Skin Science,1,847,5,42.35,804.65,
ITEM005259,ORD04480,PROD0050,Haircare,Nykaa Cosmetics,1,762,5,38.1,723.9,
ITEM005260,ORD03045,PROD0055,Haircare,Minimalist,3,967,10,290.1,2610.9,5
ITEM005261,ORD03045,PROD0056,Haircare,MAC,2,1009,0,0,2018,5
ITEM005262,ORD04370,PROD0111,Wellness,Maybelline,2,489,15,146.7,831.3,5
ITEM005263,ORD04370,PROD0017,Skincare,WOW Skin Science,2,1699,10,339.8,3058.2,5
ITEM005264,ORD04370,PROD0006,Skincare,Nykaa Cosmetics,1,1639,15,245.85,1393.15,3
ITEM005265,ORD04370,PROD0058,Haircare,Mamaearth,3,841,10,252.3,2270.7,5
ITEM005266,ORD04126,PROD0064,Haircare,The Ordinary,1,642,5,32.1,609.9,5
ITEM005267,ORD04126,PROD0079,Bath & Body,L'Oreal Paris,3,653,0,0,1959,5
ITEM005268,ORD04126,PROD0002,Skincare,Dot & Key,2,483,30,289.8,676.2,4
ITEM005269,ORD02268,PROD0096,Men's Grooming,The Ordinary,1,520,15,78,442,
ITEM005270,ORD02268,PROD0068,Fragrance,Minimalist,1,1193,15,178.95,1014.05,
ITEM005271,ORD03915,PROD0020,Skincare,Maybelline,1,1237,0,0,1237,4
ITEM005272,ORD03833,PROD0112,Wellness,NIVEA,1,964,0,0,964,5
ITEM005273,ORD03833,PROD0107,Wellness,Sugar Cosmetics,2,1156,20,462.4,1849.6,4
ITEM005274,ORD03833,PROD0043,Makeup,WOW Skin Science,1,1330,30,399,931,2
ITEM005275,ORD03833,PROD0049,Haircare,Forest Essentials,1,718,5,35.9,682.1,5
ITEM005276,ORD02593,PROD0011,Skincare,Lakme,1,1528,0,0,1528,
ITEM005277,ORD01549,PROD0080,Bath & Body,Lakme,1,152,10,15.2,136.8,5
ITEM005278,ORD03422,PROD0105,Wellness,Minimalist,1,1068,15,160.2,907.8,4
ITEM005279,ORD03354,PROD0069,Fragrance,Plum,1,1765,5,88.25,1676.75,3
ITEM005280,ORD03354,PROD0082,Bath & Body,Sugar Cosmetics,2,621,10,124.2,1117.8,3
ITEM005281,ORD03354,PROD0014,Skincare,Sugar Cosmetics,1,1200,15,180,1020,4
ITEM005282,ORD03354,PROD0102,Wellness,MAC,2,1278,5,127.8,2428.2,4
ITEM005283,ORD01589,PROD0008,Skincare,Forest Essentials,3,317,5,47.55,903.45,5
ITEM005284,ORD02221,PROD0008,Skincare,Forest Essentials,1,317,0,0,317,3
ITEM005285,ORD03386,PROD0024,Skincare,MAC,1,900,0,0,900,2
ITEM005286,ORD00222,PROD0090,Men's Grooming,NIVEA,2,842,5,84.2,1599.8,5
ITEM005287,ORD00222,PROD0027,Makeup,Mamaearth,1,1454,10,145.4,1308.6,2
ITEM005288,ORD03395,PROD0049,Haircare,Forest Essentials,3,718,30,646.2,1507.8,4
ITEM005289,ORD03054,PROD0081,Bath & Body,L'Oreal Paris,1,767,10,76.7,690.3,3
ITEM005290,ORD02913,PROD0094,Men's Grooming,MAC,2,243,20,97.2,388.8,4
ITEM005291,ORD02913,PROD0032,Makeup,Maybelline,1,2207,0,0,2207,3
ITEM005292,ORD01406,PROD0054,Haircare,Dot & Key,2,181,0,0,362,
ITEM005293,ORD01406,PROD0047,Haircare,Biotique,1,665,20,133,532,
ITEM005294,ORD00427,PROD0017,Skincare,WOW Skin Science,1,1699,5,84.95,1614.05,2
ITEM005295,ORD03160,PROD0054,Haircare,Dot & Key,2,181,20,72.4,289.6,5
ITEM005296,ORD00706,PROD0092,Men's Grooming,Lakme,2,463,10,92.6,833.4,5
ITEM005297,ORD00706,PROD0011,Skincare,Lakme,1,1528,5,76.4,1451.6,5
ITEM005298,ORD00706,PROD0073,Fragrance,Biotique,2,2226,15,667.8,3784.2,5
ITEM005299,ORD04106,PROD0043,Makeup,WOW Skin Science,2,1330,30,798,1862,5
ITEM005300,ORD00750,PROD0049,Haircare,Forest Essentials,1,718,10,71.8,646.2,5
ITEM005301,ORD00750,PROD0100,Men's Grooming,Minimalist,1,156,5,7.8,148.2,5
ITEM005302,ORD00750,PROD0095,Men's Grooming,The Ordinary,3,269,0,0,807,4
ITEM005303,ORD01668,PROD0078,Fragrance,Forest Essentials,1,1970,10,197,1773,5
ITEM005304,ORD00447,PROD0110,Wellness,Nykaa Cosmetics,2,1400,0,0,2800,3
ITEM005305,ORD00845,PROD0108,Wellness,The Ordinary,1,945,15,141.75,803.25,4
ITEM005306,ORD01919,PROD0072,Fragrance,The Ordinary,1,1765,20,353,1412,
ITEM005307,ORD01919,PROD0070,Fragrance,NIVEA,1,2241,0,0,2241,
ITEM005308,ORD01238,PROD0095,Men's Grooming,The Ordinary,1,269,20,53.8,215.2,5
ITEM005309,ORD01238,PROD0107,Wellness,Sugar Cosmetics,1,1156,5,57.8,1098.2,4
ITEM005310,ORD01238,PROD0022,Skincare,MAC,3,1685,0,0,5055,4
ITEM005311,ORD01238,PROD0035,Makeup,Sugar Cosmetics,2,526,10,105.2,946.8,4
ITEM005312,ORD01360,PROD0071,Fragrance,Maybelline,1,1416,15,212.4,1203.6,
ITEM005313,ORD01360,PROD0024,Skincare,MAC,1,900,5,45,855,
ITEM005314,ORD01360,PROD0017,Skincare,WOW Skin Science,2,1699,20,679.6,2718.4,
ITEM005315,ORD04048,PROD0024,Skincare,MAC,2,900,5,90,1710,5
ITEM005316,ORD04048,PROD0008,Skincare,Forest Essentials,3,317,0,0,951,5
ITEM005317,ORD04048,PROD0084,Bath & Body,Mamaearth,1,750,0,0,750,1
ITEM005318,ORD00121,PROD0024,Skincare,MAC,2,900,0,0,1800,5
ITEM005319,ORD01407,PROD0108,Wellness,The Ordinary,2,945,10,189,1701,
ITEM005320,ORD01407,PROD0064,Haircare,The Ordinary,1,642,0,0,642,
ITEM005321,ORD01407,PROD0106,Wellness,Forest Essentials,1,762,30,228.6,533.4,
ITEM005322,ORD02854,PROD0001,Skincare,Minimalist,1,1006,15,150.9,855.1,5
ITEM005323,ORD03172,PROD0035,Makeup,Sugar Cosmetics,1,526,10,52.6,473.4,4
ITEM005324,ORD03172,PROD0104,Wellness,Nykaa Cosmetics,1,1259,30,377.7,881.3,5
ITEM005325,ORD04728,PROD0065,Haircare,Forest Essentials,1,334,5,16.7,317.3,
ITEM005326,ORD04870,PROD0046,Makeup,The Ordinary,2,532,5,53.2,1010.8,2
ITEM005327,ORD03933,PROD0103,Wellness,Forest Essentials,1,1146,0,0,1146,
ITEM005328,ORD03933,PROD0095,Men's Grooming,The Ordinary,1,269,0,0,269,
ITEM005329,ORD03933,PROD0052,Haircare,Nykaa Cosmetics,1,915,30,274.5,640.5,
ITEM005330,ORD01587,PROD0048,Haircare,Maybelline,1,775,10,77.5,697.5,1
ITEM005331,ORD02008,PROD0018,Skincare,Dot & Key,1,1081,10,108.1,972.9,4
ITEM005332,ORD02008,PROD0105,Wellness,Minimalist,2,1068,20,427.2,1708.8,5
ITEM005333,ORD01037,PROD0104,Wellness,Nykaa Cosmetics,1,1259,0,0,1259,4
ITEM005334,ORD03979,PROD0082,Bath & Body,Sugar Cosmetics,1,621,0,0,621,3
ITEM005335,ORD00992,PROD0056,Haircare,MAC,2,1009,10,201.8,1816.2,3
ITEM005336,ORD00992,PROD0025,Skincare,Forest Essentials,1,639,10,63.9,575.1,4
ITEM005337,ORD00992,PROD0093,Men's Grooming,Nykaa Cosmetics,3,245,30,220.5,514.5,5
ITEM005338,ORD03774,PROD0043,Makeup,WOW Skin Science,3,1330,0,0,3990,
ITEM005339,ORD03774,PROD0026,Makeup,Biotique,3,267,0,0,801,
ITEM005340,ORD03774,PROD0038,Makeup,The Ordinary,1,477,0,0,477,
ITEM005341,ORD03566,PROD0100,Men's Grooming,Minimalist,1,156,15,23.4,132.6,
ITEM005342,ORD03566,PROD0004,Skincare,Dot & Key,1,1072,5,53.6,1018.4,
ITEM005343,ORD01958,PROD0022,Skincare,MAC,1,1685,30,505.5,1179.5,
ITEM005344,ORD00354,PROD0044,Makeup,Nykaa Cosmetics,2,701,0,0,1402,5
ITEM005345,ORD00882,PROD0093,Men's Grooming,Nykaa Cosmetics,2,245,20,98,392,5
ITEM005346,ORD01428,PROD0093,Men's Grooming,Nykaa Cosmetics,1,245,10,24.5,220.5,
ITEM005347,ORD00916,PROD0095,Men's Grooming,The Ordinary,2,269,20,107.6,430.4,5
ITEM005348,ORD04979,PROD0037,Makeup,Mamaearth,1,209,5,10.45,198.55,4
ITEM005349,ORD04979,PROD0003,Skincare,MAC,1,1606,10,160.6,1445.4,4
ITEM005350,ORD04979,PROD0004,Skincare,Dot & Key,1,1072,0,0,1072,4
ITEM005351,ORD04979,PROD0099,Men's Grooming,Forest Essentials,1,554,30,166.2,387.8,3
ITEM005352,ORD04825,PROD0053,Haircare,Forest Essentials,1,1102,0,0,1102,5
ITEM005353,ORD04825,PROD0026,Makeup,Biotique,1,267,15,40.05,226.95,4
ITEM005354,ORD01617,PROD0048,Haircare,Maybelline,1,775,5,38.75,736.25,5
ITEM005355,ORD01617,PROD0044,Makeup,Nykaa Cosmetics,1,701,30,210.3,490.7,4
ITEM005356,ORD03995,PROD0012,Skincare,Minimalist,1,428,5,21.4,406.6,2
ITEM005357,ORD04255,PROD0054,Haircare,Dot & Key,2,181,15,54.3,307.7,
ITEM005358,ORD04639,PROD0035,Makeup,Sugar Cosmetics,1,526,15,78.9,447.1,2
ITEM005359,ORD04639,PROD0049,Haircare,Forest Essentials,2,718,0,0,1436,4
ITEM005360,ORD04639,PROD0069,Fragrance,Plum,2,1765,20,706,2824,5
ITEM005361,ORD01512,PROD0076,Fragrance,Dot & Key,3,552,0,0,1656,5
ITEM005362,ORD01512,PROD0041,Makeup,Mamaearth,2,1516,0,0,3032,2
ITEM005363,ORD00459,PROD0034,Makeup,WOW Skin Science,3,2004,0,0,6012,4
ITEM005364,ORD03024,PROD0091,Men's Grooming,WOW Skin Science,1,530,30,159,371,5
ITEM005365,ORD03024,PROD0025,Skincare,Forest Essentials,1,639,15,95.85,543.15,5
ITEM005366,ORD03024,PROD0066,Fragrance,Forest Essentials,1,2975,10,297.5,2677.5,5
ITEM005367,ORD03024,PROD0074,Fragrance,NIVEA,2,752,30,451.2,1052.8,5
ITEM005368,ORD01935,PROD0070,Fragrance,NIVEA,1,2241,20,448.2,1792.8,5
ITEM005369,ORD00948,PROD0045,Makeup,WOW Skin Science,1,1690,5,84.5,1605.5,4
ITEM005370,ORD00948,PROD0064,Haircare,The Ordinary,2,642,0,0,1284,5
ITEM005371,ORD00948,PROD0011,Skincare,Lakme,1,1528,30,458.4,1069.6,4
ITEM005372,ORD02017,PROD0026,Makeup,Biotique,1,267,0,0,267,4
ITEM005373,ORD02017,PROD0070,Fragrance,NIVEA,1,2241,30,672.3,1568.7,3
ITEM005374,ORD02017,PROD0107,Wellness,Sugar Cosmetics,1,1156,5,57.8,1098.2,4
ITEM005375,ORD04114,PROD0063,Haircare,Mamaearth,1,1105,0,0,1105,
ITEM005376,ORD04536,PROD0024,Skincare,MAC,3,900,15,405,2295,4
ITEM005377,ORD04536,PROD0051,Haircare,WOW Skin Science,1,847,0,0,847,5
ITEM005378,ORD04760,PROD0092,Men's Grooming,Lakme,1,463,0,0,463,
ITEM005379,ORD04760,PROD0058,Haircare,Mamaearth,2,841,0,0,1682,
ITEM005380,ORD04760,PROD0088,Bath & Body,Sugar Cosmetics,1,669,0,0,669,
ITEM005381,ORD04760,PROD0074,Fragrance,NIVEA,1,752,20,150.4,601.6,
ITEM005382,ORD03132,PROD0102,Wellness,MAC,3,1278,10,383.4,3450.6,
ITEM005383,ORD03023,PROD0028,Makeup,L'Oreal Paris,1,844,15,126.6,717.4,4
ITEM005384,ORD03023,PROD0099,Men's Grooming,Forest Essentials,1,554,20,110.8,443.2,3
ITEM005385,ORD03023,PROD0091,Men's Grooming,WOW Skin Science,1,530,20,106,424,3
ITEM005386,ORD03023,PROD0048,Haircare,Maybelline,1,775,15,116.25,658.75,5
ITEM005387,ORD00904,PROD0036,Makeup,Dot & Key,2,988,0,0,1976,3
ITEM005388,ORD00904,PROD0044,Makeup,Nykaa Cosmetics,1,701,30,210.3,490.7,5
ITEM005389,ORD00630,PROD0067,Fragrance,Biotique,1,1488,15,223.2,1264.8,4
ITEM005390,ORD00630,PROD0014,Skincare,Sugar Cosmetics,1,1200,5,60,1140,3
ITEM005391,ORD04771,PROD0089,Bath & Body,Biotique,1,384,5,19.2,364.8,5
ITEM005392,ORD04771,PROD0024,Skincare,MAC,1,900,0,0,900,2
ITEM005393,ORD04697,PROD0027,Makeup,Mamaearth,1,1454,0,0,1454,5
ITEM005394,ORD04697,PROD0063,Haircare,Mamaearth,1,1105,10,110.5,994.5,4
ITEM005395,ORD04697,PROD0088,Bath & Body,Sugar Cosmetics,2,669,10,133.8,1204.2,4
ITEM005396,ORD01718,PROD0045,Makeup,WOW Skin Science,2,1690,5,169,3211,
ITEM005397,ORD03383,PROD0025,Skincare,Forest Essentials,1,639,20,127.8,511.2,4
ITEM005398,ORD01908,PROD0012,Skincare,Minimalist,1,428,15,64.2,363.8,5
ITEM005399,ORD01908,PROD0054,Haircare,Dot & Key,1,181,15,27.15,153.85,3
ITEM005400,ORD01908,PROD0102,Wellness,MAC,3,1278,0,0,3834,4
ITEM005401,ORD01908,PROD0065,Haircare,Forest Essentials,2,334,30,200.4,467.6,3
ITEM005402,ORD02889,PROD0023,Skincare,Biotique,1,1629,0,0,1629,5
ITEM005403,ORD03981,PROD0083,Bath & Body,Minimalist,3,446,20,267.6,1070.4,5
ITEM005404,ORD03981,PROD0109,Wellness,L'Oreal Paris,1,625,0,0,625,5
ITEM005405,ORD03981,PROD0006,Skincare,Nykaa Cosmetics,1,1639,30,491.7,1147.3,4
ITEM005406,ORD02864,PROD0012,Skincare,Minimalist,2,428,0,0,856,
ITEM005407,ORD01657,PROD0049,Haircare,Forest Essentials,1,718,20,143.6,574.4,1
ITEM005408,ORD02965,PROD0064,Haircare,The Ordinary,1,642,10,64.2,577.8,4
ITEM005409,ORD02931,PROD0057,Haircare,The Ordinary,1,735,30,220.5,514.5,5
ITEM005410,ORD02432,PROD0082,Bath & Body,Sugar Cosmetics,2,621,15,186.3,1055.7,5
ITEM005411,ORD02432,PROD0032,Makeup,Maybelline,1,2207,0,0,2207,3
ITEM005412,ORD03892,PROD0076,Fragrance,Dot & Key,1,552,30,165.6,386.4,4
ITEM005413,ORD04162,PROD0081,Bath & Body,L'Oreal Paris,1,767,0,0,767,
ITEM005414,ORD00250,PROD0060,Haircare,Plum,1,512,0,0,512,5
ITEM005415,ORD00250,PROD0077,Fragrance,Lakme,1,2406,30,721.8,1684.2,5
ITEM005416,ORD02683,PROD0094,Men's Grooming,MAC,2,243,30,145.8,340.2,
ITEM005417,ORD03120,PROD0072,Fragrance,The Ordinary,1,1765,20,353,1412,1
ITEM005418,ORD03120,PROD0002,Skincare,Dot & Key,1,483,10,48.3,434.7,4
ITEM005419,ORD04358,PROD0074,Fragrance,NIVEA,1,752,10,75.2,676.8,5
ITEM005420,ORD04358,PROD0063,Haircare,Mamaearth,1,1105,15,165.75,939.25,5
ITEM005421,ORD03666,PROD0039,Makeup,Nykaa Cosmetics,1,864,10,86.4,777.6,2
ITEM005422,ORD03666,PROD0022,Skincare,MAC,1,1685,15,252.75,1432.25,5
ITEM005423,ORD03666,PROD0083,Bath & Body,Minimalist,1,446,0,0,446,4
ITEM005424,ORD04894,PROD0030,Makeup,Nykaa Cosmetics,2,946,15,283.8,1608.2,4
ITEM005425,ORD04894,PROD0010,Skincare,The Ordinary,1,893,20,178.6,714.4,5
ITEM005426,ORD04894,PROD0012,Skincare,Minimalist,2,428,0,0,856,3
ITEM005427,ORD01871,PROD0001,Skincare,Minimalist,2,1006,30,603.6,1408.4,5
ITEM005428,ORD01871,PROD0072,Fragrance,The Ordinary,1,1765,30,529.5,1235.5,5
ITEM005429,ORD00022,PROD0058,Haircare,Mamaearth,1,841,10,84.1,756.9,
ITEM005430,ORD01992,PROD0033,Makeup,Mamaearth,2,2384,15,715.2,4052.8,5
ITEM005431,ORD03936,PROD0055,Haircare,Minimalist,1,967,20,193.4,773.6,5
ITEM005432,ORD03936,PROD0038,Makeup,The Ordinary,1,477,30,143.1,333.9,5
ITEM005433,ORD04436,PROD0111,Wellness,Maybelline,1,489,10,48.9,440.1,4
ITEM005434,ORD02322,PROD0015,Skincare,Biotique,1,1295,20,259,1036,3
ITEM005435,ORD02322,PROD0101,Wellness,Mamaearth,1,930,0,0,930,4
ITEM005436,ORD00177,PROD0070,Fragrance,NIVEA,1,2241,0,0,2241,4
ITEM005437,ORD00601,PROD0051,Haircare,WOW Skin Science,1,847,0,0,847,
ITEM005438,ORD03961,PROD0081,Bath & Body,L'Oreal Paris,1,767,20,153.4,613.6,1
ITEM005439,ORD00398,PROD0023,Skincare,Biotique,1,1629,30,488.7,1140.3,4
ITEM005440,ORD00398,PROD0035,Makeup,Sugar Cosmetics,1,526,30,157.8,368.2,5
ITEM005441,ORD04335,PROD0081,Bath & Body,L'Oreal Paris,2,767,15,230.1,1303.9,2
ITEM005442,ORD01997,PROD0045,Makeup,WOW Skin Science,1,1690,0,0,1690,
ITEM005443,ORD04247,PROD0020,Skincare,Maybelline,1,1237,30,371.1,865.9,
ITEM005444,ORD04247,PROD0018,Skincare,Dot & Key,1,1081,20,216.2,864.8,
ITEM005445,ORD04247,PROD0056,Haircare,MAC,1,1009,0,0,1009,
ITEM005446,ORD02588,PROD0028,Makeup,L'Oreal Paris,2,844,10,168.8,1519.2,
ITEM005447,ORD02588,PROD0036,Makeup,Dot & Key,2,988,10,197.6,1778.4,
ITEM005448,ORD03008,PROD0025,Skincare,Forest Essentials,3,639,5,95.85,1821.15,4
ITEM005449,ORD01377,PROD0098,Men's Grooming,The Ordinary,1,241,0,0,241,4
ITEM005450,ORD01389,PROD0032,Makeup,Maybelline,1,2207,0,0,2207,5
ITEM005451,ORD01389,PROD0107,Wellness,Sugar Cosmetics,2,1156,30,693.6,1618.4,5
ITEM005452,ORD01389,PROD0045,Makeup,WOW Skin Science,1,1690,0,0,1690,5
ITEM005453,ORD01554,PROD0046,Makeup,The Ordinary,1,532,0,0,532,4
ITEM005454,ORD00840,PROD0008,Skincare,Forest Essentials,1,317,20,63.4,253.6,
ITEM005455,ORD00840,PROD0098,Men's Grooming,The Ordinary,2,241,30,144.6,337.4,
ITEM005456,ORD00840,PROD0067,Fragrance,Biotique,1,1488,0,0,1488,
ITEM005457,ORD04416,PROD0108,Wellness,The Ordinary,1,945,0,0,945,3
ITEM005458,ORD01033,PROD0058,Haircare,Mamaearth,1,841,0,0,841,
ITEM005459,ORD01033,PROD0079,Bath & Body,L'Oreal Paris,1,653,5,32.65,620.35,
ITEM005460,ORD01033,PROD0075,Fragrance,Forest Essentials,2,1648,30,988.8,2307.2,
ITEM005461,ORD01033,PROD0094,Men's Grooming,MAC,1,243,30,72.9,170.1,
ITEM005462,ORD00053,PROD0028,Makeup,L'Oreal Paris,1,844,0,0,844,3
ITEM005463,ORD00053,PROD0083,Bath & Body,Minimalist,2,446,10,89.2,802.8,5
ITEM005464,ORD04285,PROD0083,Bath & Body,Minimalist,1,446,20,89.2,356.8,4
ITEM005465,ORD03482,PROD0062,Haircare,WOW Skin Science,1,769,5,38.45,730.55,4
ITEM005466,ORD03482,PROD0039,Makeup,Nykaa Cosmetics,1,864,20,172.8,691.2,5
ITEM005467,ORD04136,PROD0109,Wellness,L'Oreal Paris,1,625,20,125,500,5
ITEM005468,ORD00476,PROD0057,Haircare,The Ordinary,2,735,0,0,1470,4
ITEM005469,ORD00476,PROD0010,Skincare,The Ordinary,1,893,30,267.9,625.1,2
ITEM005470,ORD02446,PROD0034,Makeup,WOW Skin Science,1,2004,15,300.6,1703.4,3
ITEM005471,ORD03206,PROD0041,Makeup,Mamaearth,1,1516,20,303.2,1212.8,2
ITEM005472,ORD03206,PROD0010,Skincare,The Ordinary,1,893,20,178.6,714.4,5
ITEM005473,ORD03206,PROD0045,Makeup,WOW Skin Science,1,1690,5,84.5,1605.5,5
ITEM005474,ORD03206,PROD0019,Skincare,The Ordinary,1,1588,0,0,1588,5
ITEM005475,ORD00044,PROD0063,Haircare,Mamaearth,1,1105,30,331.5,773.5,
ITEM005476,ORD00044,PROD0058,Haircare,Mamaearth,1,841,30,252.3,588.7,
ITEM005477,ORD01982,PROD0075,Fragrance,Forest Essentials,2,1648,0,0,3296,4
ITEM005478,ORD00357,PROD0005,Skincare,Biotique,1,893,30,267.9,625.1,5
ITEM005479,ORD00357,PROD0023,Skincare,Biotique,1,1629,30,488.7,1140.3,4
ITEM005480,ORD01331,PROD0102,Wellness,MAC,1,1278,30,383.4,894.6,4
ITEM005481,ORD01331,PROD0065,Haircare,Forest Essentials,1,334,0,0,334,4
ITEM005482,ORD01331,PROD0061,Haircare,L'Oreal Paris,1,466,0,0,466,3
ITEM005483,ORD01146,PROD0024,Skincare,MAC,1,900,0,0,900,3
ITEM005484,ORD01917,PROD0059,Haircare,Minimalist,2,503,10,100.6,905.4,5
ITEM005485,ORD01719,PROD0085,Bath & Body,Sugar Cosmetics,2,329,5,32.9,625.1,5
ITEM005486,ORD03436,PROD0068,Fragrance,Minimalist,1,1193,10,119.3,1073.7,4
ITEM005487,ORD03436,PROD0087,Bath & Body,Dot & Key,1,222,0,0,222,5
ITEM005488,ORD03436,PROD0047,Haircare,Biotique,1,665,20,133,532,5
ITEM005489,ORD03436,PROD0025,Skincare,Forest Essentials,3,639,5,95.85,1821.15,5
ITEM005490,ORD03837,PROD0099,Men's Grooming,Forest Essentials,1,554,10,55.4,498.6,5
ITEM005491,ORD03542,PROD0006,Skincare,Nykaa Cosmetics,1,1639,30,491.7,1147.3,5
ITEM005492,ORD03542,PROD0007,Skincare,Biotique,3,995,10,298.5,2686.5,5
ITEM005493,ORD04495,PROD0106,Wellness,Forest Essentials,1,762,5,38.1,723.9,5
ITEM005494,ORD03553,PROD0020,Skincare,Maybelline,1,1237,0,0,1237,5
ITEM005495,ORD03553,PROD0107,Wellness,Sugar Cosmetics,1,1156,30,346.8,809.2,5
ITEM005496,ORD04662,PROD0072,Fragrance,The Ordinary,1,1765,0,0,1765,4
ITEM005497,ORD03481,PROD0074,Fragrance,NIVEA,1,752,10,75.2,676.8,4
ITEM005498,ORD02720,PROD0053,Haircare,Forest Essentials,1,1102,0,0,1102,1
ITEM005499,ORD02720,PROD0088,Bath & Body,Sugar Cosmetics,1,669,0,0,669,4
ITEM005500,ORD02720,PROD0008,Skincare,Forest Essentials,1,317,5,15.85,301.15,5
ITEM005501,ORD02720,PROD0089,Bath & Body,Biotique,1,384,20,76.8,307.2,5
ITEM005502,ORD00923,PROD0036,Makeup,Dot & Key,2,988,30,592.8,1383.2,4
ITEM005503,ORD00923,PROD0014,Skincare,Sugar Cosmetics,2,1200,20,480,1920,5
ITEM005504,ORD00923,PROD0044,Makeup,Nykaa Cosmetics,1,701,10,70.1,630.9,5
ITEM005505,ORD02622,PROD0040,Makeup,NIVEA,1,681,0,0,681,4
ITEM005506,ORD02622,PROD0056,Haircare,MAC,1,1009,5,50.45,958.55,4
ITEM005507,ORD02843,PROD0058,Haircare,Mamaearth,1,841,0,0,841,5
ITEM005508,ORD04969,PROD0015,Skincare,Biotique,1,1295,0,0,1295,5
ITEM005509,ORD00007,PROD0069,Fragrance,Plum,2,1765,10,353,3177,
ITEM005510,ORD00007,PROD0055,Haircare,Minimalist,1,967,10,96.7,870.3,
ITEM005511,ORD00007,PROD0107,Wellness,Sugar Cosmetics,1,1156,30,346.8,809.2,
ITEM005512,ORD02847,PROD0082,Bath & Body,Sugar Cosmetics,1,621,10,62.1,558.9,
ITEM005513,ORD02080,PROD0073,Fragrance,Biotique,1,2226,15,333.9,1892.1,
ITEM005514,ORD03029,PROD0008,Skincare,Forest Essentials,1,317,10,31.7,285.3,
ITEM005515,ORD03029,PROD0049,Haircare,Forest Essentials,1,718,20,143.6,574.4,
ITEM005516,ORD03029,PROD0022,Skincare,MAC,1,1685,20,337,1348,
ITEM005517,ORD00682,PROD0103,Wellness,Forest Essentials,1,1146,0,0,1146,5
ITEM005518,ORD00682,PROD0036,Makeup,Dot & Key,1,988,30,296.4,691.6,2
ITEM005519,ORD00682,PROD0007,Skincare,Biotique,1,995,20,199,796,2
ITEM005520,ORD01245,PROD0051,Haircare,WOW Skin Science,1,847,0,0,847,3
ITEM005521,ORD01245,PROD0008,Skincare,Forest Essentials,2,317,0,0,634,5
ITEM005522,ORD01245,PROD0069,Fragrance,Plum,3,1765,20,1059,4236,4
ITEM005523,ORD04786,PROD0073,Fragrance,Biotique,1,2226,0,0,2226,2
ITEM005524,ORD04786,PROD0042,Makeup,Sugar Cosmetics,1,647,0,0,647,3
ITEM005525,ORD02934,PROD0003,Skincare,MAC,2,1606,20,642.4,2569.6,5
ITEM005526,ORD03321,PROD0016,Skincare,The Ordinary,1,1150,15,172.5,977.5,
ITEM005527,ORD00755,PROD0027,Makeup,Mamaearth,2,1454,5,145.4,2762.6,5
ITEM005528,ORD00755,PROD0073,Fragrance,Biotique,1,2226,0,0,2226,5
ITEM005529,ORD00755,PROD0110,Wellness,Nykaa Cosmetics,2,1400,0,0,2800,5
ITEM005530,ORD00755,PROD0036,Makeup,Dot & Key,1,988,10,98.8,889.2,4
ITEM005531,ORD00346,PROD0038,Makeup,The Ordinary,1,477,0,0,477,4
ITEM005532,ORD00346,PROD0026,Makeup,Biotique,2,267,20,106.8,427.2,5
ITEM005533,ORD00793,PROD0051,Haircare,WOW Skin Science,2,847,0,0,1694,5
ITEM005534,ORD00757,PROD0071,Fragrance,Maybelline,2,1416,0,0,2832,5
ITEM005535,ORD00757,PROD0040,Makeup,NIVEA,1,681,10,68.1,612.9,2
ITEM005536,ORD04821,PROD0057,Haircare,The Ordinary,1,735,0,0,735,3
ITEM005537,ORD04821,PROD0103,Wellness,Forest Essentials,1,1146,15,171.9,974.1,2
ITEM005538,ORD04821,PROD0019,Skincare,The Ordinary,3,1588,30,1429.2,3334.8,2
ITEM005539,ORD00371,PROD0056,Haircare,MAC,1,1009,0,0,1009,5
ITEM005540,ORD00371,PROD0100,Men's Grooming,Minimalist,2,156,20,62.4,249.6,3
ITEM005541,ORD02372,PROD0069,Fragrance,Plum,1,1765,0,0,1765,4
ITEM005542,ORD02372,PROD0103,Wellness,Forest Essentials,1,1146,20,229.2,916.8,2
ITEM005543,ORD01704,PROD0068,Fragrance,Minimalist,1,1193,0,0,1193,3
ITEM005544,ORD03289,PROD0008,Skincare,Forest Essentials,1,317,5,15.85,301.15,5
ITEM005545,ORD00900,PROD0112,Wellness,NIVEA,1,964,15,144.6,819.4,4
ITEM005546,ORD03894,PROD0043,Makeup,WOW Skin Science,2,1330,0,0,2660,
ITEM005547,ORD03894,PROD0037,Makeup,Mamaearth,1,209,10,20.9,188.1,
ITEM005548,ORD01493,PROD0039,Makeup,Nykaa Cosmetics,1,864,0,0,864,4
ITEM005549,ORD01493,PROD0003,Skincare,MAC,1,1606,30,481.8,1124.2,5
ITEM005550,ORD04702,PROD0066,Fragrance,Forest Essentials,1,2975,0,0,2975,
ITEM005551,ORD04915,PROD0027,Makeup,Mamaearth,1,1454,15,218.1,1235.9,5
ITEM005552,ORD04915,PROD0030,Makeup,Nykaa Cosmetics,3,946,0,0,2838,4
ITEM005553,ORD04915,PROD0041,Makeup,Mamaearth,1,1516,0,0,1516,3
ITEM005554,ORD01925,PROD0084,Bath & Body,Mamaearth,1,750,30,225,525,5
ITEM005555,ORD04470,PROD0101,Wellness,Mamaearth,3,930,0,0,2790,
ITEM005556,ORD01771,PROD0057,Haircare,The Ordinary,2,735,5,73.5,1396.5,3
ITEM005557,ORD01771,PROD0072,Fragrance,The Ordinary,1,1765,20,353,1412,3
ITEM005558,ORD02845,PROD0073,Fragrance,Biotique,1,2226,0,0,2226,5
ITEM005559,ORD02442,PROD0038,Makeup,The Ordinary,1,477,5,23.85,453.15,5
ITEM005560,ORD01483,PROD0023,Skincare,Biotique,1,1629,5,81.45,1547.55,3
ITEM005561,ORD01483,PROD0090,Men's Grooming,NIVEA,1,842,30,252.6,589.4,5
ITEM005562,ORD01483,PROD0030,Makeup,Nykaa Cosmetics,1,946,15,141.9,804.1,5
ITEM005563,ORD01483,PROD0012,Skincare,Minimalist,1,428,20,85.6,342.4,5
ITEM005564,ORD01206,PROD0007,Skincare,Biotique,1,995,30,298.5,696.5,3
ITEM005565,ORD01036,PROD0060,Haircare,Plum,1,512,30,153.6,358.4,3
ITEM005566,ORD03685,PROD0001,Skincare,Minimalist,1,1006,10,100.6,905.4,4
ITEM005567,ORD02043,PROD0105,Wellness,Minimalist,1,1068,0,0,1068,5
ITEM005568,ORD03429,PROD0088,Bath & Body,Sugar Cosmetics,1,669,0,0,669,5
ITEM005569,ORD03070,PROD0049,Haircare,Forest Essentials,1,718,20,143.6,574.4,4
ITEM005570,ORD03156,PROD0026,Makeup,Biotique,1,267,20,53.4,213.6,
ITEM005571,ORD03156,PROD0003,Skincare,MAC,1,1606,0,0,1606,
ITEM005572,ORD03156,PROD0112,Wellness,NIVEA,2,964,5,96.4,1831.6,
ITEM005573,ORD04746,PROD0058,Haircare,Mamaearth,1,841,20,168.2,672.8,5
ITEM005574,ORD04746,PROD0098,Men's Grooming,The Ordinary,3,241,20,144.6,578.4,5
ITEM005575,ORD04746,PROD0110,Wellness,Nykaa Cosmetics,1,1400,0,0,1400,5
ITEM005576,ORD04746,PROD0038,Makeup,The Ordinary,1,477,0,0,477,5
ITEM005577,ORD02878,PROD0006,Skincare,Nykaa Cosmetics,2,1639,15,491.7,2786.3,1
ITEM005578,ORD02878,PROD0072,Fragrance,The Ordinary,2,1765,15,529.5,3000.5,4
ITEM005579,ORD01931,PROD0075,Fragrance,Forest Essentials,2,1648,20,659.2,2636.8,
ITEM005580,ORD00087,PROD0030,Makeup,Nykaa Cosmetics,1,946,15,141.9,804.1,4
ITEM005581,ORD03471,PROD0050,Haircare,Nykaa Cosmetics,2,762,30,457.2,1066.8,
ITEM005582,ORD04156,PROD0065,Haircare,Forest Essentials,1,334,15,50.1,283.9,4
ITEM005583,ORD02453,PROD0061,Haircare,L'Oreal Paris,1,466,0,0,466,5
ITEM005584,ORD02453,PROD0027,Makeup,Mamaearth,1,1454,30,436.2,1017.8,5
ITEM005585,ORD02453,PROD0068,Fragrance,Minimalist,1,1193,10,119.3,1073.7,4
ITEM005586,ORD04778,PROD0075,Fragrance,Forest Essentials,1,1648,10,164.8,1483.2,3
ITEM005587,ORD03123,PROD0025,Skincare,Forest Essentials,2,639,0,0,1278,4
ITEM005588,ORD04445,PROD0016,Skincare,The Ordinary,1,1150,15,172.5,977.5,5
ITEM005589,ORD04445,PROD0014,Skincare,Sugar Cosmetics,2,1200,15,360,2040,5
ITEM005590,ORD04445,PROD0105,Wellness,Minimalist,2,1068,0,0,2136,5
ITEM005591,ORD03001,PROD0065,Haircare,Forest Essentials,3,334,15,150.3,851.7,4
ITEM005592,ORD00076,PROD0008,Skincare,Forest Essentials,1,317,0,0,317,2
ITEM005593,ORD03945,PROD0099,Men's Grooming,Forest Essentials,1,554,20,110.8,443.2,5
ITEM005594,ORD03945,PROD0042,Makeup,Sugar Cosmetics,1,647,5,32.35,614.65,5
ITEM005595,ORD00734,PROD0050,Haircare,Nykaa Cosmetics,1,762,30,228.6,533.4,
ITEM005596,ORD02887,PROD0022,Skincare,MAC,1,1685,10,168.5,1516.5,3
ITEM005597,ORD02700,PROD0084,Bath & Body,Mamaearth,2,750,10,150,1350,5
ITEM005598,ORD01159,PROD0084,Bath & Body,Mamaearth,1,750,30,225,525,4
ITEM005599,ORD01159,PROD0097,Men's Grooming,Maybelline,2,369,0,0,738,4
ITEM005600,ORD01159,PROD0104,Wellness,Nykaa Cosmetics,2,1259,15,377.7,2140.3,5
ITEM005601,ORD00023,PROD0054,Haircare,Dot & Key,1,181,5,9.05,171.95,2
ITEM005602,ORD00023,PROD0007,Skincare,Biotique,1,995,5,49.75,945.25,1
ITEM005603,ORD00023,PROD0079,Bath & Body,L'Oreal Paris,3,653,15,293.85,1665.15,5
ITEM005604,ORD00023,PROD0097,Men's Grooming,Maybelline,1,369,15,55.35,313.65,3
ITEM005605,ORD03972,PROD0005,Skincare,Biotique,1,893,20,178.6,714.4,5
ITEM005606,ORD03972,PROD0042,Makeup,Sugar Cosmetics,1,647,15,97.05,549.95,5
ITEM005607,ORD03972,PROD0067,Fragrance,Biotique,1,1488,0,0,1488,5
ITEM005608,ORD03972,PROD0100,Men's Grooming,Minimalist,3,156,0,0,468,5
ITEM005609,ORD02694,PROD0045,Makeup,WOW Skin Science,2,1690,0,0,3380,5
ITEM005610,ORD02694,PROD0047,Haircare,Biotique,1,665,0,0,665,5
ITEM005611,ORD02694,PROD0090,Men's Grooming,NIVEA,3,842,0,0,2526,5
ITEM005612,ORD04753,PROD0057,Haircare,The Ordinary,1,735,20,147,588,1
ITEM005613,ORD04753,PROD0035,Makeup,Sugar Cosmetics,1,526,0,0,526,5
ITEM005614,ORD01482,PROD0091,Men's Grooming,WOW Skin Science,1,530,0,0,530,5
ITEM005615,ORD01482,PROD0064,Haircare,The Ordinary,1,642,5,32.1,609.9,4
ITEM005616,ORD01482,PROD0035,Makeup,Sugar Cosmetics,1,526,10,52.6,473.4,5
ITEM005617,ORD01482,PROD0111,Wellness,Maybelline,1,489,15,73.35,415.65,4
ITEM005618,ORD03249,PROD0082,Bath & Body,Sugar Cosmetics,1,621,0,0,621,
ITEM005619,ORD03381,PROD0074,Fragrance,NIVEA,1,752,0,0,752,5
ITEM005620,ORD03381,PROD0052,Haircare,Nykaa Cosmetics,2,915,0,0,1830,3
ITEM005621,ORD03381,PROD0007,Skincare,Biotique,1,995,0,0,995,3
ITEM005622,ORD03381,PROD0072,Fragrance,The Ordinary,3,1765,0,0,5295,4
ITEM005623,ORD01030,PROD0094,Men's Grooming,MAC,1,243,10,24.3,218.7,4
ITEM005624,ORD01030,PROD0007,Skincare,Biotique,1,995,10,99.5,895.5,3
ITEM005625,ORD01030,PROD0091,Men's Grooming,WOW Skin Science,1,530,15,79.5,450.5,5
ITEM005626,ORD02750,PROD0024,Skincare,MAC,1,900,20,180,720,4
ITEM005627,ORD02750,PROD0106,Wellness,Forest Essentials,1,762,0,0,762,4
ITEM005628,ORD03043,PROD0098,Men's Grooming,The Ordinary,1,241,0,0,241,5
ITEM005629,ORD01020,PROD0094,Men's Grooming,MAC,1,243,0,0,243,5
ITEM005630,ORD02896,PROD0040,Makeup,NIVEA,2,681,0,0,1362,5
ITEM005631,ORD02896,PROD0098,Men's Grooming,The Ordinary,2,241,5,24.1,457.9,5
ITEM005632,ORD02172,PROD0044,Makeup,Nykaa Cosmetics,2,701,0,0,1402,5
ITEM005633,ORD02172,PROD0023,Skincare,Biotique,1,1629,20,325.8,1303.2,5
ITEM005634,ORD03803,PROD0096,Men's Grooming,The Ordinary,2,520,10,104,936,3
ITEM005635,ORD01193,PROD0036,Makeup,Dot & Key,1,988,20,197.6,790.4,5
ITEM005636,ORD01193,PROD0111,Wellness,Maybelline,1,489,0,0,489,5
ITEM005637,ORD04078,PROD0108,Wellness,The Ordinary,1,945,0,0,945,4
ITEM005638,ORD03938,PROD0006,Skincare,Nykaa Cosmetics,2,1639,15,491.7,2786.3,5
ITEM005639,ORD03938,PROD0057,Haircare,The Ordinary,1,735,20,147,588,5
ITEM005640,ORD02606,PROD0008,Skincare,Forest Essentials,1,317,30,95.1,221.9,5
ITEM005641,ORD03823,PROD0062,Haircare,WOW Skin Science,1,769,20,153.8,615.2,4
ITEM005642,ORD03823,PROD0053,Haircare,Forest Essentials,1,1102,15,165.3,936.7,5
ITEM005643,ORD03823,PROD0061,Haircare,L'Oreal Paris,2,466,15,139.8,792.2,5
ITEM005644,ORD03090,PROD0012,Skincare,Minimalist,1,428,15,64.2,363.8,4
ITEM005645,ORD03090,PROD0061,Haircare,L'Oreal Paris,2,466,0,0,932,5
ITEM005646,ORD03090,PROD0104,Wellness,Nykaa Cosmetics,1,1259,0,0,1259,4
ITEM005647,ORD03090,PROD0026,Makeup,Biotique,2,267,5,26.7,507.3,4
ITEM005648,ORD04698,PROD0090,Men's Grooming,NIVEA,1,842,0,0,842,
ITEM005649,ORD04698,PROD0061,Haircare,L'Oreal Paris,3,466,0,0,1398,
ITEM005650,ORD04084,PROD0112,Wellness,NIVEA,2,964,5,96.4,1831.6,5
ITEM005651,ORD02567,PROD0062,Haircare,WOW Skin Science,3,769,20,461.4,1845.6,4
ITEM005652,ORD02567,PROD0041,Makeup,Mamaearth,2,1516,0,0,3032,5
ITEM005653,ORD03719,PROD0008,Skincare,Forest Essentials,1,317,0,0,317,3
ITEM005654,ORD00391,PROD0038,Makeup,The Ordinary,3,477,10,143.1,1287.9,
ITEM005655,ORD04925,PROD0104,Wellness,Nykaa Cosmetics,1,1259,5,62.95,1196.05,4
ITEM005656,ORD04925,PROD0080,Bath & Body,Lakme,1,152,20,30.4,121.6,4
ITEM005657,ORD04925,PROD0047,Haircare,Biotique,1,665,15,99.75,565.25,2
ITEM005658,ORD00215,PROD0047,Haircare,Biotique,2,665,30,399,931,5
ITEM005659,ORD00215,PROD0053,Haircare,Forest Essentials,1,1102,15,165.3,936.7,5
ITEM005660,ORD04024,PROD0073,Fragrance,Biotique,1,2226,0,0,2226,5
ITEM005661,ORD04172,PROD0108,Wellness,The Ordinary,1,945,0,0,945,
ITEM005662,ORD04172,PROD0084,Bath & Body,Mamaearth,2,750,10,150,1350,
ITEM005663,ORD03860,PROD0065,Haircare,Forest Essentials,1,334,15,50.1,283.9,5
ITEM005664,ORD03860,PROD0002,Skincare,Dot & Key,1,483,20,96.6,386.4,4
ITEM005665,ORD03543,PROD0048,Haircare,Maybelline,2,775,0,0,1550,
ITEM005666,ORD02641,PROD0020,Skincare,Maybelline,1,1237,0,0,1237,5
ITEM005667,ORD02641,PROD0022,Skincare,MAC,1,1685,15,252.75,1432.25,4
ITEM005668,ORD02641,PROD0086,Bath & Body,Sugar Cosmetics,1,317,15,47.55,269.45,5
ITEM005669,ORD03193,PROD0084,Bath & Body,Mamaearth,1,750,15,112.5,637.5,5
ITEM005670,ORD03193,PROD0049,Haircare,Forest Essentials,1,718,0,0,718,3
ITEM005671,ORD03193,PROD0031,Makeup,WOW Skin Science,1,1892,0,0,1892,3
ITEM005672,ORD01804,PROD0008,Skincare,Forest Essentials,2,317,15,95.1,538.9,3
ITEM005673,ORD04517,PROD0006,Skincare,Nykaa Cosmetics,1,1639,15,245.85,1393.15,2
ITEM005674,ORD04517,PROD0012,Skincare,Minimalist,1,428,30,128.4,299.6,4
ITEM005675,ORD04517,PROD0110,Wellness,Nykaa Cosmetics,1,1400,15,210,1190,5
ITEM005676,ORD01212,PROD0063,Haircare,Mamaearth,1,1105,30,331.5,773.5,4
ITEM005677,ORD01212,PROD0019,Skincare,The Ordinary,1,1588,15,238.2,1349.8,5
ITEM005678,ORD01914,PROD0064,Haircare,The Ordinary,1,642,10,64.2,577.8,
ITEM005679,ORD01914,PROD0004,Skincare,Dot & Key,2,1072,5,107.2,2036.8,
ITEM005680,ORD01914,PROD0007,Skincare,Biotique,2,995,20,398,1592,
ITEM005681,ORD01914,PROD0024,Skincare,MAC,3,900,30,810,1890,
ITEM005682,ORD01873,PROD0030,Makeup,Nykaa Cosmetics,1,946,20,189.2,756.8,5
ITEM005683,ORD04148,PROD0090,Men's Grooming,NIVEA,1,842,15,126.3,715.7,5
ITEM005684,ORD01743,PROD0086,Bath & Body,Sugar Cosmetics,1,317,20,63.4,253.6,4
ITEM005685,ORD01181,PROD0057,Haircare,The Ordinary,2,735,5,73.5,1396.5,
ITEM005686,ORD01181,PROD0082,Bath & Body,Sugar Cosmetics,1,621,10,62.1,558.9,
ITEM005687,ORD04161,PROD0023,Skincare,Biotique,2,1629,30,977.4,2280.6,
ITEM005688,ORD04161,PROD0087,Bath & Body,Dot & Key,1,222,0,0,222,
ITEM005689,ORD04161,PROD0011,Skincare,Lakme,1,1528,5,76.4,1451.6,
ITEM005690,ORD04161,PROD0037,Makeup,Mamaearth,1,209,15,31.35,177.65,
ITEM005691,ORD03742,PROD0072,Fragrance,The Ordinary,1,1765,15,264.75,1500.25,5
ITEM005692,ORD02049,PROD0064,Haircare,The Ordinary,1,642,5,32.1,609.9,4
ITEM005693,ORD02049,PROD0026,Makeup,Biotique,1,267,30,80.1,186.9,5
ITEM005694,ORD01287,PROD0004,Skincare,Dot & Key,1,1072,0,0,1072,4
ITEM005695,ORD02796,PROD0043,Makeup,WOW Skin Science,1,1330,15,199.5,1130.5,5
ITEM005696,ORD02796,PROD0001,Skincare,Minimalist,2,1006,0,0,2012,4
ITEM005697,ORD02796,PROD0056,Haircare,MAC,1,1009,15,151.35,857.65,5
ITEM005698,ORD02761,PROD0014,Skincare,Sugar Cosmetics,1,1200,20,240,960,4
ITEM005699,ORD02761,PROD0043,Makeup,WOW Skin Science,1,1330,5,66.5,1263.5,4
ITEM005700,ORD02286,PROD0058,Haircare,Mamaearth,1,841,10,84.1,756.9,5
ITEM005701,ORD02286,PROD0110,Wellness,Nykaa Cosmetics,2,1400,0,0,2800,5
ITEM005702,ORD03284,PROD0029,Makeup,Biotique,1,1007,30,302.1,704.9,5
ITEM005703,ORD03284,PROD0053,Haircare,Forest Essentials,1,1102,20,220.4,881.6,4
ITEM005704,ORD04856,PROD0004,Skincare,Dot & Key,1,1072,15,160.8,911.2,5
ITEM005705,ORD04856,PROD0109,Wellness,L'Oreal Paris,1,625,0,0,625,3
ITEM005706,ORD04856,PROD0041,Makeup,Mamaearth,2,1516,20,606.4,2425.6,5
ITEM005707,ORD04856,PROD0012,Skincare,Minimalist,2,428,20,171.2,684.8,1
ITEM005708,ORD02491,PROD0011,Skincare,Lakme,2,1528,10,305.6,2750.4,5
ITEM005709,ORD02491,PROD0005,Skincare,Biotique,1,893,0,0,893,3
ITEM005710,ORD01051,PROD0095,Men's Grooming,The Ordinary,1,269,20,53.8,215.2,4
ITEM005711,ORD01051,PROD0005,Skincare,Biotique,2,893,10,178.6,1607.4,4
ITEM005712,ORD01259,PROD0092,Men's Grooming,Lakme,1,463,15,69.45,393.55,4
ITEM005713,ORD01259,PROD0051,Haircare,WOW Skin Science,1,847,0,0,847,5
ITEM005714,ORD04460,PROD0035,Makeup,Sugar Cosmetics,3,526,30,473.4,1104.6,5
ITEM005715,ORD04460,PROD0081,Bath & Body,L'Oreal Paris,2,767,0,0,1534,4
ITEM005716,ORD02455,PROD0016,Skincare,The Ordinary,1,1150,20,230,920,2
ITEM005717,ORD01334,PROD0007,Skincare,Biotique,1,995,15,149.25,845.75,4
ITEM005718,ORD04759,PROD0101,Wellness,Mamaearth,1,930,10,93,837,4
ITEM005719,ORD04759,PROD0065,Haircare,Forest Essentials,3,334,0,0,1002,4
ITEM005720,ORD04759,PROD0084,Bath & Body,Mamaearth,2,750,0,0,1500,4
ITEM005721,ORD02334,PROD0058,Haircare,Mamaearth,1,841,10,84.1,756.9,5
ITEM005722,ORD00857,PROD0072,Fragrance,The Ordinary,1,1765,20,353,1412,4
ITEM005723,ORD00857,PROD0092,Men's Grooming,Lakme,1,463,0,0,463,5
ITEM005724,ORD04185,PROD0091,Men's Grooming,WOW Skin Science,1,530,15,79.5,450.5,5
ITEM005725,ORD01374,PROD0101,Wellness,Mamaearth,3,930,30,837,1953,2
ITEM005726,ORD01374,PROD0097,Men's Grooming,Maybelline,1,369,0,0,369,5
ITEM005727,ORD02966,PROD0111,Wellness,Maybelline,1,489,5,24.45,464.55,
ITEM005728,ORD02966,PROD0061,Haircare,L'Oreal Paris,1,466,15,69.9,396.1,
ITEM005729,ORD02047,PROD0003,Skincare,MAC,1,1606,10,160.6,1445.4,5
ITEM005730,ORD02047,PROD0002,Skincare,Dot & Key,2,483,15,144.9,821.1,5
ITEM005731,ORD04866,PROD0107,Wellness,Sugar Cosmetics,1,1156,20,231.2,924.8,4
ITEM005732,ORD04650,PROD0084,Bath & Body,Mamaearth,1,750,5,37.5,712.5,5
ITEM005733,ORD04650,PROD0065,Haircare,Forest Essentials,3,334,10,100.2,901.8,4
ITEM005734,ORD04724,PROD0049,Haircare,Forest Essentials,1,718,10,71.8,646.2,3
ITEM005735,ORD01623,PROD0009,Skincare,NIVEA,1,720,20,144,576,5
ITEM005736,ORD00863,PROD0082,Bath & Body,Sugar Cosmetics,2,621,10,124.2,1117.8,4
ITEM005737,ORD00863,PROD0001,Skincare,Minimalist,3,1006,15,452.7,2565.3,5
ITEM005738,ORD00462,PROD0053,Haircare,Forest Essentials,1,1102,0,0,1102,2
ITEM005739,ORD00462,PROD0019,Skincare,The Ordinary,1,1588,20,317.6,1270.4,5
ITEM005740,ORD00462,PROD0069,Fragrance,Plum,1,1765,5,88.25,1676.75,3
ITEM005741,ORD00462,PROD0066,Fragrance,Forest Essentials,1,2975,20,595,2380,3
ITEM005742,ORD00400,PROD0063,Haircare,Mamaearth,1,1105,15,165.75,939.25,
ITEM005743,ORD00400,PROD0045,Makeup,WOW Skin Science,1,1690,5,84.5,1605.5,
ITEM005744,ORD00400,PROD0062,Haircare,WOW Skin Science,1,769,30,230.7,538.3,
ITEM005745,ORD00400,PROD0090,Men's Grooming,NIVEA,1,842,0,0,842,
ITEM005746,ORD03175,PROD0093,Men's Grooming,Nykaa Cosmetics,1,245,0,0,245,5
ITEM005747,ORD03175,PROD0055,Haircare,Minimalist,1,967,0,0,967,4
ITEM005748,ORD03175,PROD0008,Skincare,Forest Essentials,1,317,5,15.85,301.15,5
ITEM005749,ORD03175,PROD0001,Skincare,Minimalist,1,1006,0,0,1006,2
ITEM005750,ORD04323,PROD0011,Skincare,Lakme,1,1528,20,305.6,1222.4,5
ITEM005751,ORD03546,PROD0039,Makeup,Nykaa Cosmetics,1,864,5,43.2,820.8,4
ITEM005752,ORD03546,PROD0066,Fragrance,Forest Essentials,2,2975,5,297.5,5652.5,5
ITEM005753,ORD01710,PROD0027,Makeup,Mamaearth,1,1454,10,145.4,1308.6,
ITEM005754,ORD02035,PROD0033,Makeup,Mamaearth,1,2384,15,357.6,2026.4,5
ITEM005755,ORD02035,PROD0079,Bath & Body,L'Oreal Paris,1,653,30,195.9,457.1,5
ITEM005756,ORD00830,PROD0008,Skincare,Forest Essentials,1,317,0,0,317,5
ITEM005757,ORD00830,PROD0047,Haircare,Biotique,1,665,15,99.75,565.25,4
ITEM005758,ORD00830,PROD0110,Wellness,Nykaa Cosmetics,1,1400,30,420,980,5
ITEM005759,ORD00830,PROD0052,Haircare,Nykaa Cosmetics,1,915,0,0,915,5
ITEM005760,ORD03135,PROD0069,Fragrance,Plum,1,1765,15,264.75,1500.25,2
ITEM005761,ORD03135,PROD0034,Makeup,WOW Skin Science,1,2004,0,0,2004,5
ITEM005762,ORD01758,PROD0047,Haircare,Biotique,2,665,5,66.5,1263.5,1
ITEM005763,ORD03408,PROD0056,Haircare,MAC,1,1009,30,302.7,706.3,3
ITEM005764,ORD03665,PROD0047,Haircare,Biotique,1,665,20,133,532,5
ITEM005765,ORD03665,PROD0055,Haircare,Minimalist,1,967,20,193.4,773.6,4
ITEM005766,ORD03665,PROD0098,Men's Grooming,The Ordinary,3,241,0,0,723,5
ITEM005767,ORD01949,PROD0070,Fragrance,NIVEA,3,2241,30,2016.9,4706.1,5
ITEM005768,ORD00474,PROD0013,Skincare,Nykaa Cosmetics,2,716,10,143.2,1288.8,5
ITEM005769,ORD04504,PROD0092,Men's Grooming,Lakme,1,463,15,69.45,393.55,5
ITEM005770,ORD04504,PROD0029,Makeup,Biotique,1,1007,10,100.7,906.3,3
ITEM005771,ORD03227,PROD0006,Skincare,Nykaa Cosmetics,1,1639,15,245.85,1393.15,4
ITEM005772,ORD03227,PROD0023,Skincare,Biotique,1,1629,20,325.8,1303.2,4
ITEM005773,ORD04534,PROD0096,Men's Grooming,The Ordinary,1,520,10,52,468,5
ITEM005774,ORD04534,PROD0111,Wellness,Maybelline,1,489,30,146.7,342.3,1
ITEM005775,ORD02151,PROD0012,Skincare,Minimalist,1,428,0,0,428,3
ITEM005776,ORD02151,PROD0051,Haircare,WOW Skin Science,1,847,15,127.05,719.95,4
ITEM005777,ORD02151,PROD0029,Makeup,Biotique,1,1007,10,100.7,906.3,5
ITEM005778,ORD04401,PROD0007,Skincare,Biotique,1,995,5,49.75,945.25,
ITEM005779,ORD01219,PROD0035,Makeup,Sugar Cosmetics,1,526,20,105.2,420.8,5
ITEM005780,ORD01219,PROD0095,Men's Grooming,The Ordinary,1,269,30,80.7,188.3,4
ITEM005781,ORD04699,PROD0074,Fragrance,NIVEA,1,752,30,225.6,526.4,
ITEM005782,ORD02821,PROD0029,Makeup,Biotique,1,1007,10,100.7,906.3,
ITEM005783,ORD02821,PROD0047,Haircare,Biotique,3,665,20,399,1596,
ITEM005784,ORD02821,PROD0012,Skincare,Minimalist,1,428,5,21.4,406.6,
ITEM005785,ORD02821,PROD0111,Wellness,Maybelline,1,489,0,0,489,
ITEM005786,ORD04505,PROD0040,Makeup,NIVEA,3,681,30,612.9,1430.1,5
ITEM005787,ORD01396,PROD0082,Bath & Body,Sugar Cosmetics,1,621,5,31.05,589.95,5
ITEM005788,ORD04892,PROD0001,Skincare,Minimalist,1,1006,5,50.3,955.7,5
ITEM005789,ORD04892,PROD0052,Haircare,Nykaa Cosmetics,1,915,0,0,915,5
ITEM005790,ORD02462,PROD0084,Bath & Body,Mamaearth,1,750,20,150,600,2
ITEM005791,ORD02835,PROD0105,Wellness,Minimalist,1,1068,5,53.4,1014.6,4
ITEM005792,ORD01950,PROD0006,Skincare,Nykaa Cosmetics,1,1639,5,81.95,1557.05,3
ITEM005793,ORD01950,PROD0027,Makeup,Mamaearth,1,1454,10,145.4,1308.6,5
ITEM005794,ORD01950,PROD0038,Makeup,The Ordinary,3,477,15,214.65,1216.35,4
ITEM005795,ORD04252,PROD0076,Fragrance,Dot & Key,1,552,20,110.4,441.6,3
ITEM005796,ORD04252,PROD0088,Bath & Body,Sugar Cosmetics,2,669,10,133.8,1204.2,3
ITEM005797,ORD04708,PROD0028,Makeup,L'Oreal Paris,2,844,15,253.2,1434.8,
ITEM005798,ORD01520,PROD0064,Haircare,The Ordinary,2,642,20,256.8,1027.2,5
ITEM005799,ORD01520,PROD0073,Fragrance,Biotique,1,2226,10,222.6,2003.4,5
ITEM005800,ORD04908,PROD0027,Makeup,Mamaearth,2,1454,10,290.8,2617.2,
ITEM005801,ORD04908,PROD0050,Haircare,Nykaa Cosmetics,2,762,20,304.8,1219.2,
ITEM005802,ORD04908,PROD0080,Bath & Body,Lakme,1,152,0,0,152,
ITEM005803,ORD04908,PROD0066,Fragrance,Forest Essentials,1,2975,15,446.25,2528.75,
ITEM005804,ORD01522,PROD0079,Bath & Body,L'Oreal Paris,3,653,30,587.7,1371.3,5
ITEM005805,ORD03016,PROD0109,Wellness,L'Oreal Paris,1,625,0,0,625,
ITEM005806,ORD00741,PROD0024,Skincare,MAC,2,900,20,360,1440,
ITEM005807,ORD00741,PROD0112,Wellness,NIVEA,1,964,0,0,964,
ITEM005808,ORD00741,PROD0039,Makeup,Nykaa Cosmetics,1,864,10,86.4,777.6,
ITEM005809,ORD03223,PROD0052,Haircare,Nykaa Cosmetics,1,915,5,45.75,869.25,4
ITEM005810,ORD04575,PROD0048,Haircare,Maybelline,2,775,0,0,1550,4
ITEM005811,ORD04493,PROD0097,Men's Grooming,Maybelline,2,369,30,221.4,516.6,5
ITEM005812,ORD01665,PROD0003,Skincare,MAC,1,1606,15,240.9,1365.1,3
ITEM005813,ORD01665,PROD0070,Fragrance,NIVEA,2,2241,0,0,4482,5
ITEM005814,ORD04209,PROD0112,Wellness,NIVEA,1,964,15,144.6,819.4,5
ITEM005815,ORD01100,PROD0093,Men's Grooming,Nykaa Cosmetics,1,245,30,73.5,171.5,4
ITEM005816,ORD03923,PROD0039,Makeup,Nykaa Cosmetics,2,864,30,518.4,1209.6,
ITEM005817,ORD03923,PROD0043,Makeup,WOW Skin Science,1,1330,30,399,931,
ITEM005818,ORD02004,PROD0079,Bath & Body,L'Oreal Paris,2,653,0,0,1306,4
ITEM005819,ORD01085,PROD0064,Haircare,The Ordinary,1,642,20,128.4,513.6,5
ITEM005820,ORD01085,PROD0060,Haircare,Plum,1,512,5,25.6,486.4,3
ITEM005821,ORD01553,PROD0015,Skincare,Biotique,1,1295,15,194.25,1100.75,5
ITEM005822,ORD01553,PROD0024,Skincare,MAC,1,900,30,270,630,4
ITEM005823,ORD03589,PROD0100,Men's Grooming,Minimalist,2,156,0,0,312,3
ITEM005824,ORD03589,PROD0096,Men's Grooming,The Ordinary,1,520,10,52,468,5
ITEM005825,ORD03088,PROD0008,Skincare,Forest Essentials,3,317,5,47.55,903.45,
ITEM005826,ORD03424,PROD0010,Skincare,The Ordinary,1,893,0,0,893,4
ITEM005827,ORD04449,PROD0036,Makeup,Dot & Key,1,988,0,0,988,5
ITEM005828,ORD03715,PROD0021,Skincare,Biotique,1,869,0,0,869,5
ITEM005829,ORD04757,PROD0046,Makeup,The Ordinary,2,532,0,0,1064,4
ITEM005830,ORD04757,PROD0030,Makeup,Nykaa Cosmetics,1,946,20,189.2,756.8,4
ITEM005831,ORD04757,PROD0071,Fragrance,Maybelline,1,1416,0,0,1416,5
ITEM005832,ORD04757,PROD0112,Wellness,NIVEA,2,964,5,96.4,1831.6,5
ITEM005833,ORD01655,PROD0085,Bath & Body,Sugar Cosmetics,1,329,0,0,329,
ITEM005834,ORD01655,PROD0108,Wellness,The Ordinary,1,945,5,47.25,897.75,
ITEM005835,ORD01655,PROD0089,Bath & Body,Biotique,1,384,20,76.8,307.2,
ITEM005836,ORD01641,PROD0085,Bath & Body,Sugar Cosmetics,1,329,20,65.8,263.2,5
ITEM005837,ORD01641,PROD0104,Wellness,Nykaa Cosmetics,2,1259,0,0,2518,4
ITEM005838,ORD01881,PROD0003,Skincare,MAC,2,1606,20,642.4,2569.6,2
ITEM005839,ORD02160,PROD0037,Makeup,Mamaearth,2,209,0,0,418,5
ITEM005840,ORD00621,PROD0030,Makeup,Nykaa Cosmetics,1,946,20,189.2,756.8,
ITEM005841,ORD03911,PROD0112,Wellness,NIVEA,1,964,20,192.8,771.2,2
ITEM005842,ORD00767,PROD0085,Bath & Body,Sugar Cosmetics,1,329,30,98.7,230.3,5
ITEM005843,ORD00767,PROD0087,Bath & Body,Dot & Key,1,222,10,22.2,199.8,3
ITEM005844,ORD00767,PROD0050,Haircare,Nykaa Cosmetics,2,762,15,228.6,1295.4,5
ITEM005845,ORD00810,PROD0002,Skincare,Dot & Key,1,483,5,24.15,458.85,
ITEM005846,ORD01909,PROD0019,Skincare,The Ordinary,1,1588,10,158.8,1429.2,4
ITEM005847,ORD01909,PROD0091,Men's Grooming,WOW Skin Science,2,530,30,318,742,5
ITEM005848,ORD02252,PROD0038,Makeup,The Ordinary,1,477,5,23.85,453.15,2
ITEM005849,ORD02252,PROD0002,Skincare,Dot & Key,2,483,15,144.9,821.1,5
ITEM005850,ORD02252,PROD0106,Wellness,Forest Essentials,1,762,0,0,762,5
ITEM005851,ORD02252,PROD0034,Makeup,WOW Skin Science,1,2004,0,0,2004,3
ITEM005852,ORD00784,PROD0065,Haircare,Forest Essentials,1,334,5,16.7,317.3,2
ITEM005853,ORD03534,PROD0029,Makeup,Biotique,1,1007,30,302.1,704.9,
ITEM005854,ORD04798,PROD0093,Men's Grooming,Nykaa Cosmetics,1,245,30,73.5,171.5,4
ITEM005855,ORD04798,PROD0007,Skincare,Biotique,2,995,5,99.5,1890.5,5
ITEM005856,ORD04798,PROD0008,Skincare,Forest Essentials,2,317,30,190.2,443.8,2
ITEM005857,ORD04798,PROD0072,Fragrance,The Ordinary,2,1765,15,529.5,3000.5,5
ITEM005858,ORD00509,PROD0060,Haircare,Plum,2,512,10,102.4,921.6,3
ITEM005859,ORD04181,PROD0086,Bath & Body,Sugar Cosmetics,1,317,30,95.1,221.9,
ITEM005860,ORD04181,PROD0082,Bath & Body,Sugar Cosmetics,1,621,0,0,621,
ITEM005861,ORD02869,PROD0025,Skincare,Forest Essentials,1,639,30,191.7,447.3,3
ITEM005862,ORD02869,PROD0058,Haircare,Mamaearth,1,841,0,0,841,4
ITEM005863,ORD02869,PROD0030,Makeup,Nykaa Cosmetics,1,946,5,47.3,898.7,3
ITEM005864,ORD02149,PROD0091,Men's Grooming,WOW Skin Science,1,530,10,53,477,5
ITEM005865,ORD02149,PROD0031,Makeup,WOW Skin Science,1,1892,10,189.2,1702.8,3
ITEM005866,ORD02926,PROD0043,Makeup,WOW Skin Science,2,1330,5,133,2527,
ITEM005867,ORD02926,PROD0074,Fragrance,NIVEA,1,752,10,75.2,676.8,
ITEM005868,ORD02926,PROD0046,Makeup,The Ordinary,1,532,0,0,532,
ITEM005869,ORD02926,PROD0040,Makeup,NIVEA,1,681,5,34.05,646.95,
ITEM005870,ORD01055,PROD0076,Fragrance,Dot & Key,1,552,0,0,552,5
ITEM005871,ORD01055,PROD0055,Haircare,Minimalist,2,967,30,580.2,1353.8,3
ITEM005872,ORD01055,PROD0079,Bath & Body,L'Oreal Paris,1,653,0,0,653,4
ITEM005873,ORD01055,PROD0014,Skincare,Sugar Cosmetics,1,1200,30,360,840,4
ITEM005874,ORD00352,PROD0013,Skincare,Nykaa Cosmetics,2,716,5,71.6,1360.4,1
ITEM005875,ORD03316,PROD0085,Bath & Body,Sugar Cosmetics,1,329,15,49.35,279.65,3
ITEM005876,ORD03316,PROD0037,Makeup,Mamaearth,1,209,10,20.9,188.1,3
ITEM005877,ORD02795,PROD0034,Makeup,WOW Skin Science,2,2004,5,200.4,3807.6,5
ITEM005878,ORD02795,PROD0035,Makeup,Sugar Cosmetics,1,526,15,78.9,447.1,5
ITEM005879,ORD02795,PROD0022,Skincare,MAC,2,1685,20,674,2696,3
ITEM005880,ORD02795,PROD0061,Haircare,L'Oreal Paris,2,466,20,186.4,745.6,4
ITEM005881,ORD03811,PROD0056,Haircare,MAC,1,1009,20,201.8,807.2,5
ITEM005882,ORD01432,PROD0015,Skincare,Biotique,1,1295,0,0,1295,3
ITEM005883,ORD01432,PROD0054,Haircare,Dot & Key,1,181,10,18.1,162.9,5
ITEM005884,ORD04898,PROD0003,Skincare,MAC,1,1606,20,321.2,1284.8,5
ITEM005885,ORD01105,PROD0046,Makeup,The Ordinary,1,532,30,159.6,372.4,4
ITEM005886,ORD02712,PROD0008,Skincare,Forest Essentials,1,317,15,47.55,269.45,
ITEM005887,ORD02712,PROD0030,Makeup,Nykaa Cosmetics,1,946,0,0,946,
ITEM005888,ORD02712,PROD0068,Fragrance,Minimalist,3,1193,20,715.8,2863.2,
ITEM005889,ORD02935,PROD0002,Skincare,Dot & Key,1,483,5,24.15,458.85,3
ITEM005890,ORD01879,PROD0086,Bath & Body,Sugar Cosmetics,1,317,30,95.1,221.9,5
ITEM005891,ORD00922,PROD0014,Skincare,Sugar Cosmetics,1,1200,5,60,1140,5
ITEM005892,ORD02873,PROD0045,Makeup,WOW Skin Science,1,1690,20,338,1352,5
ITEM005893,ORD02873,PROD0095,Men's Grooming,The Ordinary,1,269,30,80.7,188.3,4
ITEM005894,ORD02873,PROD0017,Skincare,WOW Skin Science,1,1699,15,254.85,1444.15,4
ITEM005895,ORD02873,PROD0072,Fragrance,The Ordinary,3,1765,30,1588.5,3706.5,5
ITEM005896,ORD04205,PROD0006,Skincare,Nykaa Cosmetics,1,1639,5,81.95,1557.05,5
ITEM005897,ORD04205,PROD0049,Haircare,Forest Essentials,1,718,10,71.8,646.2,5
ITEM005898,ORD00154,PROD0004,Skincare,Dot & Key,1,1072,15,160.8,911.2,4
ITEM005899,ORD04216,PROD0029,Makeup,Biotique,1,1007,10,100.7,906.3,
ITEM005900,ORD04216,PROD0076,Fragrance,Dot & Key,2,552,0,0,1104,
ITEM005901,ORD04216,PROD0013,Skincare,Nykaa Cosmetics,1,716,30,214.8,501.2,
ITEM005902,ORD04216,PROD0058,Haircare,Mamaearth,1,841,30,252.3,588.7,
ITEM005903,ORD00267,PROD0109,Wellness,L'Oreal Paris,2,625,5,62.5,1187.5,
ITEM005904,ORD00267,PROD0063,Haircare,Mamaearth,1,1105,20,221,884,
ITEM005905,ORD03087,PROD0111,Wellness,Maybelline,1,489,15,73.35,415.65,3
ITEM005906,ORD04508,PROD0089,Bath & Body,Biotique,3,384,0,0,1152,5
ITEM005907,ORD04508,PROD0044,Makeup,Nykaa Cosmetics,1,701,20,140.2,560.8,5
ITEM005908,ORD02766,PROD0035,Makeup,Sugar Cosmetics,2,526,0,0,1052,
ITEM005909,ORD02766,PROD0016,Skincare,The Ordinary,2,1150,20,460,1840,
ITEM005910,ORD02766,PROD0106,Wellness,Forest Essentials,2,762,30,457.2,1066.8,
ITEM005911,ORD02335,PROD0006,Skincare,Nykaa Cosmetics,2,1639,0,0,3278,
ITEM005912,ORD02335,PROD0003,Skincare,MAC,2,1606,5,160.6,3051.4,
ITEM005913,ORD02335,PROD0027,Makeup,Mamaearth,3,1454,0,0,4362,
ITEM005914,ORD00063,PROD0091,Men's Grooming,WOW Skin Science,1,530,30,159,371,5
ITEM005915,ORD00063,PROD0002,Skincare,Dot & Key,1,483,5,24.15,458.85,2
ITEM005916,ORD00063,PROD0011,Skincare,Lakme,2,1528,15,458.4,2597.6,4
ITEM005917,ORD00063,PROD0088,Bath & Body,Sugar Cosmetics,1,669,30,200.7,468.3,3
ITEM005918,ORD00045,PROD0112,Wellness,NIVEA,2,964,0,0,1928,5
ITEM005919,ORD04032,PROD0052,Haircare,Nykaa Cosmetics,1,915,10,91.5,823.5,2
ITEM005920,ORD04032,PROD0008,Skincare,Forest Essentials,3,317,30,285.3,665.7,4
ITEM005921,ORD01889,PROD0032,Makeup,Maybelline,3,2207,15,993.15,5627.85,
ITEM005922,ORD00155,PROD0069,Fragrance,Plum,2,1765,10,353,3177,5
ITEM005923,ORD02194,PROD0055,Haircare,Minimalist,1,967,10,96.7,870.3,
ITEM005924,ORD01028,PROD0061,Haircare,L'Oreal Paris,1,466,20,93.2,372.8,5
ITEM005925,ORD01028,PROD0028,Makeup,L'Oreal Paris,1,844,20,168.8,675.2,4
ITEM005926,ORD01028,PROD0108,Wellness,The Ordinary,1,945,30,283.5,661.5,5
ITEM005927,ORD02254,PROD0046,Makeup,The Ordinary,1,532,0,0,532,
ITEM005928,ORD04899,PROD0109,Wellness,L'Oreal Paris,1,625,0,0,625,4
ITEM005929,ORD04899,PROD0016,Skincare,The Ordinary,1,1150,0,0,1150,2
ITEM005930,ORD04899,PROD0064,Haircare,The Ordinary,1,642,0,0,642,3
ITEM005931,ORD00724,PROD0053,Haircare,Forest Essentials,1,1102,20,220.4,881.6,5
ITEM005932,ORD00724,PROD0031,Makeup,WOW Skin Science,1,1892,0,0,1892,3
ITEM005933,ORD00724,PROD0015,Skincare,Biotique,2,1295,20,518,2072,3
ITEM005934,ORD00724,PROD0025,Skincare,Forest Essentials,1,639,5,31.95,607.05,1
ITEM005935,ORD00050,PROD0022,Skincare,MAC,1,1685,0,0,1685,4
ITEM005936,ORD00654,PROD0027,Makeup,Mamaearth,2,1454,20,581.6,2326.4,2
ITEM005937,ORD00034,PROD0027,Makeup,Mamaearth,2,1454,0,0,2908,
ITEM005938,ORD00034,PROD0001,Skincare,Minimalist,3,1006,0,0,3018,
ITEM005939,ORD04026,PROD0053,Haircare,Forest Essentials,1,1102,0,0,1102,3
ITEM005940,ORD04026,PROD0038,Makeup,The Ordinary,1,477,20,95.4,381.6,4
ITEM005941,ORD00442,PROD0073,Fragrance,Biotique,2,2226,0,0,4452,5
ITEM005942,ORD00442,PROD0022,Skincare,MAC,1,1685,0,0,1685,4
ITEM005943,ORD00442,PROD0079,Bath & Body,L'Oreal Paris,1,653,5,32.65,620.35,4
ITEM005944,ORD00442,PROD0082,Bath & Body,Sugar Cosmetics,1,621,10,62.1,558.9,4
ITEM005945,ORD01855,PROD0019,Skincare,The Ordinary,1,1588,15,238.2,1349.8,4
ITEM005946,ORD03606,PROD0099,Men's Grooming,Forest Essentials,1,554,0,0,554,
ITEM005947,ORD00910,PROD0081,Bath & Body,L'Oreal Paris,1,767,10,76.7,690.3,3
ITEM005948,ORD00910,PROD0112,Wellness,NIVEA,1,964,10,96.4,867.6,3
ITEM005949,ORD00910,PROD0105,Wellness,Minimalist,1,1068,20,213.6,854.4,3
ITEM005950,ORD00910,PROD0097,Men's Grooming,Maybelline,1,369,0,0,369,5
ITEM005951,ORD03747,PROD0013,Skincare,Nykaa Cosmetics,2,716,15,214.8,1217.2,
ITEM005952,ORD00674,PROD0056,Haircare,MAC,1,1009,10,100.9,908.1,5
ITEM005953,ORD04947,PROD0040,Makeup,NIVEA,1,681,0,0,681,2
ITEM005954,ORD04380,PROD0006,Skincare,Nykaa Cosmetics,1,1639,30,491.7,1147.3,1
ITEM005955,ORD04380,PROD0051,Haircare,WOW Skin Science,2,847,10,169.4,1524.6,5
ITEM005956,ORD04380,PROD0077,Fragrance,Lakme,1,2406,0,0,2406,4
ITEM005957,ORD01557,PROD0112,Wellness,NIVEA,2,964,15,289.2,1638.8,4
ITEM005958,ORD00165,PROD0096,Men's Grooming,The Ordinary,3,520,10,156,1404,5
ITEM005959,ORD04611,PROD0112,Wellness,NIVEA,2,964,0,0,1928,
ITEM005960,ORD04611,PROD0008,Skincare,Forest Essentials,2,317,20,126.8,507.2,
ITEM005961,ORD01632,PROD0049,Haircare,Forest Essentials,2,718,20,287.2,1148.8,5
ITEM005962,ORD00100,PROD0056,Haircare,MAC,1,1009,30,302.7,706.3,3
ITEM005963,ORD00100,PROD0074,Fragrance,NIVEA,1,752,15,112.8,639.2,4
ITEM005964,ORD00100,PROD0047,Haircare,Biotique,1,665,10,66.5,598.5,5
ITEM005965,ORD01800,PROD0078,Fragrance,Forest Essentials,1,1970,10,197,1773,
ITEM005966,ORD01800,PROD0008,Skincare,Forest Essentials,2,317,5,31.7,602.3,
ITEM005967,ORD01800,PROD0017,Skincare,WOW Skin Science,2,1699,15,509.7,2888.3,
ITEM005968,ORD01800,PROD0025,Skincare,Forest Essentials,1,639,0,0,639,
ITEM005969,ORD03525,PROD0102,Wellness,MAC,1,1278,0,0,1278,1
ITEM005970,ORD03525,PROD0011,Skincare,Lakme,2,1528,30,916.8,2139.2,3
ITEM005971,ORD04344,PROD0010,Skincare,The Ordinary,1,893,20,178.6,714.4,5
ITEM005972,ORD03155,PROD0110,Wellness,Nykaa Cosmetics,1,1400,10,140,1260,
ITEM005973,ORD03155,PROD0007,Skincare,Biotique,1,995,10,99.5,895.5,
ITEM005974,ORD03155,PROD0032,Makeup,Maybelline,1,2207,10,220.7,1986.3,
ITEM005975,ORD02434,PROD0047,Haircare,Biotique,1,665,10,66.5,598.5,5
ITEM005976,ORD01391,PROD0003,Skincare,MAC,1,1606,5,80.3,1525.7,3
ITEM005977,ORD01391,PROD0050,Haircare,Nykaa Cosmetics,1,762,30,228.6,533.4,5
ITEM005978,ORD00890,PROD0096,Men's Grooming,The Ordinary,2,520,10,104,936,4
ITEM005979,ORD00890,PROD0112,Wellness,NIVEA,1,964,30,289.2,674.8,5
ITEM005980,ORD04531,PROD0029,Makeup,Biotique,1,1007,10,100.7,906.3,
ITEM005981,ORD03782,PROD0003,Skincare,MAC,2,1606,5,160.6,3051.4,4
ITEM005982,ORD03782,PROD0071,Fragrance,Maybelline,1,1416,0,0,1416,4
ITEM005983,ORD03364,PROD0001,Skincare,Minimalist,2,1006,30,603.6,1408.4,5
ITEM005984,ORD03364,PROD0060,Haircare,Plum,1,512,0,0,512,5
ITEM005985,ORD04177,PROD0065,Haircare,Forest Essentials,1,334,15,50.1,283.9,4
ITEM005986,ORD04177,PROD0053,Haircare,Forest Essentials,2,1102,0,0,2204,4
ITEM005987,ORD02336,PROD0029,Makeup,Biotique,1,1007,30,302.1,704.9,5
ITEM005988,ORD04631,PROD0056,Haircare,MAC,1,1009,20,201.8,807.2,4
ITEM005989,ORD04171,PROD0034,Makeup,WOW Skin Science,3,2004,30,1803.6,4208.4,5
ITEM005990,ORD00989,PROD0059,Haircare,Minimalist,1,503,30,150.9,352.1,1
ITEM005991,ORD00989,PROD0097,Men's Grooming,Maybelline,2,369,0,0,738,4
ITEM005992,ORD03743,PROD0010,Skincare,The Ordinary,1,893,20,178.6,714.4,5
ITEM005993,ORD00526,PROD0023,Skincare,Biotique,2,1629,20,651.6,2606.4,5
ITEM005994,ORD00526,PROD0104,Wellness,Nykaa Cosmetics,2,1259,10,251.8,2266.2,5
ITEM005995,ORD02303,PROD0026,Makeup,Biotique,2,267,20,106.8,427.2,5
ITEM005996,ORD03282,PROD0063,Haircare,Mamaearth,1,1105,30,331.5,773.5,4
ITEM005997,ORD02531,PROD0022,Skincare,MAC,3,1685,20,1011,4044,
ITEM005998,ORD02531,PROD0092,Men's Grooming,Lakme,2,463,10,92.6,833.4,
ITEM005999,ORD02531,PROD0091,Men's Grooming,WOW Skin Science,1,530,0,0,530,
ITEM006000,ORD00113,PROD0090,Men's Grooming,NIVEA,1,842,0,0,842,5
ITEM006001,ORD02987,PROD0027,Makeup,Mamaearth,2,1454,15,436.2,2471.8,3
ITEM006002,ORD04819,PROD0083,Bath & Body,Minimalist,1,446,30,133.8,312.2,5
ITEM006003,ORD03014,PROD0048,Haircare,Maybelline,1,775,5,38.75,736.25,4
ITEM006004,ORD00580,PROD0045,Makeup,WOW Skin Science,1,1690,30,507,1183,3
ITEM006005,ORD00580,PROD0031,Makeup,WOW Skin Science,1,1892,0,0,1892,3
ITEM006006,ORD02475,PROD0085,Bath & Body,Sugar Cosmetics,1,329,30,98.7,230.3,4
ITEM006007,ORD02475,PROD0104,Wellness,Nykaa Cosmetics,1,1259,30,377.7,881.3,5
ITEM006008,ORD01686,PROD0092,Men's Grooming,Lakme,1,463,5,23.15,439.85,4
ITEM006009,ORD01686,PROD0071,Fragrance,Maybelline,1,1416,0,0,1416,5
ITEM006010,ORD03908,PROD0047,Haircare,Biotique,1,665,10,66.5,598.5,
ITEM006011,ORD01125,PROD0103,Wellness,Forest Essentials,2,1146,0,0,2292,
ITEM006012,ORD01622,PROD0108,Wellness,The Ordinary,1,945,15,141.75,803.25,
ITEM006013,ORD01622,PROD0023,Skincare,Biotique,1,1629,30,488.7,1140.3,
ITEM006014,ORD00201,PROD0109,Wellness,L'Oreal Paris,2,625,10,125,1125,3
ITEM006015,ORD02595,PROD0080,Bath & Body,Lakme,1,152,20,30.4,121.6,
ITEM006016,ORD02595,PROD0019,Skincare,The Ordinary,2,1588,5,158.8,3017.2,
ITEM006017,ORD02595,PROD0005,Skincare,Biotique,1,893,0,0,893,
ITEM006018,ORD02595,PROD0029,Makeup,Biotique,2,1007,0,0,2014,
ITEM006019,ORD02882,PROD0036,Makeup,Dot & Key,1,988,5,49.4,938.6,1
ITEM006020,ORD02882,PROD0103,Wellness,Forest Essentials,1,1146,0,0,1146,4
ITEM006021,ORD02282,PROD0093,Men's Grooming,Nykaa Cosmetics,1,245,15,36.75,208.25,2
ITEM006022,ORD03527,PROD0046,Makeup,The Ordinary,3,532,0,0,1596,5
ITEM006023,ORD03527,PROD0092,Men's Grooming,Lakme,1,463,15,69.45,393.55,5
ITEM006024,ORD03527,PROD0095,Men's Grooming,The Ordinary,2,269,30,161.4,376.6,5
ITEM006025,ORD03527,PROD0096,Men's Grooming,The Ordinary,1,520,30,156,364,4
ITEM006026,ORD00986,PROD0060,Haircare,Plum,2,512,0,0,1024,
ITEM006027,ORD00986,PROD0042,Makeup,Sugar Cosmetics,2,647,0,0,1294,
ITEM006028,ORD00986,PROD0048,Haircare,Maybelline,1,775,20,155,620,
ITEM006029,ORD03670,PROD0078,Fragrance,Forest Essentials,1,1970,20,394,1576,1
ITEM006030,ORD03670,PROD0004,Skincare,Dot & Key,1,1072,10,107.2,964.8,5
ITEM006031,ORD00896,PROD0111,Wellness,Maybelline,1,489,15,73.35,415.65,4
ITEM006032,ORD00896,PROD0012,Skincare,Minimalist,1,428,10,42.8,385.2,5
ITEM006033,ORD02375,PROD0081,Bath & Body,L'Oreal Paris,1,767,10,76.7,690.3,3
ITEM006034,ORD02375,PROD0025,Skincare,Forest Essentials,1,639,15,95.85,543.15,2
ITEM006035,ORD04201,PROD0070,Fragrance,NIVEA,1,2241,10,224.1,2016.9,5
ITEM006036,ORD04201,PROD0078,Fragrance,Forest Essentials,1,1970,0,0,1970,3
ITEM006037,ORD04201,PROD0006,Skincare,Nykaa Cosmetics,1,1639,15,245.85,1393.15,5
ITEM006038,ORD04201,PROD0034,Makeup,WOW Skin Science,1,2004,10,200.4,1803.6,2
ITEM006039,ORD00293,PROD0014,Skincare,Sugar Cosmetics,2,1200,0,0,2400,5
ITEM006040,ORD02932,PROD0080,Bath & Body,Lakme,1,152,20,30.4,121.6,5
ITEM006041,ORD02132,PROD0084,Bath & Body,Mamaearth,1,750,0,0,750,
ITEM006042,ORD02704,PROD0070,Fragrance,NIVEA,2,2241,20,896.4,3585.6,
ITEM006043,ORD00929,PROD0063,Haircare,Mamaearth,1,1105,30,331.5,773.5,5
ITEM006044,ORD00929,PROD0112,Wellness,NIVEA,2,964,30,578.4,1349.6,5
ITEM006045,ORD01400,PROD0004,Skincare,Dot & Key,1,1072,5,53.6,1018.4,4
ITEM006046,ORD02971,PROD0048,Haircare,Maybelline,2,775,0,0,1550,5
ITEM006047,ORD02971,PROD0100,Men's Grooming,Minimalist,1,156,0,0,156,5
ITEM006048,ORD02971,PROD0052,Haircare,Nykaa Cosmetics,1,915,5,45.75,869.25,4
ITEM006049,ORD01325,PROD0080,Bath & Body,Lakme,1,152,20,30.4,121.6,3
ITEM006050,ORD00813,PROD0035,Makeup,Sugar Cosmetics,1,526,20,105.2,420.8,
ITEM006051,ORD02159,PROD0033,Makeup,Mamaearth,2,2384,20,953.6,3814.4,5
ITEM006052,ORD02159,PROD0016,Skincare,The Ordinary,3,1150,20,690,2760,5
ITEM006053,ORD02159,PROD0108,Wellness,The Ordinary,1,945,30,283.5,661.5,5
ITEM006054,ORD02048,PROD0061,Haircare,L'Oreal Paris,3,466,15,209.7,1188.3,2
ITEM006055,ORD03311,PROD0066,Fragrance,Forest Essentials,1,2975,30,892.5,2082.5,3
ITEM006056,ORD03311,PROD0041,Makeup,Mamaearth,1,1516,0,0,1516,5
ITEM006057,ORD03311,PROD0026,Makeup,Biotique,1,267,0,0,267,5
ITEM006058,ORD03311,PROD0065,Haircare,Forest Essentials,2,334,10,66.8,601.2,5
ITEM006059,ORD02850,PROD0009,Skincare,NIVEA,1,720,20,144,576,4
ITEM006060,ORD02850,PROD0052,Haircare,Nykaa Cosmetics,1,915,0,0,915,3
ITEM006061,ORD00457,PROD0107,Wellness,Sugar Cosmetics,2,1156,0,0,2312,5
ITEM006062,ORD00457,PROD0016,Skincare,The Ordinary,1,1150,10,115,1035,4
ITEM006063,ORD00568,PROD0064,Haircare,The Ordinary,1,642,5,32.1,609.9,5
ITEM006064,ORD00957,PROD0101,Wellness,Mamaearth,1,930,20,186,744,1
ITEM006065,ORD00957,PROD0108,Wellness,The Ordinary,2,945,30,567,1323,3
ITEM006066,ORD02457,PROD0027,Makeup,Mamaearth,2,1454,5,145.4,2762.6,5
ITEM006067,ORD02457,PROD0042,Makeup,Sugar Cosmetics,2,647,0,0,1294,2
ITEM006068,ORD02111,PROD0069,Fragrance,Plum,1,1765,0,0,1765,5
ITEM006069,ORD02111,PROD0026,Makeup,Biotique,2,267,10,53.4,480.6,4
ITEM006070,ORD01757,PROD0042,Makeup,Sugar Cosmetics,2,647,30,388.2,905.8,4
ITEM006071,ORD01757,PROD0041,Makeup,Mamaearth,1,1516,30,454.8,1061.2,4
ITEM006072,ORD01757,PROD0095,Men's Grooming,The Ordinary,1,269,0,0,269,5
ITEM006073,ORD00284,PROD0071,Fragrance,Maybelline,1,1416,0,0,1416,4
ITEM006074,ORD03071,PROD0073,Fragrance,Biotique,1,2226,5,111.3,2114.7,5
ITEM006075,ORD03071,PROD0010,Skincare,The Ordinary,3,893,10,267.9,2411.1,4
ITEM006076,ORD02029,PROD0033,Makeup,Mamaearth,1,2384,5,119.2,2264.8,3
ITEM006077,ORD02029,PROD0024,Skincare,MAC,1,900,15,135,765,3
ITEM006078,ORD02029,PROD0014,Skincare,Sugar Cosmetics,1,1200,10,120,1080,5
ITEM006079,ORD02029,PROD0050,Haircare,Nykaa Cosmetics,1,762,15,114.3,647.7,4
ITEM006080,ORD02562,PROD0091,Men's Grooming,WOW Skin Science,3,530,10,159,1431,
ITEM006081,ORD02562,PROD0021,Skincare,Biotique,1,869,0,0,869,
ITEM006082,ORD00145,PROD0081,Bath & Body,L'Oreal Paris,1,767,20,153.4,613.6,5
ITEM006083,ORD00145,PROD0064,Haircare,The Ordinary,2,642,20,256.8,1027.2,2
ITEM006084,ORD02439,PROD0008,Skincare,Forest Essentials,1,317,5,15.85,301.15,
ITEM006085,ORD02439,PROD0061,Haircare,L'Oreal Paris,1,466,5,23.3,442.7,
ITEM006086,ORD02439,PROD0055,Haircare,Minimalist,1,967,0,0,967,
ITEM006087,ORD02373,PROD0061,Haircare,L'Oreal Paris,1,466,20,93.2,372.8,
ITEM006088,ORD02373,PROD0035,Makeup,Sugar Cosmetics,1,526,0,0,526,
ITEM006089,ORD02677,PROD0028,Makeup,L'Oreal Paris,2,844,5,84.4,1603.6,
ITEM006090,ORD02677,PROD0008,Skincare,Forest Essentials,1,317,20,63.4,253.6,
ITEM006091,ORD02677,PROD0001,Skincare,Minimalist,2,1006,0,0,2012,
ITEM006092,ORD00997,PROD0083,Bath & Body,Minimalist,1,446,30,133.8,312.2,5
ITEM006093,ORD00997,PROD0065,Haircare,Forest Essentials,1,334,0,0,334,4
ITEM006094,ORD00997,PROD0003,Skincare,MAC,2,1606,0,0,3212,4
ITEM006095,ORD00997,PROD0034,Makeup,WOW Skin Science,1,2004,0,0,2004,5
ITEM006096,ORD04609,PROD0064,Haircare,The Ordinary,3,642,20,385.2,1540.8,3
ITEM006097,ORD02445,PROD0049,Haircare,Forest Essentials,1,718,5,35.9,682.1,
ITEM006098,ORD01510,PROD0050,Haircare,Nykaa Cosmetics,2,762,0,0,1524,3
ITEM006099,ORD03324,PROD0096,Men's Grooming,The Ordinary,2,520,0,0,1040,5
ITEM006100,ORD01640,PROD0077,Fragrance,Lakme,2,2406,0,0,4812,2
ITEM006101,ORD03325,PROD0023,Skincare,Biotique,1,1629,10,162.9,1466.1,
ITEM006102,ORD04283,PROD0084,Bath & Body,Mamaearth,2,750,15,225,1275,5
ITEM006103,ORD02171,PROD0101,Wellness,Mamaearth,2,930,5,93,1767,5
ITEM006104,ORD03281,PROD0109,Wellness,L'Oreal Paris,1,625,30,187.5,437.5,5
ITEM006105,ORD00854,PROD0051,Haircare,WOW Skin Science,1,847,10,84.7,762.3,2
ITEM006106,ORD00854,PROD0059,Haircare,Minimalist,2,503,5,50.3,955.7,5
ITEM006107,ORD00854,PROD0100,Men's Grooming,Minimalist,3,156,30,140.4,327.6,4
ITEM006108,ORD00854,PROD0009,Skincare,NIVEA,3,720,5,108,2052,5
ITEM006109,ORD01830,PROD0035,Makeup,Sugar Cosmetics,1,526,5,26.3,499.7,5
ITEM006110,ORD01830,PROD0014,Skincare,Sugar Cosmetics,3,1200,15,540,3060,1
ITEM006111,ORD04021,PROD0105,Wellness,Minimalist,2,1068,30,640.8,1495.2,5
ITEM006112,ORD04726,PROD0003,Skincare,MAC,2,1606,20,642.4,2569.6,4
ITEM006113,ORD02630,PROD0072,Fragrance,The Ordinary,1,1765,10,176.5,1588.5,4
ITEM006114,ORD03079,PROD0100,Men's Grooming,Minimalist,1,156,10,15.6,140.4,2
ITEM006115,ORD03079,PROD0085,Bath & Body,Sugar Cosmetics,3,329,15,148.05,838.95,4
ITEM006116,ORD03079,PROD0057,Haircare,The Ordinary,1,735,0,0,735,5
ITEM006117,ORD04479,PROD0078,Fragrance,Forest Essentials,1,1970,15,295.5,1674.5,2
ITEM006118,ORD04479,PROD0030,Makeup,Nykaa Cosmetics,1,946,15,141.9,804.1,5
ITEM006119,ORD04891,PROD0095,Men's Grooming,The Ordinary,1,269,30,80.7,188.3,2
ITEM006120,ORD04891,PROD0005,Skincare,Biotique,2,893,0,0,1786,5
ITEM006121,ORD03603,PROD0109,Wellness,L'Oreal Paris,1,625,5,31.25,593.75,5
ITEM006122,ORD03849,PROD0097,Men's Grooming,Maybelline,2,369,30,221.4,516.6,4
ITEM006123,ORD01856,PROD0023,Skincare,Biotique,2,1629,0,0,3258,4
ITEM006124,ORD01856,PROD0011,Skincare,Lakme,2,1528,30,916.8,2139.2,3
ITEM006125,ORD02355,PROD0004,Skincare,Dot & Key,1,1072,5,53.6,1018.4,
ITEM006126,ORD02355,PROD0069,Fragrance,Plum,1,1765,0,0,1765,
ITEM006127,ORD00773,PROD0075,Fragrance,Forest Essentials,1,1648,15,247.2,1400.8,2
ITEM006128,ORD00773,PROD0089,Bath & Body,Biotique,3,384,30,345.6,806.4,3
ITEM006129,ORD00773,PROD0072,Fragrance,The Ordinary,1,1765,0,0,1765,5
ITEM006130,ORD02519,PROD0074,Fragrance,NIVEA,1,752,10,75.2,676.8,
ITEM006131,ORD04389,PROD0026,Makeup,Biotique,1,267,0,0,267,3
ITEM006132,ORD04389,PROD0052,Haircare,Nykaa Cosmetics,1,915,10,91.5,823.5,4
ITEM006133,ORD04389,PROD0040,Makeup,NIVEA,1,681,10,68.1,612.9,5
ITEM006134,ORD01906,PROD0024,Skincare,MAC,1,900,0,0,900,
ITEM006135,ORD01936,PROD0076,Fragrance,Dot & Key,1,552,20,110.4,441.6,3
ITEM006136,ORD00732,PROD0014,Skincare,Sugar Cosmetics,3,1200,5,180,3420,
ITEM006137,ORD03189,PROD0099,Men's Grooming,Forest Essentials,1,554,10,55.4,498.6,
ITEM006138,ORD03189,PROD0020,Skincare,Maybelline,2,1237,10,247.4,2226.6,
ITEM006139,ORD00437,PROD0067,Fragrance,Biotique,1,1488,10,148.8,1339.2,5
ITEM006140,ORD00728,PROD0056,Haircare,MAC,3,1009,0,0,3027,
ITEM006141,ORD03391,PROD0018,Skincare,Dot & Key,1,1081,5,54.05,1026.95,2
ITEM006142,ORD03118,PROD0081,Bath & Body,L'Oreal Paris,1,767,10,76.7,690.3,3
ITEM006143,ORD02313,PROD0058,Haircare,Mamaearth,1,841,30,252.3,588.7,2
ITEM006144,ORD00164,PROD0062,Haircare,WOW Skin Science,1,769,10,76.9,692.1,2
ITEM006145,ORD04417,PROD0037,Makeup,Mamaearth,1,209,15,31.35,177.65,4
ITEM006146,ORD04417,PROD0102,Wellness,MAC,1,1278,0,0,1278,4
ITEM006147,ORD02321,PROD0057,Haircare,The Ordinary,1,735,15,110.25,624.75,4
ITEM006148,ORD02321,PROD0044,Makeup,Nykaa Cosmetics,1,701,20,140.2,560.8,4
ITEM006149,ORD02321,PROD0052,Haircare,Nykaa Cosmetics,3,915,5,137.25,2607.75,2
ITEM006150,ORD02321,PROD0003,Skincare,MAC,1,1606,30,481.8,1124.2,5
ITEM006151,ORD01453,PROD0082,Bath & Body,Sugar Cosmetics,1,621,15,93.15,527.85,5
ITEM006152,ORD01453,PROD0102,Wellness,MAC,1,1278,30,383.4,894.6,4
ITEM006153,ORD01562,PROD0024,Skincare,MAC,1,900,20,180,720,3
ITEM006154,ORD01562,PROD0079,Bath & Body,L'Oreal Paris,1,653,10,65.3,587.7,1
ITEM006155,ORD03368,PROD0041,Makeup,Mamaearth,1,1516,5,75.8,1440.2,
ITEM006156,ORD01973,PROD0042,Makeup,Sugar Cosmetics,1,647,30,194.1,452.9,4
ITEM006157,ORD01973,PROD0072,Fragrance,The Ordinary,1,1765,15,264.75,1500.25,5
ITEM006158,ORD02589,PROD0001,Skincare,Minimalist,2,1006,0,0,2012,3
ITEM006159,ORD02589,PROD0023,Skincare,Biotique,2,1629,30,977.4,2280.6,3
ITEM006160,ORD02589,PROD0086,Bath & Body,Sugar Cosmetics,1,317,0,0,317,3
ITEM006161,ORD01849,PROD0005,Skincare,Biotique,1,893,15,133.95,759.05,5
ITEM006162,ORD02496,PROD0004,Skincare,Dot & Key,1,1072,0,0,1072,4
ITEM006163,ORD01032,PROD0047,Haircare,Biotique,1,665,5,33.25,631.75,
ITEM006164,ORD01076,PROD0067,Fragrance,Biotique,1,1488,20,297.6,1190.4,5
ITEM006165,ORD01076,PROD0111,Wellness,Maybelline,1,489,15,73.35,415.65,4
ITEM006166,ORD00405,PROD0067,Fragrance,Biotique,1,1488,5,74.4,1413.6,5
ITEM006167,ORD00296,PROD0037,Makeup,Mamaearth,2,209,10,41.8,376.2,4
ITEM006168,ORD02823,PROD0057,Haircare,The Ordinary,3,735,20,441,1764,
ITEM006169,ORD00685,PROD0014,Skincare,Sugar Cosmetics,2,1200,5,120,2280,5
ITEM006170,ORD01736,PROD0102,Wellness,MAC,1,1278,20,255.6,1022.4,
ITEM006171,ORD04612,PROD0006,Skincare,Nykaa Cosmetics,1,1639,10,163.9,1475.1,4
ITEM006172,ORD04612,PROD0082,Bath & Body,Sugar Cosmetics,2,621,10,124.2,1117.8,3
ITEM006173,ORD03605,PROD0064,Haircare,The Ordinary,2,642,15,192.6,1091.4,
ITEM006174,ORD03605,PROD0035,Makeup,Sugar Cosmetics,1,526,5,26.3,499.7,
ITEM006175,ORD02809,PROD0033,Makeup,Mamaearth,1,2384,5,119.2,2264.8,1
ITEM006176,ORD01109,PROD0042,Makeup,Sugar Cosmetics,1,647,20,129.4,517.6,4
ITEM006177,ORD01107,PROD0024,Skincare,MAC,1,900,15,135,765,
ITEM006178,ORD00879,PROD0110,Wellness,Nykaa Cosmetics,1,1400,20,280,1120,5
ITEM006179,ORD01745,PROD0046,Makeup,The Ordinary,1,532,0,0,532,5
ITEM006180,ORD01745,PROD0029,Makeup,Biotique,1,1007,15,151.05,855.95,5
ITEM006181,ORD01745,PROD0095,Men's Grooming,The Ordinary,2,269,0,0,538,4
ITEM006182,ORD01745,PROD0092,Men's Grooming,Lakme,1,463,5,23.15,439.85,5
ITEM006183,ORD01752,PROD0103,Wellness,Forest Essentials,1,1146,0,0,1146,5
ITEM006184,ORD01752,PROD0024,Skincare,MAC,1,900,5,45,855,4
ITEM006185,ORD01752,PROD0030,Makeup,Nykaa Cosmetics,1,946,15,141.9,804.1,2
ITEM006186,ORD01007,PROD0096,Men's Grooming,The Ordinary,1,520,0,0,520,4
ITEM006187,ORD01007,PROD0033,Makeup,Mamaearth,2,2384,30,1430.4,3337.6,5
ITEM006188,ORD01007,PROD0084,Bath & Body,Mamaearth,1,750,20,150,600,5
ITEM006189,ORD00443,PROD0016,Skincare,The Ordinary,2,1150,15,345,1955,3
ITEM006190,ORD03759,PROD0073,Fragrance,Biotique,1,2226,20,445.2,1780.8,5
ITEM006191,ORD03759,PROD0030,Makeup,Nykaa Cosmetics,2,946,0,0,1892,3
ITEM006192,ORD02513,PROD0075,Fragrance,Forest Essentials,1,1648,15,247.2,1400.8,
ITEM006193,ORD02458,PROD0028,Makeup,L'Oreal Paris,1,844,30,253.2,590.8,2
ITEM006194,ORD02458,PROD0069,Fragrance,Plum,2,1765,0,0,3530,2
ITEM006195,ORD02458,PROD0106,Wellness,Forest Essentials,2,762,20,304.8,1219.2,5
ITEM006196,ORD01074,PROD0085,Bath & Body,Sugar Cosmetics,1,329,15,49.35,279.65,2
ITEM006197,ORD01074,PROD0098,Men's Grooming,The Ordinary,1,241,0,0,241,3
ITEM006198,ORD01074,PROD0099,Men's Grooming,Forest Essentials,1,554,0,0,554,3
ITEM006199,ORD01074,PROD0034,Makeup,WOW Skin Science,3,2004,10,601.2,5410.8,5
ITEM006200,ORD03038,PROD0109,Wellness,L'Oreal Paris,2,625,20,250,1000,5
ITEM006201,ORD00011,PROD0080,Bath & Body,Lakme,1,152,0,0,152,5
ITEM006202,ORD00011,PROD0099,Men's Grooming,Forest Essentials,1,554,10,55.4,498.6,2
ITEM006203,ORD00146,PROD0093,Men's Grooming,Nykaa Cosmetics,1,245,20,49,196,4
ITEM006204,ORD00146,PROD0108,Wellness,The Ordinary,1,945,15,141.75,803.25,4
ITEM006205,ORD00146,PROD0095,Men's Grooming,The Ordinary,2,269,15,80.7,457.3,3
ITEM006206,ORD00042,PROD0067,Fragrance,Biotique,1,1488,0,0,1488,4
ITEM006207,ORD00179,PROD0084,Bath & Body,Mamaearth,2,750,20,300,1200,
ITEM006208,ORD00299,PROD0019,Skincare,The Ordinary,2,1588,0,0,3176,5
ITEM006209,ORD00299,PROD0101,Wellness,Mamaearth,2,930,20,372,1488,1
ITEM006210,ORD00235,PROD0111,Wellness,Maybelline,1,489,0,0,489,3
ITEM006211,ORD00466,PROD0069,Fragrance,Plum,1,1765,30,529.5,1235.5,4
ITEM006212,ORD00466,PROD0053,Haircare,Forest Essentials,1,1102,0,0,1102,5
ITEM006213,ORD00466,PROD0103,Wellness,Forest Essentials,1,1146,10,114.6,1031.4,3
ITEM006214,ORD02461,PROD0074,Fragrance,NIVEA,1,752,0,0,752,1
ITEM006215,ORD02461,PROD0110,Wellness,Nykaa Cosmetics,1,1400,10,140,1260,5
ITEM006216,ORD02461,PROD0037,Makeup,Mamaearth,3,209,0,0,627,4
ITEM006217,ORD02912,PROD0017,Skincare,WOW Skin Science,1,1699,30,509.7,1189.3,
ITEM006218,ORD02912,PROD0012,Skincare,Minimalist,1,428,0,0,428,
ITEM006219,ORD02912,PROD0087,Bath & Body,Dot & Key,2,222,0,0,444,
ITEM006220,ORD02912,PROD0112,Wellness,NIVEA,2,964,15,289.2,1638.8,
ITEM006221,ORD04995,PROD0024,Skincare,MAC,1,900,15,135,765,
ITEM006222,ORD04995,PROD0057,Haircare,The Ordinary,1,735,15,110.25,624.75,
ITEM006223,ORD00790,PROD0005,Skincare,Biotique,1,893,0,0,893,5
ITEM006224,ORD03259,PROD0080,Bath & Body,Lakme,2,152,15,45.6,258.4,4
ITEM006225,ORD03259,PROD0073,Fragrance,Biotique,2,2226,15,667.8,3784.2,5
ITEM006226,ORD03259,PROD0044,Makeup,Nykaa Cosmetics,1,701,30,210.3,490.7,1
ITEM006227,ORD03259,PROD0019,Skincare,The Ordinary,2,1588,5,158.8,3017.2,5
ITEM006228,ORD03384,PROD0102,Wellness,MAC,1,1278,15,191.7,1086.3,5
ITEM006229,ORD03384,PROD0008,Skincare,Forest Essentials,1,317,20,63.4,253.6,1
ITEM006230,ORD03384,PROD0064,Haircare,The Ordinary,1,642,10,64.2,577.8,5
ITEM006231,ORD02900,PROD0051,Haircare,WOW Skin Science,1,847,0,0,847,5
ITEM006232,ORD02900,PROD0046,Makeup,The Ordinary,3,532,0,0,1596,5
ITEM006233,ORD03410,PROD0110,Wellness,Nykaa Cosmetics,2,1400,5,140,2660,4
ITEM006234,ORD01969,PROD0094,Men's Grooming,MAC,3,243,0,0,729,
ITEM006235,ORD01969,PROD0049,Haircare,Forest Essentials,3,718,30,646.2,1507.8,
ITEM006236,ORD04802,PROD0052,Haircare,Nykaa Cosmetics,1,915,10,91.5,823.5,4
ITEM006237,ORD04802,PROD0072,Fragrance,The Ordinary,3,1765,20,1059,4236,4
ITEM006238,ORD04802,PROD0029,Makeup,Biotique,1,1007,0,0,1007,5
ITEM006239,ORD00310,PROD0112,Wellness,NIVEA,2,964,5,96.4,1831.6,5
ITEM006240,ORD00905,PROD0042,Makeup,Sugar Cosmetics,1,647,0,0,647,
ITEM006241,ORD00905,PROD0017,Skincare,WOW Skin Science,1,1699,0,0,1699,
ITEM006242,ORD03019,PROD0067,Fragrance,Biotique,1,1488,30,446.4,1041.6,5
ITEM006243,ORD01796,PROD0107,Wellness,Sugar Cosmetics,3,1156,5,173.4,3294.6,4
ITEM006244,ORD02951,PROD0023,Skincare,Biotique,2,1629,15,488.7,2769.3,
ITEM006245,ORD02951,PROD0022,Skincare,MAC,1,1685,0,0,1685,
ITEM006246,ORD01874,PROD0099,Men's Grooming,Forest Essentials,1,554,0,0,554,5
ITEM006247,ORD01874,PROD0015,Skincare,Biotique,1,1295,0,0,1295,4
ITEM006248,ORD04087,PROD0091,Men's Grooming,WOW Skin Science,1,530,15,79.5,450.5,3
ITEM006249,ORD04087,PROD0021,Skincare,Biotique,2,869,30,521.4,1216.6,3
ITEM006250,ORD04087,PROD0096,Men's Grooming,The Ordinary,1,520,15,78,442,5
ITEM006251,ORD04097,PROD0042,Makeup,Sugar Cosmetics,1,647,30,194.1,452.9,4
ITEM006252,ORD04097,PROD0018,Skincare,Dot & Key,3,1081,0,0,3243,5
ITEM006253,ORD00892,PROD0011,Skincare,Lakme,2,1528,20,611.2,2444.8,
ITEM006254,ORD00892,PROD0068,Fragrance,Minimalist,3,1193,0,0,3579,
ITEM006255,ORD02954,PROD0066,Fragrance,Forest Essentials,2,2975,20,1190,4760,5
ITEM006256,ORD02954,PROD0098,Men's Grooming,The Ordinary,1,241,0,0,241,4
ITEM006257,ORD01133,PROD0067,Fragrance,Biotique,3,1488,0,0,4464,1
ITEM006258,ORD01133,PROD0101,Wellness,Mamaearth,2,930,0,0,1860,3
ITEM006259,ORD01133,PROD0011,Skincare,Lakme,1,1528,10,152.8,1375.2,5
ITEM006260,ORD01133,PROD0096,Men's Grooming,The Ordinary,1,520,0,0,520,4
ITEM006261,ORD03647,PROD0078,Fragrance,Forest Essentials,1,1970,20,394,1576,5
ITEM006262,ORD04527,PROD0048,Haircare,Maybelline,1,775,0,0,775,5
ITEM006263,ORD04527,PROD0060,Haircare,Plum,1,512,30,153.6,358.4,5
ITEM006264,ORD04527,PROD0063,Haircare,Mamaearth,3,1105,15,497.25,2817.75,5
ITEM006265,ORD04527,PROD0026,Makeup,Biotique,2,267,0,0,534,4
ITEM006266,ORD03513,PROD0006,Skincare,Nykaa Cosmetics,1,1639,10,163.9,1475.1,
ITEM006267,ORD01702,PROD0062,Haircare,WOW Skin Science,1,769,0,0,769,4
ITEM006268,ORD01702,PROD0029,Makeup,Biotique,1,1007,15,151.05,855.95,5
ITEM006269,ORD03884,PROD0049,Haircare,Forest Essentials,1,718,10,71.8,646.2,5
ITEM006270,ORD03884,PROD0040,Makeup,NIVEA,1,681,0,0,681,4
ITEM006271,ORD03884,PROD0014,Skincare,Sugar Cosmetics,1,1200,0,0,1200,4
ITEM006272,ORD03982,PROD0092,Men's Grooming,Lakme,1,463,10,46.3,416.7,
ITEM006273,ORD03982,PROD0034,Makeup,WOW Skin Science,1,2004,5,100.2,1903.8,
ITEM006274,ORD01506,PROD0029,Makeup,Biotique,2,1007,0,0,2014,3
ITEM006275,ORD01420,PROD0090,Men's Grooming,NIVEA,1,842,0,0,842,5
ITEM006276,ORD01420,PROD0039,Makeup,Nykaa Cosmetics,1,864,0,0,864,4
ITEM006277,ORD01420,PROD0056,Haircare,MAC,1,1009,0,0,1009,4
ITEM006278,ORD02879,PROD0041,Makeup,Mamaearth,1,1516,30,454.8,1061.2,
ITEM006279,ORD02879,PROD0092,Men's Grooming,Lakme,1,463,20,92.6,370.4,
ITEM006280,ORD02879,PROD0019,Skincare,The Ordinary,1,1588,30,476.4,1111.6,
ITEM006281,ORD00754,PROD0022,Skincare,MAC,3,1685,0,0,5055,5
ITEM006282,ORD03037,PROD0017,Skincare,WOW Skin Science,1,1699,30,509.7,1189.3,5
ITEM006283,ORD00987,PROD0074,Fragrance,NIVEA,1,752,0,0,752,5
ITEM006284,ORD00987,PROD0044,Makeup,Nykaa Cosmetics,1,701,10,70.1,630.9,3
ITEM006285,ORD00987,PROD0052,Haircare,Nykaa Cosmetics,1,915,20,183,732,3
ITEM006286,ORD00111,PROD0057,Haircare,The Ordinary,1,735,0,0,735,5
ITEM006287,ORD00166,PROD0033,Makeup,Mamaearth,1,2384,0,0,2384,4
ITEM006288,ORD00166,PROD0027,Makeup,Mamaearth,2,1454,20,581.6,2326.4,4
ITEM006289,ORD03871,PROD0086,Bath & Body,Sugar Cosmetics,1,317,10,31.7,285.3,3
ITEM006290,ORD02672,PROD0084,Bath & Body,Mamaearth,1,750,20,150,600,3
ITEM006291,ORD01920,PROD0096,Men's Grooming,The Ordinary,1,520,0,0,520,4
ITEM006292,ORD00309,PROD0108,Wellness,The Ordinary,1,945,10,94.5,850.5,5
ITEM006293,ORD04452,PROD0090,Men's Grooming,NIVEA,2,842,20,336.8,1347.2,5
ITEM006294,ORD02973,PROD0072,Fragrance,The Ordinary,1,1765,15,264.75,1500.25,5
ITEM006295,ORD02973,PROD0096,Men's Grooming,The Ordinary,2,520,15,156,884,5
ITEM006296,ORD03413,PROD0085,Bath & Body,Sugar Cosmetics,1,329,0,0,329,4
ITEM006297,ORD03413,PROD0045,Makeup,WOW Skin Science,2,1690,0,0,3380,5
ITEM006298,ORD00605,PROD0079,Bath & Body,L'Oreal Paris,2,653,30,391.8,914.2,3
ITEM006299,ORD00605,PROD0108,Wellness,The Ordinary,1,945,20,189,756,5
ITEM006300,ORD04121,PROD0026,Makeup,Biotique,1,267,0,0,267,5
ITEM006301,ORD03427,PROD0013,Skincare,Nykaa Cosmetics,1,716,5,35.8,680.2,
ITEM006302,ORD03427,PROD0026,Makeup,Biotique,1,267,0,0,267,
ITEM006303,ORD03427,PROD0073,Fragrance,Biotique,1,2226,30,667.8,1558.2,
ITEM006304,ORD04591,PROD0006,Skincare,Nykaa Cosmetics,1,1639,5,81.95,1557.05,
ITEM006305,ORD04591,PROD0010,Skincare,The Ordinary,1,893,0,0,893,
ITEM006306,ORD02844,PROD0045,Makeup,WOW Skin Science,2,1690,15,507,2873,5
ITEM006307,ORD02844,PROD0001,Skincare,Minimalist,1,1006,15,150.9,855.1,5
ITEM006308,ORD02503,PROD0016,Skincare,The Ordinary,1,1150,10,115,1035,4
ITEM006309,ORD02503,PROD0009,Skincare,NIVEA,1,720,0,0,720,3
ITEM006310,ORD02503,PROD0070,Fragrance,NIVEA,1,2241,20,448.2,1792.8,5
ITEM006311,ORD01985,PROD0056,Haircare,MAC,1,1009,10,100.9,908.1,5
ITEM006312,ORD02139,PROD0029,Makeup,Biotique,1,1007,20,201.4,805.6,4
ITEM006313,ORD01597,PROD0021,Skincare,Biotique,1,869,0,0,869,5
ITEM006314,ORD00752,PROD0078,Fragrance,Forest Essentials,1,1970,30,591,1379,1
ITEM006315,ORD00752,PROD0035,Makeup,Sugar Cosmetics,1,526,5,26.3,499.7,5
ITEM006316,ORD00579,PROD0111,Wellness,Maybelline,1,489,20,97.8,391.2,5
ITEM006317,ORD00579,PROD0021,Skincare,Biotique,1,869,15,130.35,738.65,5
ITEM006318,ORD00579,PROD0010,Skincare,The Ordinary,1,893,5,44.65,848.35,4
ITEM006319,ORD01364,PROD0014,Skincare,Sugar Cosmetics,3,1200,0,0,3600,5
ITEM006320,ORD01364,PROD0096,Men's Grooming,The Ordinary,1,520,30,156,364,2
ITEM006321,ORD01392,PROD0107,Wellness,Sugar Cosmetics,1,1156,15,173.4,982.6,2
ITEM006322,ORD00659,PROD0008,Skincare,Forest Essentials,1,317,0,0,317,5
ITEM006323,ORD00659,PROD0010,Skincare,The Ordinary,1,893,0,0,893,4
ITEM006324,ORD00659,PROD0060,Haircare,Plum,1,512,0,0,512,3
ITEM006325,ORD00659,PROD0025,Skincare,Forest Essentials,1,639,0,0,639,5
ITEM006326,ORD02168,PROD0099,Men's Grooming,Forest Essentials,3,554,5,83.1,1578.9,5
ITEM006327,ORD01339,PROD0077,Fragrance,Lakme,1,2406,30,721.8,1684.2,
ITEM006328,ORD00998,PROD0015,Skincare,Biotique,1,1295,10,129.5,1165.5,4
ITEM006329,ORD00607,PROD0067,Fragrance,Biotique,1,1488,30,446.4,1041.6,3
ITEM006330,ORD02618,PROD0028,Makeup,L'Oreal Paris,1,844,20,168.8,675.2,5
ITEM006331,ORD02618,PROD0037,Makeup,Mamaearth,1,209,0,0,209,5
ITEM006332,ORD04250,PROD0084,Bath & Body,Mamaearth,1,750,0,0,750,4
ITEM006333,ORD04250,PROD0087,Bath & Body,Dot & Key,1,222,10,22.2,199.8,5
ITEM006334,ORD03017,PROD0056,Haircare,MAC,1,1009,15,151.35,857.65,5
ITEM006335,ORD02371,PROD0072,Fragrance,The Ordinary,2,1765,0,0,3530,2
ITEM006336,ORD02371,PROD0033,Makeup,Mamaearth,3,2384,30,2145.6,5006.4,5
ITEM006337,ORD02371,PROD0102,Wellness,MAC,1,1278,0,0,1278,5
ITEM006338,ORD01663,PROD0112,Wellness,NIVEA,1,964,15,144.6,819.4,1
ITEM006339,ORD01663,PROD0043,Makeup,WOW Skin Science,1,1330,10,133,1197,4
ITEM006340,ORD01315,PROD0089,Bath & Body,Biotique,1,384,20,76.8,307.2,
ITEM006341,ORD01315,PROD0015,Skincare,Biotique,1,1295,5,64.75,1230.25,
ITEM006342,ORD00049,PROD0076,Fragrance,Dot & Key,1,552,20,110.4,441.6,
ITEM006343,ORD00049,PROD0083,Bath & Body,Minimalist,2,446,10,89.2,802.8,
ITEM006344,ORD00049,PROD0078,Fragrance,Forest Essentials,2,1970,5,197,3743,
ITEM006345,ORD03465,PROD0045,Makeup,WOW Skin Science,1,1690,0,0,1690,2
ITEM006346,ORD02385,PROD0066,Fragrance,Forest Essentials,1,2975,20,595,2380,4
ITEM006347,ORD00206,PROD0086,Bath & Body,Sugar Cosmetics,2,317,30,190.2,443.8,4
ITEM006348,ORD01308,PROD0018,Skincare,Dot & Key,2,1081,10,216.2,1945.8,5
ITEM006349,ORD03452,PROD0048,Haircare,Maybelline,3,775,5,116.25,2208.75,4
ITEM006350,ORD03452,PROD0069,Fragrance,Plum,1,1765,0,0,1765,5
ITEM006351,ORD02360,PROD0022,Skincare,MAC,1,1685,20,337,1348,3
ITEM006352,ORD01186,PROD0036,Makeup,Dot & Key,3,988,30,889.2,2074.8,5
ITEM006353,ORD03409,PROD0106,Wellness,Forest Essentials,1,762,10,76.2,685.8,2
ITEM006354,ORD03409,PROD0052,Haircare,Nykaa Cosmetics,3,915,10,274.5,2470.5,4
ITEM006355,ORD01017,PROD0057,Haircare,The Ordinary,1,735,15,110.25,624.75,
ITEM006356,ORD01017,PROD0021,Skincare,Biotique,2,869,0,0,1738,
ITEM006357,ORD01017,PROD0010,Skincare,The Ordinary,1,893,5,44.65,848.35,
ITEM006358,ORD01017,PROD0050,Haircare,Nykaa Cosmetics,3,762,0,0,2286,
ITEM006359,ORD03863,PROD0010,Skincare,The Ordinary,2,893,15,267.9,1518.1,5
ITEM006360,ORD00389,PROD0081,Bath & Body,L'Oreal Paris,2,767,20,306.8,1227.2,4
ITEM006361,ORD00389,PROD0016,Skincare,The Ordinary,2,1150,20,460,1840,5
ITEM006362,ORD00389,PROD0043,Makeup,WOW Skin Science,2,1330,5,133,2527,5
ITEM006363,ORD00389,PROD0034,Makeup,WOW Skin Science,1,2004,20,400.8,1603.2,5
ITEM006364,ORD00228,PROD0096,Men's Grooming,The Ordinary,1,520,0,0,520,
ITEM006365,ORD01518,PROD0092,Men's Grooming,Lakme,1,463,0,0,463,2
ITEM006366,ORD01518,PROD0104,Wellness,Nykaa Cosmetics,2,1259,5,125.9,2392.1,4
ITEM006367,ORD01890,PROD0103,Wellness,Forest Essentials,1,1146,10,114.6,1031.4,5
ITEM006368,ORD01890,PROD0045,Makeup,WOW Skin Science,1,1690,5,84.5,1605.5,4
ITEM006369,ORD00139,PROD0007,Skincare,Biotique,3,995,0,0,2985,
ITEM006370,ORD00139,PROD0058,Haircare,Mamaearth,1,841,20,168.2,672.8,
ITEM006371,ORD02061,PROD0084,Bath & Body,Mamaearth,1,750,5,37.5,712.5,3
ITEM006372,ORD02061,PROD0018,Skincare,Dot & Key,1,1081,0,0,1081,5
ITEM006373,ORD04542,PROD0082,Bath & Body,Sugar Cosmetics,1,621,30,186.3,434.7,
ITEM006374,ORD04244,PROD0006,Skincare,Nykaa Cosmetics,1,1639,0,0,1639,3
ITEM006375,ORD01027,PROD0043,Makeup,WOW Skin Science,1,1330,5,66.5,1263.5,5
ITEM006376,ORD00301,PROD0038,Makeup,The Ordinary,1,477,10,47.7,429.3,5
ITEM006377,ORD03380,PROD0002,Skincare,Dot & Key,1,483,10,48.3,434.7,5
ITEM006378,ORD01174,PROD0057,Haircare,The Ordinary,2,735,15,220.5,1249.5,5
ITEM006379,ORD01174,PROD0103,Wellness,Forest Essentials,3,1146,30,1031.4,2406.6,5
ITEM006380,ORD04407,PROD0083,Bath & Body,Minimalist,1,446,30,133.8,312.2,3
ITEM006381,ORD04407,PROD0067,Fragrance,Biotique,1,1488,20,297.6,1190.4,5
ITEM006382,ORD04407,PROD0081,Bath & Body,L'Oreal Paris,1,767,0,0,767,5
ITEM006383,ORD04407,PROD0027,Makeup,Mamaearth,3,1454,30,1308.6,3053.4,4
ITEM006384,ORD02550,PROD0077,Fragrance,Lakme,2,2406,30,1443.6,3368.4,5
ITEM006385,ORD02550,PROD0051,Haircare,WOW Skin Science,1,847,20,169.4,677.6,2
ITEM006386,ORD04857,PROD0048,Haircare,Maybelline,1,775,15,116.25,658.75,5
ITEM006387,ORD04857,PROD0063,Haircare,Mamaearth,1,1105,20,221,884,5
ITEM006388,ORD04857,PROD0014,Skincare,Sugar Cosmetics,2,1200,30,720,1680,5
ITEM006389,ORD04857,PROD0066,Fragrance,Forest Essentials,2,2975,30,1785,4165,4
ITEM006390,ORD03334,PROD0007,Skincare,Biotique,3,995,30,895.5,2089.5,1
ITEM006391,ORD04588,PROD0088,Bath & Body,Sugar Cosmetics,1,669,30,200.7,468.3,5
ITEM006392,ORD04629,PROD0053,Haircare,Forest Essentials,1,1102,15,165.3,936.7,4
ITEM006393,ORD04629,PROD0050,Haircare,Nykaa Cosmetics,1,762,10,76.2,685.8,5
ITEM006394,ORD04241,PROD0054,Haircare,Dot & Key,3,181,0,0,543,5
ITEM006395,ORD04241,PROD0106,Wellness,Forest Essentials,1,762,10,76.2,685.8,4
ITEM006396,ORD04241,PROD0040,Makeup,NIVEA,1,681,30,204.3,476.7,5
ITEM006397,ORD00470,PROD0064,Haircare,The Ordinary,1,642,20,128.4,513.6,4
ITEM006398,ORD00470,PROD0078,Fragrance,Forest Essentials,3,1970,0,0,5910,2
ITEM006399,ORD00470,PROD0077,Fragrance,Lakme,1,2406,0,0,2406,1
ITEM006400,ORD00470,PROD0025,Skincare,Forest Essentials,2,639,20,255.6,1022.4,4
ITEM006401,ORD03269,PROD0094,Men's Grooming,MAC,2,243,10,48.6,437.4,5
ITEM006402,ORD04306,PROD0038,Makeup,The Ordinary,1,477,20,95.4,381.6,4
ITEM006403,ORD04306,PROD0108,Wellness,The Ordinary,1,945,15,141.75,803.25,4
ITEM006404,ORD04306,PROD0082,Bath & Body,Sugar Cosmetics,2,621,0,0,1242,4
ITEM006405,ORD03056,PROD0104,Wellness,Nykaa Cosmetics,1,1259,0,0,1259,5
ITEM006406,ORD02179,PROD0101,Wellness,Mamaearth,1,930,15,139.5,790.5,
ITEM006407,ORD02179,PROD0041,Makeup,Mamaearth,1,1516,0,0,1516,
ITEM006408,ORD01981,PROD0067,Fragrance,Biotique,1,1488,0,0,1488,
ITEM006409,ORD01981,PROD0042,Makeup,Sugar Cosmetics,1,647,30,194.1,452.9,
ITEM006410,ORD01981,PROD0026,Makeup,Biotique,1,267,0,0,267,
ITEM006411,ORD02038,PROD0061,Haircare,L'Oreal Paris,1,466,0,0,466,1
ITEM006412,ORD04438,PROD0066,Fragrance,Forest Essentials,2,2975,30,1785,4165,5
ITEM006413,ORD04438,PROD0061,Haircare,L'Oreal Paris,1,466,5,23.3,442.7,5
ITEM006414,ORD04438,PROD0017,Skincare,WOW Skin Science,1,1699,10,169.9,1529.1,5
ITEM006415,ORD04125,PROD0030,Makeup,Nykaa Cosmetics,2,946,10,189.2,1702.8,5
ITEM006416,ORD04125,PROD0002,Skincare,Dot & Key,1,483,0,0,483,5
ITEM006417,ORD02090,PROD0030,Makeup,Nykaa Cosmetics,1,946,0,0,946,3
ITEM006418,ORD01194,PROD0026,Makeup,Biotique,1,267,0,0,267,5
ITEM006419,ORD04079,PROD0091,Men's Grooming,WOW Skin Science,1,530,20,106,424,5
ITEM006420,ORD04079,PROD0044,Makeup,Nykaa Cosmetics,2,701,0,0,1402,5
ITEM006421,ORD04079,PROD0047,Haircare,Biotique,1,665,10,66.5,598.5,5
ITEM006422,ORD04079,PROD0021,Skincare,Biotique,1,869,15,130.35,738.65,3
ITEM006423,ORD02152,PROD0009,Skincare,NIVEA,1,720,0,0,720,4
ITEM006424,ORD02152,PROD0065,Haircare,Forest Essentials,1,334,10,33.4,300.6,3
ITEM006425,ORD04987,PROD0034,Makeup,WOW Skin Science,2,2004,0,0,4008,
ITEM006426,ORD04987,PROD0010,Skincare,The Ordinary,1,893,15,133.95,759.05,
ITEM006427,ORD04987,PROD0093,Men's Grooming,Nykaa Cosmetics,1,245,0,0,245,
ITEM006428,ORD02729,PROD0005,Skincare,Biotique,2,893,10,178.6,1607.4,5
ITEM006429,ORD02729,PROD0109,Wellness,L'Oreal Paris,1,625,0,0,625,4
ITEM006430,ORD02610,PROD0092,Men's Grooming,Lakme,1,463,30,138.9,324.1,5
ITEM006431,ORD02610,PROD0081,Bath & Body,L'Oreal Paris,1,767,30,230.1,536.9,4
ITEM006432,ORD02610,PROD0080,Bath & Body,Lakme,2,152,5,15.2,288.8,4
ITEM006433,ORD00095,PROD0008,Skincare,Forest Essentials,1,317,10,31.7,285.3,3
ITEM006434,ORD00095,PROD0112,Wellness,NIVEA,1,964,15,144.6,819.4,5
ITEM006435,ORD00616,PROD0068,Fragrance,Minimalist,2,1193,10,238.6,2147.4,
ITEM006436,ORD00052,PROD0032,Makeup,Maybelline,1,2207,30,662.1,1544.9,4
ITEM006437,ORD03903,PROD0025,Skincare,Forest Essentials,1,639,15,95.85,543.15,2
ITEM006438,ORD00697,PROD0092,Men's Grooming,Lakme,1,463,5,23.15,439.85,4
ITEM006439,ORD00697,PROD0019,Skincare,The Ordinary,1,1588,5,79.4,1508.6,3
ITEM006440,ORD01649,PROD0069,Fragrance,Plum,1,1765,20,353,1412,5
ITEM006441,ORD01649,PROD0022,Skincare,MAC,1,1685,5,84.25,1600.75,5
ITEM006442,ORD01649,PROD0006,Skincare,Nykaa Cosmetics,1,1639,5,81.95,1557.05,5
ITEM006443,ORD00061,PROD0088,Bath & Body,Sugar Cosmetics,1,669,20,133.8,535.2,
ITEM006444,ORD01611,PROD0063,Haircare,Mamaearth,1,1105,15,165.75,939.25,4
ITEM006445,ORD01611,PROD0057,Haircare,The Ordinary,1,735,10,73.5,661.5,5
ITEM006446,ORD01723,PROD0048,Haircare,Maybelline,1,775,20,155,620,4
ITEM006447,ORD00332,PROD0036,Makeup,Dot & Key,1,988,0,0,988,4
ITEM006448,ORD00332,PROD0063,Haircare,Mamaearth,1,1105,0,0,1105,4
ITEM006449,ORD00332,PROD0024,Skincare,MAC,2,900,20,360,1440,4
ITEM006450,ORD00332,PROD0066,Fragrance,Forest Essentials,2,2975,20,1190,4760,1
ITEM006451,ORD04977,PROD0009,Skincare,NIVEA,3,720,0,0,2160,4
ITEM006452,ORD04977,PROD0067,Fragrance,Biotique,1,1488,0,0,1488,3
ITEM006453,ORD04977,PROD0106,Wellness,Forest Essentials,1,762,20,152.4,609.6,5
ITEM006454,ORD00981,PROD0039,Makeup,Nykaa Cosmetics,1,864,30,259.2,604.8,
ITEM006455,ORD00981,PROD0096,Men's Grooming,The Ordinary,1,520,0,0,520,
ITEM006456,ORD00981,PROD0015,Skincare,Biotique,1,1295,5,64.75,1230.25,
ITEM006457,ORD02725,PROD0087,Bath & Body,Dot & Key,1,222,0,0,222,1
ITEM006458,ORD02827,PROD0016,Skincare,The Ordinary,1,1150,15,172.5,977.5,4
ITEM006459,ORD01564,PROD0077,Fragrance,Lakme,2,2406,15,721.8,4090.2,
ITEM006460,ORD03470,PROD0098,Men's Grooming,The Ordinary,2,241,30,144.6,337.4,5
ITEM006461,ORD03801,PROD0052,Haircare,Nykaa Cosmetics,1,915,15,137.25,777.75,3
ITEM006462,ORD03801,PROD0053,Haircare,Forest Essentials,1,1102,15,165.3,936.7,4
ITEM006463,ORD01457,PROD0097,Men's Grooming,Maybelline,1,369,5,18.45,350.55,4
ITEM006464,ORD02631,PROD0043,Makeup,WOW Skin Science,2,1330,15,399,2261,5
ITEM006465,ORD02631,PROD0112,Wellness,NIVEA,1,964,10,96.4,867.6,1
ITEM006466,ORD01215,PROD0069,Fragrance,Plum,2,1765,15,529.5,3000.5,4
ITEM006467,ORD01215,PROD0099,Men's Grooming,Forest Essentials,1,554,15,83.1,470.9,4
ITEM006468,ORD01215,PROD0092,Men's Grooming,Lakme,1,463,5,23.15,439.85,3
ITEM006469,ORD01215,PROD0107,Wellness,Sugar Cosmetics,1,1156,15,173.4,982.6,5
ITEM006470,ORD03872,PROD0041,Makeup,Mamaearth,1,1516,5,75.8,1440.2,5
ITEM006471,ORD00679,PROD0031,Makeup,WOW Skin Science,1,1892,0,0,1892,5
ITEM006472,ORD03213,PROD0067,Fragrance,Biotique,1,1488,5,74.4,1413.6,4
ITEM006473,ORD03213,PROD0081,Bath & Body,L'Oreal Paris,2,767,20,306.8,1227.2,4
ITEM006474,ORD00453,PROD0007,Skincare,Biotique,1,995,0,0,995,5
ITEM006475,ORD00453,PROD0066,Fragrance,Forest Essentials,2,2975,10,595,5355,4
ITEM006476,ORD02249,PROD0079,Bath & Body,L'Oreal Paris,1,653,30,195.9,457.1,4
ITEM006477,ORD01803,PROD0066,Fragrance,Forest Essentials,2,2975,20,1190,4760,
ITEM006478,ORD02839,PROD0039,Makeup,Nykaa Cosmetics,1,864,15,129.6,734.4,4
ITEM006479,ORD02839,PROD0094,Men's Grooming,MAC,1,243,15,36.45,206.55,3
ITEM006480,ORD02086,PROD0083,Bath & Body,Minimalist,2,446,30,267.6,624.4,5
ITEM006481,ORD01929,PROD0034,Makeup,WOW Skin Science,1,2004,20,400.8,1603.2,5
ITEM006482,ORD01929,PROD0022,Skincare,MAC,1,1685,0,0,1685,4
ITEM006483,ORD00066,PROD0045,Makeup,WOW Skin Science,1,1690,15,253.5,1436.5,4
ITEM006484,ORD00897,PROD0088,Bath & Body,Sugar Cosmetics,2,669,15,200.7,1137.3,3
ITEM006485,ORD00897,PROD0060,Haircare,Plum,1,512,15,76.8,435.2,2
ITEM006486,ORD03712,PROD0064,Haircare,The Ordinary,1,642,0,0,642,5
ITEM006487,ORD02266,PROD0006,Skincare,Nykaa Cosmetics,2,1639,30,983.4,2294.6,5
ITEM006488,ORD02266,PROD0091,Men's Grooming,WOW Skin Science,1,530,0,0,530,4
ITEM006489,ORD00888,PROD0037,Makeup,Mamaearth,1,209,30,62.7,146.3,5
ITEM006490,ORD00888,PROD0097,Men's Grooming,Maybelline,1,369,10,36.9,332.1,4
ITEM006491,ORD03789,PROD0071,Fragrance,Maybelline,1,1416,5,70.8,1345.2,4
ITEM006492,ORD02500,PROD0067,Fragrance,Biotique,1,1488,30,446.4,1041.6,4
ITEM006493,ORD04679,PROD0006,Skincare,Nykaa Cosmetics,2,1639,20,655.6,2622.4,5
ITEM006494,ORD04912,PROD0049,Haircare,Forest Essentials,1,718,0,0,718,4
ITEM006495,ORD04912,PROD0048,Haircare,Maybelline,1,775,30,232.5,542.5,5
ITEM006496,ORD04912,PROD0095,Men's Grooming,The Ordinary,1,269,20,53.8,215.2,5
ITEM006497,ORD03176,PROD0022,Skincare,MAC,1,1685,30,505.5,1179.5,5
ITEM006498,ORD03176,PROD0108,Wellness,The Ordinary,1,945,0,0,945,5
ITEM006499,ORD03176,PROD0080,Bath & Body,Lakme,1,152,0,0,152,4
ITEM006500,ORD03739,PROD0049,Haircare,Forest Essentials,3,718,5,107.7,2046.3,5
ITEM006501,ORD03739,PROD0062,Haircare,WOW Skin Science,2,769,5,76.9,1461.1,5
ITEM006502,ORD03739,PROD0077,Fragrance,Lakme,2,2406,5,240.6,4571.4,4
ITEM006503,ORD03204,PROD0105,Wellness,Minimalist,1,1068,0,0,1068,
ITEM006504,ORD04889,PROD0089,Bath & Body,Biotique,1,384,10,38.4,345.6,
ITEM006505,ORD04889,PROD0101,Wellness,Mamaearth,2,930,0,0,1860,
ITEM006506,ORD04889,PROD0095,Men's Grooming,The Ordinary,1,269,15,40.35,228.65,
ITEM006507,ORD00395,PROD0026,Makeup,Biotique,1,267,30,80.1,186.9,4
ITEM006508,ORD02984,PROD0080,Bath & Body,Lakme,1,152,15,22.8,129.2,4
ITEM006509,ORD02984,PROD0059,Haircare,Minimalist,1,503,10,50.3,452.7,4
ITEM006510,ORD02984,PROD0041,Makeup,Mamaearth,3,1516,30,1364.4,3183.6,4
ITEM006511,ORD01327,PROD0005,Skincare,Biotique,3,893,0,0,2679,5
ITEM006512,ORD02545,PROD0102,Wellness,MAC,1,1278,0,0,1278,5
ITEM006513,ORD00556,PROD0101,Wellness,Mamaearth,1,930,5,46.5,883.5,3
ITEM006514,ORD02679,PROD0008,Skincare,Forest Essentials,2,317,0,0,634,4
ITEM006515,ORD03486,PROD0109,Wellness,L'Oreal Paris,1,625,5,31.25,593.75,5
ITEM006516,ORD02215,PROD0036,Makeup,Dot & Key,1,988,30,296.4,691.6,5
ITEM006517,ORD02215,PROD0068,Fragrance,Minimalist,1,1193,0,0,1193,4
ITEM006518,ORD03925,PROD0112,Wellness,NIVEA,1,964,30,289.2,674.8,4
ITEM006519,ORD03925,PROD0048,Haircare,Maybelline,2,775,10,155,1395,5
ITEM006520,ORD01413,PROD0015,Skincare,Biotique,1,1295,0,0,1295,5
ITEM006521,ORD01413,PROD0086,Bath & Body,Sugar Cosmetics,1,317,10,31.7,285.3,5
ITEM006522,ORD01413,PROD0097,Men's Grooming,Maybelline,1,369,0,0,369,5
ITEM006523,ORD03170,PROD0040,Makeup,NIVEA,1,681,10,68.1,612.9,5
ITEM006524,ORD03170,PROD0102,Wellness,MAC,1,1278,30,383.4,894.6,1
ITEM006525,ORD02353,PROD0031,Makeup,WOW Skin Science,1,1892,0,0,1892,3
ITEM006526,ORD00412,PROD0070,Fragrance,NIVEA,3,2241,0,0,6723,4
ITEM006527,ORD00412,PROD0004,Skincare,Dot & Key,3,1072,5,160.8,3055.2,4
ITEM006528,ORD00658,PROD0039,Makeup,Nykaa Cosmetics,1,864,30,259.2,604.8,2
ITEM006529,ORD00658,PROD0067,Fragrance,Biotique,1,1488,10,148.8,1339.2,4
ITEM006530,ORD00658,PROD0016,Skincare,The Ordinary,2,1150,5,115,2185,4
ITEM006531,ORD00081,PROD0111,Wellness,Maybelline,3,489,0,0,1467,5
ITEM006532,ORD02066,PROD0022,Skincare,MAC,1,1685,10,168.5,1516.5,5
ITEM006533,ORD01995,PROD0103,Wellness,Forest Essentials,2,1146,10,229.2,2062.8,
ITEM006534,ORD01078,PROD0032,Makeup,Maybelline,1,2207,5,110.35,2096.65,5
ITEM006535,ORD01078,PROD0042,Makeup,Sugar Cosmetics,2,647,10,129.4,1164.6,5
ITEM006536,ORD01078,PROD0049,Haircare,Forest Essentials,2,718,15,215.4,1220.6,1
ITEM006537,ORD02963,PROD0066,Fragrance,Forest Essentials,1,2975,0,0,2975,5
ITEM006538,ORD02789,PROD0086,Bath & Body,Sugar Cosmetics,1,317,5,15.85,301.15,
ITEM006539,ORD02696,PROD0066,Fragrance,Forest Essentials,1,2975,30,892.5,2082.5,4
ITEM006540,ORD02696,PROD0082,Bath & Body,Sugar Cosmetics,1,621,10,62.1,558.9,5
ITEM006541,ORD02696,PROD0027,Makeup,Mamaearth,1,1454,5,72.7,1381.3,3
ITEM006542,ORD02696,PROD0054,Haircare,Dot & Key,1,181,30,54.3,126.7,5
ITEM006543,ORD00603,PROD0056,Haircare,MAC,1,1009,10,100.9,908.1,4
ITEM006544,ORD00603,PROD0097,Men's Grooming,Maybelline,1,369,10,36.9,332.1,5
ITEM006545,ORD04475,PROD0061,Haircare,L'Oreal Paris,1,466,20,93.2,372.8,2
ITEM006546,ORD04475,PROD0029,Makeup,Biotique,1,1007,10,100.7,906.3,5
ITEM006547,ORD04475,PROD0095,Men's Grooming,The Ordinary,3,269,20,161.4,645.6,4
ITEM006548,ORD04475,PROD0096,Men's Grooming,The Ordinary,1,520,5,26,494,5
ITEM006549,ORD01819,PROD0039,Makeup,Nykaa Cosmetics,1,864,0,0,864,5
ITEM006550,ORD01979,PROD0077,Fragrance,Lakme,2,2406,30,1443.6,3368.4,1
ITEM006551,ORD01979,PROD0026,Makeup,Biotique,2,267,0,0,534,5
ITEM006552,ORD01979,PROD0081,Bath & Body,L'Oreal Paris,2,767,0,0,1534,2
ITEM006553,ORD03400,PROD0017,Skincare,WOW Skin Science,2,1699,0,0,3398,
ITEM006554,ORD00575,PROD0083,Bath & Body,Minimalist,1,446,30,133.8,312.2,
ITEM006555,ORD00575,PROD0072,Fragrance,The Ordinary,1,1765,15,264.75,1500.25,
ITEM006556,ORD00575,PROD0015,Skincare,Biotique,1,1295,20,259,1036,
ITEM006557,ORD02361,PROD0065,Haircare,Forest Essentials,1,334,5,16.7,317.3,
ITEM006558,ORD02361,PROD0028,Makeup,L'Oreal Paris,1,844,5,42.2,801.8,
ITEM006559,ORD02361,PROD0045,Makeup,WOW Skin Science,1,1690,15,253.5,1436.5,
ITEM006560,ORD02361,PROD0003,Skincare,MAC,1,1606,15,240.9,1365.1,
ITEM006561,ORD01280,PROD0057,Haircare,The Ordinary,1,735,0,0,735,4
ITEM006562,ORD01280,PROD0089,Bath & Body,Biotique,1,384,20,76.8,307.2,5
ITEM006563,ORD03315,PROD0112,Wellness,NIVEA,1,964,5,48.2,915.8,
ITEM006564,ORD00895,PROD0002,Skincare,Dot & Key,1,483,0,0,483,4
ITEM006565,ORD00895,PROD0009,Skincare,NIVEA,1,720,15,108,612,4
ITEM006566,ORD04458,PROD0045,Makeup,WOW Skin Science,1,1690,20,338,1352,3
ITEM006567,ORD00297,PROD0053,Haircare,Forest Essentials,1,1102,15,165.3,936.7,5
ITEM006568,ORD00809,PROD0010,Skincare,The Ordinary,1,893,20,178.6,714.4,
ITEM006569,ORD00809,PROD0011,Skincare,Lakme,1,1528,10,152.8,1375.2,
ITEM006570,ORD00809,PROD0087,Bath & Body,Dot & Key,1,222,15,33.3,188.7,
ITEM006571,ORD02471,PROD0085,Bath & Body,Sugar Cosmetics,2,329,5,32.9,625.1,3
ITEM006572,ORD02471,PROD0026,Makeup,Biotique,1,267,0,0,267,4
ITEM006573,ORD02471,PROD0069,Fragrance,Plum,2,1765,0,0,3530,5
ITEM006574,ORD01005,PROD0074,Fragrance,NIVEA,1,752,20,150.4,601.6,5
ITEM006575,ORD01005,PROD0023,Skincare,Biotique,1,1629,10,162.9,1466.1,5
ITEM006576,ORD01005,PROD0037,Makeup,Mamaearth,1,209,30,62.7,146.3,5
ITEM006577,ORD03317,PROD0035,Makeup,Sugar Cosmetics,1,526,5,26.3,499.7,4
ITEM006578,ORD03317,PROD0005,Skincare,Biotique,2,893,10,178.6,1607.4,4
ITEM006579,ORD01846,PROD0088,Bath & Body,Sugar Cosmetics,1,669,20,133.8,535.2,
ITEM006580,ORD02082,PROD0106,Wellness,Forest Essentials,1,762,20,152.4,609.6,4
ITEM006581,ORD02082,PROD0097,Men's Grooming,Maybelline,1,369,20,73.8,295.2,3
ITEM006582,ORD04644,PROD0063,Haircare,Mamaearth,1,1105,15,165.75,939.25,5
ITEM006583,ORD04644,PROD0108,Wellness,The Ordinary,1,945,10,94.5,850.5,5
ITEM006584,ORD01624,PROD0052,Haircare,Nykaa Cosmetics,1,915,10,91.5,823.5,5
ITEM006585,ORD01624,PROD0066,Fragrance,Forest Essentials,2,2975,20,1190,4760,4
ITEM006586,ORD02580,PROD0099,Men's Grooming,Forest Essentials,1,554,30,166.2,387.8,5
ITEM006587,ORD02538,PROD0021,Skincare,Biotique,2,869,0,0,1738,5
ITEM006588,ORD01965,PROD0047,Haircare,Biotique,2,665,15,199.5,1130.5,4
ITEM006589,ORD01965,PROD0067,Fragrance,Biotique,3,1488,0,0,4464,5
ITEM006590,ORD03572,PROD0003,Skincare,MAC,1,1606,15,240.9,1365.1,4
ITEM006591,ORD03572,PROD0031,Makeup,WOW Skin Science,2,1892,10,378.4,3405.6,5
ITEM006592,ORD03549,PROD0052,Haircare,Nykaa Cosmetics,1,915,20,183,732,
ITEM006593,ORD03681,PROD0074,Fragrance,NIVEA,2,752,5,75.2,1428.8,5
ITEM006594,ORD03983,PROD0042,Makeup,Sugar Cosmetics,1,647,30,194.1,452.9,5
ITEM006595,ORD03983,PROD0095,Men's Grooming,The Ordinary,1,269,20,53.8,215.2,5
ITEM006596,ORD03983,PROD0085,Bath & Body,Sugar Cosmetics,2,329,30,197.4,460.6,4
ITEM006597,ORD02437,PROD0061,Haircare,L'Oreal Paris,3,466,10,139.8,1258.2,4
ITEM006598,ORD04880,PROD0071,Fragrance,Maybelline,1,1416,5,70.8,1345.2,4
ITEM006599,ORD04880,PROD0097,Men's Grooming,Maybelline,3,369,5,55.35,1051.65,2
ITEM006600,ORD04113,PROD0109,Wellness,L'Oreal Paris,2,625,15,187.5,1062.5,
ITEM006601,ORD03677,PROD0076,Fragrance,Dot & Key,1,552,20,110.4,441.6,2
ITEM006602,ORD02456,PROD0081,Bath & Body,L'Oreal Paris,1,767,30,230.1,536.9,
ITEM006603,ORD02456,PROD0032,Makeup,Maybelline,2,2207,10,441.4,3972.6,
ITEM006604,ORD02456,PROD0087,Bath & Body,Dot & Key,2,222,30,133.2,310.8,
ITEM006605,ORD02456,PROD0034,Makeup,WOW Skin Science,3,2004,5,300.6,5711.4,
ITEM006606,ORD03926,PROD0075,Fragrance,Forest Essentials,2,1648,15,494.4,2801.6,5
ITEM006607,ORD03926,PROD0036,Makeup,Dot & Key,1,988,15,148.2,839.8,5
ITEM006608,ORD01073,PROD0041,Makeup,Mamaearth,2,1516,20,606.4,2425.6,5
ITEM006609,ORD01073,PROD0111,Wellness,Maybelline,1,489,0,0,489,5
ITEM006610,ORD00452,PROD0048,Haircare,Maybelline,3,775,10,232.5,2092.5,5
ITEM006611,ORD03484,PROD0001,Skincare,Minimalist,1,1006,10,100.6,905.4,5
ITEM006612,ORD03484,PROD0088,Bath & Body,Sugar Cosmetics,1,669,10,66.9,602.1,5
ITEM006613,ORD01200,PROD0022,Skincare,MAC,1,1685,15,252.75,1432.25,
ITEM006614,ORD01200,PROD0065,Haircare,Forest Essentials,1,334,30,100.2,233.8,
ITEM006615,ORD01534,PROD0041,Makeup,Mamaearth,1,1516,15,227.4,1288.6,
ITEM006616,ORD04208,PROD0031,Makeup,WOW Skin Science,2,1892,10,378.4,3405.6,3
ITEM006617,ORD04208,PROD0013,Skincare,Nykaa Cosmetics,2,716,20,286.4,1145.6,5
ITEM006618,ORD02972,PROD0040,Makeup,NIVEA,1,681,0,0,681,4
ITEM006619,ORD02972,PROD0012,Skincare,Minimalist,1,428,0,0,428,5
ITEM006620,ORD03358,PROD0005,Skincare,Biotique,2,893,30,535.8,1250.2,5
ITEM006621,ORD03319,PROD0039,Makeup,Nykaa Cosmetics,1,864,30,259.2,604.8,
ITEM006622,ORD03319,PROD0022,Skincare,MAC,3,1685,0,0,5055,
ITEM006623,ORD03463,PROD0043,Makeup,WOW Skin Science,1,1330,5,66.5,1263.5,
ITEM006624,ORD03463,PROD0049,Haircare,Forest Essentials,1,718,0,0,718,
ITEM006625,ORD04573,PROD0075,Fragrance,Forest Essentials,1,1648,30,494.4,1153.6,5
ITEM006626,ORD00966,PROD0061,Haircare,L'Oreal Paris,2,466,5,46.6,885.4,
ITEM006627,ORD02257,PROD0008,Skincare,Forest Essentials,1,317,15,47.55,269.45,4
ITEM006628,ORD02257,PROD0067,Fragrance,Biotique,2,1488,10,297.6,2678.4,5
ITEM006629,ORD02469,PROD0008,Skincare,Forest Essentials,1,317,10,31.7,285.3,5
ITEM006630,ORD00652,PROD0095,Men's Grooming,The Ordinary,1,269,0,0,269,5
ITEM006631,ORD00652,PROD0016,Skincare,The Ordinary,1,1150,0,0,1150,4
ITEM006632,ORD01169,PROD0071,Fragrance,Maybelline,2,1416,10,283.2,2548.8,5
ITEM006633,ORD01169,PROD0106,Wellness,Forest Essentials,2,762,30,457.2,1066.8,2
ITEM006634,ORD03455,PROD0031,Makeup,WOW Skin Science,3,1892,5,283.8,5392.2,4
ITEM006635,ORD04934,PROD0106,Wellness,Forest Essentials,3,762,0,0,2286,5
ITEM006636,ORD02755,PROD0103,Wellness,Forest Essentials,1,1146,10,114.6,1031.4,5
ITEM006637,ORD03509,PROD0101,Wellness,Mamaearth,1,930,20,186,744,
ITEM006638,ORD03117,PROD0023,Skincare,Biotique,1,1629,15,244.35,1384.65,2
ITEM006639,ORD04289,PROD0053,Haircare,Forest Essentials,1,1102,15,165.3,936.7,2
ITEM006640,ORD02449,PROD0045,Makeup,WOW Skin Science,1,1690,10,169,1521,4
ITEM006641,ORD00187,PROD0064,Haircare,The Ordinary,1,642,30,192.6,449.4,5
ITEM006642,ORD04896,PROD0020,Skincare,Maybelline,2,1237,0,0,2474,4
ITEM006643,ORD04896,PROD0102,Wellness,MAC,1,1278,0,0,1278,2
ITEM006644,ORD04896,PROD0088,Bath & Body,Sugar Cosmetics,2,669,0,0,1338,3
ITEM006645,ORD04293,PROD0083,Bath & Body,Minimalist,2,446,0,0,892,4
ITEM006646,ORD02840,PROD0011,Skincare,Lakme,1,1528,0,0,1528,5
ITEM006647,ORD02840,PROD0098,Men's Grooming,The Ordinary,1,241,30,72.3,168.7,5
ITEM006648,ORD01079,PROD0049,Haircare,Forest Essentials,1,718,0,0,718,4
ITEM006649,ORD01079,PROD0099,Men's Grooming,Forest Essentials,1,554,0,0,554,3
ITEM006650,ORD02637,PROD0088,Bath & Body,Sugar Cosmetics,1,669,10,66.9,602.1,5
ITEM006651,ORD02637,PROD0038,Makeup,The Ordinary,2,477,30,286.2,667.8,5
ITEM006652,ORD02637,PROD0001,Skincare,Minimalist,1,1006,0,0,1006,4
ITEM006653,ORD03652,PROD0097,Men's Grooming,Maybelline,1,369,10,36.9,332.1,4
ITEM006654,ORD03652,PROD0014,Skincare,Sugar Cosmetics,1,1200,0,0,1200,5
ITEM006655,ORD03652,PROD0069,Fragrance,Plum,1,1765,0,0,1765,4
ITEM006656,ORD03652,PROD0051,Haircare,WOW Skin Science,1,847,5,42.35,804.65,1
ITEM006657,ORD00611,PROD0013,Skincare,Nykaa Cosmetics,2,716,20,286.4,1145.6,5
ITEM006658,ORD01220,PROD0051,Haircare,WOW Skin Science,2,847,20,338.8,1355.2,3
ITEM006659,ORD01220,PROD0083,Bath & Body,Minimalist,1,446,30,133.8,312.2,5
ITEM006660,ORD02352,PROD0063,Haircare,Mamaearth,1,1105,0,0,1105,4
ITEM006661,ORD03586,PROD0003,Skincare,MAC,1,1606,10,160.6,1445.4,4
ITEM006662,ORD03586,PROD0027,Makeup,Mamaearth,2,1454,15,436.2,2471.8,2
ITEM006663,ORD03909,PROD0081,Bath & Body,L'Oreal Paris,1,767,15,115.05,651.95,5
ITEM006664,ORD04875,PROD0031,Makeup,WOW Skin Science,2,1892,10,378.4,3405.6,
ITEM006665,ORD04875,PROD0041,Makeup,Mamaearth,1,1516,20,303.2,1212.8,
ITEM006666,ORD04501,PROD0110,Wellness,Nykaa Cosmetics,1,1400,0,0,1400,3
ITEM006667,ORD04501,PROD0100,Men's Grooming,Minimalist,2,156,20,62.4,249.6,3
ITEM006668,ORD04501,PROD0021,Skincare,Biotique,3,869,5,130.35,2476.65,5
ITEM006669,ORD04501,PROD0097,Men's Grooming,Maybelline,1,369,5,18.45,350.55,5
ITEM006670,ORD00003,PROD0058,Haircare,Mamaearth,2,841,0,0,1682,
ITEM006671,ORD00311,PROD0029,Makeup,Biotique,1,1007,20,201.4,805.6,4
ITEM006672,ORD04340,PROD0045,Makeup,WOW Skin Science,2,1690,0,0,3380,4
ITEM006673,ORD04340,PROD0081,Bath & Body,L'Oreal Paris,1,767,20,153.4,613.6,5
ITEM006674,ORD00618,PROD0062,Haircare,WOW Skin Science,3,769,20,461.4,1845.6,3
ITEM006675,ORD00618,PROD0077,Fragrance,Lakme,1,2406,30,721.8,1684.2,5
ITEM006676,ORD00618,PROD0099,Men's Grooming,Forest Essentials,1,554,15,83.1,470.9,5
ITEM006677,ORD00618,PROD0100,Men's Grooming,Minimalist,1,156,5,7.8,148.2,5
ITEM006678,ORD04040,PROD0002,Skincare,Dot & Key,3,483,0,0,1449,2
ITEM006679,ORD01721,PROD0023,Skincare,Biotique,1,1629,20,325.8,1303.2,
ITEM006680,ORD02312,PROD0059,Haircare,Minimalist,1,503,5,25.15,477.85,
ITEM006681,ORD00410,PROD0019,Skincare,The Ordinary,1,1588,0,0,1588,5
ITEM006682,ORD00410,PROD0039,Makeup,Nykaa Cosmetics,2,864,5,86.4,1641.6,2
ITEM006683,ORD00410,PROD0068,Fragrance,Minimalist,2,1193,0,0,2386,3
ITEM006684,ORD02182,PROD0102,Wellness,MAC,2,1278,5,127.8,2428.2,
ITEM006685,ORD02182,PROD0045,Makeup,WOW Skin Science,2,1690,30,1014,2366,
ITEM006686,ORD02182,PROD0088,Bath & Body,Sugar Cosmetics,1,669,20,133.8,535.2,
ITEM006687,ORD02793,PROD0088,Bath & Body,Sugar Cosmetics,1,669,20,133.8,535.2,4
ITEM006688,ORD01648,PROD0074,Fragrance,NIVEA,1,752,20,150.4,601.6,1
ITEM006689,ORD03762,PROD0005,Skincare,Biotique,1,893,0,0,893,4
ITEM006690,ORD03762,PROD0076,Fragrance,Dot & Key,1,552,15,82.8,469.2,4
ITEM006691,ORD03762,PROD0097,Men's Grooming,Maybelline,1,369,0,0,369,3
ITEM006692,ORD03762,PROD0046,Makeup,The Ordinary,1,532,0,0,532,5
ITEM006693,ORD01307,PROD0109,Wellness,L'Oreal Paris,1,625,15,93.75,531.25,4
ITEM006694,ORD01307,PROD0097,Men's Grooming,Maybelline,1,369,5,18.45,350.55,4
ITEM006695,ORD01010,PROD0066,Fragrance,Forest Essentials,1,2975,0,0,2975,4
ITEM006696,ORD01010,PROD0105,Wellness,Minimalist,1,1068,0,0,1068,4
ITEM006697,ORD00557,PROD0062,Haircare,WOW Skin Science,1,769,30,230.7,538.3,3
ITEM006698,ORD00557,PROD0004,Skincare,Dot & Key,1,1072,0,0,1072,4
ITEM006699,ORD01595,PROD0040,Makeup,NIVEA,1,681,0,0,681,3
ITEM006700,ORD04516,PROD0003,Skincare,MAC,1,1606,0,0,1606,4
ITEM006701,ORD04516,PROD0023,Skincare,Biotique,2,1629,0,0,3258,5
ITEM006702,ORD04516,PROD0093,Men's Grooming,Nykaa Cosmetics,1,245,10,24.5,220.5,4
ITEM006703,ORD04646,PROD0099,Men's Grooming,Forest Essentials,1,554,5,27.7,526.3,5
ITEM006704,ORD04646,PROD0012,Skincare,Minimalist,1,428,5,21.4,406.6,5
ITEM006705,ORD04646,PROD0039,Makeup,Nykaa Cosmetics,1,864,15,129.6,734.4,5
ITEM006706,ORD04646,PROD0108,Wellness,The Ordinary,1,945,10,94.5,850.5,5
ITEM006707,ORD04353,PROD0094,Men's Grooming,MAC,1,243,20,48.6,194.4,
ITEM006708,ORD04353,PROD0106,Wellness,Forest Essentials,3,762,5,114.3,2171.7,
ITEM006709,ORD04353,PROD0096,Men's Grooming,The Ordinary,1,520,15,78,442,
ITEM006710,ORD00289,PROD0017,Skincare,WOW Skin Science,1,1699,20,339.8,1359.2,3
ITEM006711,ORD00289,PROD0044,Makeup,Nykaa Cosmetics,1,701,15,105.15,595.85,5
ITEM006712,ORD00289,PROD0081,Bath & Body,L'Oreal Paris,2,767,20,306.8,1227.2,2
ITEM006713,ORD01963,PROD0039,Makeup,Nykaa Cosmetics,1,864,5,43.2,820.8,5
ITEM006714,ORD01963,PROD0050,Haircare,Nykaa Cosmetics,1,762,0,0,762,4
ITEM006715,ORD04111,PROD0002,Skincare,Dot & Key,1,483,10,48.3,434.7,5
ITEM006716,ORD04006,PROD0054,Haircare,Dot & Key,1,181,20,36.2,144.8,3
ITEM006717,ORD04006,PROD0016,Skincare,The Ordinary,3,1150,10,345,3105,3
ITEM006718,ORD04006,PROD0044,Makeup,Nykaa Cosmetics,1,701,15,105.15,595.85,4
ITEM006719,ORD04006,PROD0070,Fragrance,NIVEA,1,2241,15,336.15,1904.85,3
ITEM006720,ORD04546,PROD0047,Haircare,Biotique,1,665,30,199.5,465.5,1
ITEM006721,ORD04546,PROD0022,Skincare,MAC,1,1685,20,337,1348,4
ITEM006722,ORD00555,PROD0073,Fragrance,Biotique,1,2226,0,0,2226,3
ITEM006723,ORD00555,PROD0104,Wellness,Nykaa Cosmetics,2,1259,20,503.6,2014.4,3
ITEM006724,ORD00555,PROD0091,Men's Grooming,WOW Skin Science,1,530,0,0,530,3
ITEM006725,ORD01404,PROD0104,Wellness,Nykaa Cosmetics,1,1259,30,377.7,881.3,
ITEM006726,ORD04483,PROD0076,Fragrance,Dot & Key,2,552,0,0,1104,
ITEM006727,ORD04483,PROD0074,Fragrance,NIVEA,1,752,5,37.6,714.4,
ITEM006728,ORD04483,PROD0064,Haircare,The Ordinary,1,642,0,0,642,
ITEM006729,ORD01577,PROD0045,Makeup,WOW Skin Science,1,1690,0,0,1690,
ITEM006730,ORD01577,PROD0095,Men's Grooming,The Ordinary,1,269,15,40.35,228.65,
ITEM006731,ORD03993,PROD0109,Wellness,L'Oreal Paris,2,625,10,125,1125,5
ITEM006732,ORD03993,PROD0073,Fragrance,Biotique,1,2226,0,0,2226,4
ITEM006733,ORD03993,PROD0045,Makeup,WOW Skin Science,2,1690,10,338,3042,4
ITEM006734,ORD01854,PROD0035,Makeup,Sugar Cosmetics,2,526,0,0,1052,3
ITEM006735,ORD01854,PROD0090,Men's Grooming,NIVEA,1,842,15,126.3,715.7,5
ITEM006736,ORD04688,PROD0030,Makeup,Nykaa Cosmetics,1,946,15,141.9,804.1,
ITEM006737,ORD04688,PROD0014,Skincare,Sugar Cosmetics,1,1200,0,0,1200,
ITEM006738,ORD00877,PROD0055,Haircare,Minimalist,2,967,5,96.7,1837.3,5
ITEM006739,ORD00877,PROD0067,Fragrance,Biotique,1,1488,5,74.4,1413.6,5
ITEM006740,ORD01049,PROD0073,Fragrance,Biotique,1,2226,20,445.2,1780.8,5
ITEM006741,ORD00589,PROD0086,Bath & Body,Sugar Cosmetics,3,317,30,285.3,665.7,5
ITEM006742,ORD02742,PROD0070,Fragrance,NIVEA,3,2241,30,2016.9,4706.1,4
ITEM006743,ORD03022,PROD0065,Haircare,Forest Essentials,1,334,10,33.4,300.6,
ITEM006744,ORD03022,PROD0038,Makeup,The Ordinary,2,477,20,190.8,763.2,
ITEM006745,ORD01014,PROD0067,Fragrance,Biotique,2,1488,0,0,2976,
ITEM006746,ORD00390,PROD0075,Fragrance,Forest Essentials,2,1648,10,329.6,2966.4,5
ITEM006747,ORD00048,PROD0096,Men's Grooming,The Ordinary,3,520,0,0,1560,5
ITEM006748,ORD02246,PROD0107,Wellness,Sugar Cosmetics,1,1156,10,115.6,1040.4,4
ITEM006749,ORD02246,PROD0058,Haircare,Mamaearth,1,841,30,252.3,588.7,2
ITEM006750,ORD02087,PROD0066,Fragrance,Forest Essentials,1,2975,0,0,2975,3
ITEM006751,ORD04769,PROD0028,Makeup,L'Oreal Paris,1,844,30,253.2,590.8,4
ITEM006752,ORD03271,PROD0018,Skincare,Dot & Key,1,1081,15,162.15,918.85,3
ITEM006753,ORD03271,PROD0081,Bath & Body,L'Oreal Paris,1,767,20,153.4,613.6,5
ITEM006754,ORD01689,PROD0028,Makeup,L'Oreal Paris,1,844,15,126.6,717.4,
ITEM006755,ORD01689,PROD0111,Wellness,Maybelline,1,489,15,73.35,415.65,
ITEM006756,ORD01689,PROD0050,Haircare,Nykaa Cosmetics,2,762,0,0,1524,
ITEM006757,ORD01689,PROD0005,Skincare,Biotique,1,893,20,178.6,714.4,
ITEM006758,ORD00626,PROD0021,Skincare,Biotique,1,869,0,0,869,4
ITEM006759,ORD04963,PROD0102,Wellness,MAC,3,1278,15,575.1,3258.9,4
ITEM006760,ORD00059,PROD0066,Fragrance,Forest Essentials,1,2975,5,148.75,2826.25,3
ITEM006761,ORD00059,PROD0072,Fragrance,The Ordinary,1,1765,20,353,1412,5
ITEM006762,ORD00059,PROD0082,Bath & Body,Sugar Cosmetics,1,621,5,31.05,589.95,5
ITEM006763,ORD00059,PROD0048,Haircare,Maybelline,3,775,15,348.75,1976.25,5
ITEM006764,ORD01486,PROD0078,Fragrance,Forest Essentials,2,1970,10,394,3546,4
ITEM006765,ORD01486,PROD0026,Makeup,Biotique,1,267,10,26.7,240.3,5
ITEM006766,ORD04994,PROD0090,Men's Grooming,NIVEA,3,842,10,252.6,2273.4,
ITEM006767,ORD04994,PROD0065,Haircare,Forest Essentials,1,334,20,66.8,267.2,
ITEM006768,ORD00432,PROD0068,Fragrance,Minimalist,1,1193,15,178.95,1014.05,
ITEM006769,ORD00432,PROD0036,Makeup,Dot & Key,1,988,30,296.4,691.6,
ITEM006770,ORD04276,PROD0008,Skincare,Forest Essentials,3,317,15,142.65,808.35,
ITEM006771,ORD04276,PROD0006,Skincare,Nykaa Cosmetics,1,1639,15,245.85,1393.15,
ITEM006772,ORD04961,PROD0106,Wellness,Forest Essentials,1,762,5,38.1,723.9,1
ITEM006773,ORD00958,PROD0084,Bath & Body,Mamaearth,1,750,20,150,600,3
ITEM006774,ORD00345,PROD0089,Bath & Body,Biotique,1,384,0,0,384,
ITEM006775,ORD02957,PROD0060,Haircare,Plum,3,512,5,76.8,1459.2,5
ITEM006776,ORD02957,PROD0095,Men's Grooming,The Ordinary,1,269,10,26.9,242.1,3
ITEM006777,ORD04547,PROD0004,Skincare,Dot & Key,2,1072,10,214.4,1929.6,5
ITEM006778,ORD02865,PROD0023,Skincare,Biotique,2,1629,5,162.9,3095.1,
ITEM006779,ORD02865,PROD0001,Skincare,Minimalist,1,1006,20,201.2,804.8,
ITEM006780,ORD02865,PROD0028,Makeup,L'Oreal Paris,1,844,0,0,844,
ITEM006781,ORD01416,PROD0050,Haircare,Nykaa Cosmetics,1,762,0,0,762,
ITEM006782,ORD01416,PROD0104,Wellness,Nykaa Cosmetics,2,1259,30,755.4,1762.6,
ITEM006783,ORD01416,PROD0109,Wellness,L'Oreal Paris,1,625,0,0,625,
ITEM006784,ORD01416,PROD0046,Makeup,The Ordinary,2,532,0,0,1064,
ITEM006785,ORD01180,PROD0100,Men's Grooming,Minimalist,2,156,10,31.2,280.8,
ITEM006786,ORD01180,PROD0067,Fragrance,Biotique,1,1488,5,74.4,1413.6,
ITEM006787,ORD02341,PROD0069,Fragrance,Plum,1,1765,30,529.5,1235.5,4
ITEM006788,ORD04116,PROD0074,Fragrance,NIVEA,2,752,0,0,1504,
ITEM006789,ORD04116,PROD0009,Skincare,NIVEA,2,720,20,288,1152,
ITEM006790,ORD04827,PROD0080,Bath & Body,Lakme,1,152,0,0,152,5
ITEM006791,ORD02181,PROD0074,Fragrance,NIVEA,1,752,20,150.4,601.6,
ITEM006792,ORD02723,PROD0009,Skincare,NIVEA,2,720,10,144,1296,4
ITEM006793,ORD01179,PROD0093,Men's Grooming,Nykaa Cosmetics,1,245,15,36.75,208.25,4
ITEM006794,ORD03121,PROD0023,Skincare,Biotique,1,1629,0,0,1629,
ITEM006795,ORD03121,PROD0096,Men's Grooming,The Ordinary,1,520,30,156,364,
ITEM006796,ORD01203,PROD0039,Makeup,Nykaa Cosmetics,2,864,10,172.8,1555.2,4
ITEM006797,ORD03507,PROD0015,Skincare,Biotique,1,1295,0,0,1295,5
ITEM006798,ORD03507,PROD0043,Makeup,WOW Skin Science,1,1330,5,66.5,1263.5,5
ITEM006799,ORD04981,PROD0050,Haircare,Nykaa Cosmetics,1,762,20,152.4,609.6,5
ITEM006800,ORD02870,PROD0073,Fragrance,Biotique,1,2226,0,0,2226,3
ITEM006801,ORD03816,PROD0014,Skincare,Sugar Cosmetics,1,1200,5,60,1140,
ITEM006802,ORD03816,PROD0009,Skincare,NIVEA,1,720,5,36,684,
ITEM006803,ORD03816,PROD0036,Makeup,Dot & Key,1,988,20,197.6,790.4,
ITEM006804,ORD02961,PROD0086,Bath & Body,Sugar Cosmetics,1,317,15,47.55,269.45,5
ITEM006805,ORD02961,PROD0091,Men's Grooming,WOW Skin Science,1,530,10,53,477,5
ITEM006806,ORD02961,PROD0089,Bath & Body,Biotique,1,384,10,38.4,345.6,4
ITEM006807,ORD04420,PROD0004,Skincare,Dot & Key,2,1072,15,321.6,1822.4,4
ITEM006808,ORD04420,PROD0065,Haircare,Forest Essentials,1,334,0,0,334,5
ITEM006809,ORD04198,PROD0019,Skincare,The Ordinary,1,1588,15,238.2,1349.8,5
ITEM006810,ORD04198,PROD0067,Fragrance,Biotique,2,1488,10,297.6,2678.4,4
ITEM006811,ORD04198,PROD0099,Men's Grooming,Forest Essentials,1,554,0,0,554,4
ITEM006812,ORD04198,PROD0102,Wellness,MAC,1,1278,15,191.7,1086.3,2
ITEM006813,ORD03020,PROD0032,Makeup,Maybelline,1,2207,0,0,2207,1
ITEM006814,ORD01868,PROD0054,Haircare,Dot & Key,1,181,30,54.3,126.7,4
ITEM006815,ORD01868,PROD0076,Fragrance,Dot & Key,2,552,10,110.4,993.6,4
ITEM006816,ORD01868,PROD0073,Fragrance,Biotique,2,2226,5,222.6,4229.4,2
ITEM006817,ORD00376,PROD0021,Skincare,Biotique,1,869,20,173.8,695.2,5
ITEM006818,ORD00887,PROD0062,Haircare,WOW Skin Science,1,769,10,76.9,692.1,3
ITEM006819,ORD00887,PROD0036,Makeup,Dot & Key,1,988,10,98.8,889.2,3
ITEM006820,ORD00887,PROD0061,Haircare,L'Oreal Paris,2,466,5,46.6,885.4,5
ITEM006821,ORD03053,PROD0110,Wellness,Nykaa Cosmetics,1,1400,0,0,1400,5
ITEM006822,ORD00800,PROD0037,Makeup,Mamaearth,1,209,30,62.7,146.3,5
ITEM006823,ORD00800,PROD0009,Skincare,NIVEA,2,720,5,72,1368,5
ITEM006824,ORD04000,PROD0111,Wellness,Maybelline,1,489,30,146.7,342.3,
ITEM006825,ORD01454,PROD0025,Skincare,Forest Essentials,1,639,0,0,639,
ITEM006826,ORD04590,PROD0067,Fragrance,Biotique,1,1488,10,148.8,1339.2,
ITEM006827,ORD04590,PROD0108,Wellness,The Ordinary,1,945,10,94.5,850.5,
ITEM006828,ORD04590,PROD0092,Men's Grooming,Lakme,1,463,10,46.3,416.7,
ITEM006829,ORD01544,PROD0061,Haircare,L'Oreal Paris,3,466,15,209.7,1188.3,4
ITEM006830,ORD01544,PROD0086,Bath & Body,Sugar Cosmetics,1,317,0,0,317,5
ITEM006831,ORD00696,PROD0048,Haircare,Maybelline,1,775,5,38.75,736.25,4
ITEM006832,ORD01729,PROD0086,Bath & Body,Sugar Cosmetics,1,317,20,63.4,253.6,4
ITEM006833,ORD01729,PROD0044,Makeup,Nykaa Cosmetics,1,701,0,0,701,4
ITEM006834,ORD04754,PROD0084,Bath & Body,Mamaearth,1,750,10,75,675,
ITEM006835,ORD01515,PROD0022,Skincare,MAC,1,1685,0,0,1685,4
ITEM006836,ORD03287,PROD0111,Wellness,Maybelline,1,489,30,146.7,342.3,
ITEM006837,ORD00150,PROD0021,Skincare,Biotique,1,869,0,0,869,5
ITEM006838,ORD00799,PROD0097,Men's Grooming,Maybelline,1,369,10,36.9,332.1,4
ITEM006839,ORD03178,PROD0003,Skincare,MAC,2,1606,15,481.8,2730.2,5
ITEM006840,ORD03178,PROD0111,Wellness,Maybelline,1,489,30,146.7,342.3,5
ITEM006841,ORD03178,PROD0103,Wellness,Forest Essentials,1,1146,20,229.2,916.8,2
ITEM006842,ORD04861,PROD0024,Skincare,MAC,1,900,15,135,765,5
ITEM006843,ORD04861,PROD0041,Makeup,Mamaearth,2,1516,0,0,3032,4
ITEM006844,ORD02423,PROD0012,Skincare,Minimalist,2,428,0,0,856,3
ITEM006845,ORD03147,PROD0034,Makeup,WOW Skin Science,2,2004,10,400.8,3607.2,5
ITEM006846,ORD00612,PROD0068,Fragrance,Minimalist,1,1193,10,119.3,1073.7,4
ITEM006847,ORD03177,PROD0094,Men's Grooming,MAC,1,243,10,24.3,218.7,
ITEM006848,ORD03177,PROD0066,Fragrance,Forest Essentials,2,2975,0,0,5950,
ITEM006849,ORD03177,PROD0112,Wellness,NIVEA,3,964,30,867.6,2024.4,
ITEM006850,ORD04598,PROD0031,Makeup,WOW Skin Science,2,1892,0,0,3784,3
ITEM006851,ORD01601,PROD0057,Haircare,The Ordinary,2,735,0,0,1470,4
ITEM006852,ORD01480,PROD0093,Men's Grooming,Nykaa Cosmetics,2,245,0,0,490,
ITEM006853,ORD01480,PROD0025,Skincare,Forest Essentials,1,639,0,0,639,
ITEM006854,ORD01558,PROD0099,Men's Grooming,Forest Essentials,2,554,0,0,1108,5
ITEM006855,ORD01558,PROD0070,Fragrance,NIVEA,3,2241,0,0,6723,5
ITEM006856,ORD03097,PROD0032,Makeup,Maybelline,1,2207,30,662.1,1544.9,3
ITEM006857,ORD00544,PROD0020,Skincare,Maybelline,2,1237,0,0,2474,5
ITEM006858,ORD02191,PROD0020,Skincare,Maybelline,1,1237,0,0,1237,5
ITEM006859,ORD02759,PROD0029,Makeup,Biotique,1,1007,20,201.4,805.6,4
ITEM006860,ORD00573,PROD0033,Makeup,Mamaearth,2,2384,0,0,4768,3
ITEM006861,ORD00573,PROD0068,Fragrance,Minimalist,1,1193,5,59.65,1133.35,2
ITEM006862,ORD00573,PROD0107,Wellness,Sugar Cosmetics,3,1156,30,1040.4,2427.6,5
ITEM006863,ORD01343,PROD0001,Skincare,Minimalist,1,1006,5,50.3,955.7,5
ITEM006864,ORD01343,PROD0102,Wellness,MAC,1,1278,10,127.8,1150.2,5
ITEM006865,ORD01646,PROD0092,Men's Grooming,Lakme,1,463,0,0,463,3
ITEM006866,ORD01646,PROD0049,Haircare,Forest Essentials,2,718,30,430.8,1005.2,4
ITEM006867,ORD01439,PROD0101,Wellness,Mamaearth,1,930,5,46.5,883.5,5
ITEM006868,ORD03922,PROD0047,Haircare,Biotique,1,665,5,33.25,631.75,
ITEM006869,ORD03941,PROD0054,Haircare,Dot & Key,2,181,10,36.2,325.8,4
ITEM006870,ORD03941,PROD0085,Bath & Body,Sugar Cosmetics,2,329,30,197.4,460.6,2
ITEM006871,ORD03941,PROD0084,Bath & Body,Mamaearth,2,750,5,75,1425,2
ITEM006872,ORD01837,PROD0015,Skincare,Biotique,1,1295,20,259,1036,
ITEM006873,ORD01837,PROD0041,Makeup,Mamaearth,1,1516,10,151.6,1364.4,
ITEM006874,ORD00634,PROD0025,Skincare,Forest Essentials,2,639,10,127.8,1150.2,4
ITEM006875,ORD00634,PROD0053,Haircare,Forest Essentials,1,1102,5,55.1,1046.9,4
ITEM006876,ORD03550,PROD0056,Haircare,MAC,1,1009,30,302.7,706.3,4
ITEM006877,ORD03550,PROD0067,Fragrance,Biotique,1,1488,0,0,1488,4
ITEM006878,ORD03550,PROD0075,Fragrance,Forest Essentials,3,1648,5,247.2,4696.8,5
ITEM006879,ORD03550,PROD0033,Makeup,Mamaearth,1,2384,30,715.2,1668.8,3
ITEM006880,ORD04310,PROD0035,Makeup,Sugar Cosmetics,1,526,0,0,526,4
ITEM006881,ORD04310,PROD0079,Bath & Body,L'Oreal Paris,2,653,15,195.9,1110.1,4
ITEM006882,ORD00827,PROD0088,Bath & Body,Sugar Cosmetics,1,669,0,0,669,5
ITEM006883,ORD00827,PROD0009,Skincare,NIVEA,1,720,5,36,684,4
ITEM006884,ORD00827,PROD0002,Skincare,Dot & Key,1,483,20,96.6,386.4,4
ITEM006885,ORD00847,PROD0020,Skincare,Maybelline,1,1237,20,247.4,989.6,
ITEM006886,ORD04996,PROD0042,Makeup,Sugar Cosmetics,2,647,10,129.4,1164.6,
ITEM006887,ORD04996,PROD0029,Makeup,Biotique,1,1007,20,201.4,805.6,
ITEM006888,ORD04996,PROD0025,Skincare,Forest Essentials,1,639,5,31.95,607.05,
ITEM006889,ORD01740,PROD0044,Makeup,Nykaa Cosmetics,1,701,0,0,701,
ITEM006890,ORD01740,PROD0068,Fragrance,Minimalist,3,1193,10,357.9,3221.1,
ITEM006891,ORD04928,PROD0085,Bath & Body,Sugar Cosmetics,3,329,10,98.7,888.3,2
ITEM006892,ORD03082,PROD0091,Men's Grooming,WOW Skin Science,2,530,10,106,954,4
ITEM006893,ORD00178,PROD0064,Haircare,The Ordinary,1,642,5,32.1,609.9,5
ITEM006894,ORD00178,PROD0020,Skincare,Maybelline,1,1237,20,247.4,989.6,3
ITEM006895,ORD04282,PROD0098,Men's Grooming,The Ordinary,3,241,0,0,723,
ITEM006896,ORD04282,PROD0046,Makeup,The Ordinary,1,532,5,26.6,505.4,
ITEM006897,ORD03594,PROD0086,Bath & Body,Sugar Cosmetics,2,317,10,63.4,570.6,
ITEM006898,ORD03594,PROD0064,Haircare,The Ordinary,1,642,5,32.1,609.9,
ITEM006899,ORD04720,PROD0079,Bath & Body,L'Oreal Paris,1,653,10,65.3,587.7,
ITEM006900,ORD04720,PROD0064,Haircare,The Ordinary,1,642,0,0,642,
ITEM006901,ORD04720,PROD0062,Haircare,WOW Skin Science,2,769,15,230.7,1307.3,
ITEM006902,ORD04720,PROD0041,Makeup,Mamaearth,1,1516,0,0,1516,
ITEM006903,ORD02992,PROD0063,Haircare,Mamaearth,1,1105,0,0,1105,
ITEM006904,ORD02992,PROD0083,Bath & Body,Minimalist,1,446,0,0,446,
ITEM006905,ORD02323,PROD0076,Fragrance,Dot & Key,1,552,0,0,552,4
ITEM006906,ORD00314,PROD0013,Skincare,Nykaa Cosmetics,1,716,0,0,716,4
ITEM006907,ORD04621,PROD0096,Men's Grooming,The Ordinary,1,520,30,156,364,5
ITEM006908,ORD04621,PROD0057,Haircare,The Ordinary,2,735,0,0,1470,3
ITEM006909,ORD04621,PROD0031,Makeup,WOW Skin Science,1,1892,5,94.6,1797.4,5
ITEM006910,ORD02748,PROD0104,Wellness,Nykaa Cosmetics,2,1259,20,503.6,2014.4,4
ITEM006911,ORD00592,PROD0022,Skincare,MAC,1,1685,5,84.25,1600.75,5
ITEM006912,ORD04412,PROD0075,Fragrance,Forest Essentials,1,1648,30,494.4,1153.6,
ITEM006913,ORD04412,PROD0015,Skincare,Biotique,2,1295,15,388.5,2201.5,
ITEM006914,ORD04465,PROD0024,Skincare,MAC,2,900,20,360,1440,5
ITEM006915,ORD02799,PROD0106,Wellness,Forest Essentials,1,762,20,152.4,609.6,3
ITEM006916,ORD02799,PROD0097,Men's Grooming,Maybelline,1,369,0,0,369,3
ITEM006917,ORD02791,PROD0110,Wellness,Nykaa Cosmetics,1,1400,5,70,1330,5
ITEM006918,ORD02791,PROD0011,Skincare,Lakme,1,1528,15,229.2,1298.8,5
ITEM006919,ORD04423,PROD0032,Makeup,Maybelline,1,2207,15,331.05,1875.95,4
ITEM006920,ORD03595,PROD0002,Skincare,Dot & Key,2,483,5,48.3,917.7,5
ITEM006921,ORD03595,PROD0019,Skincare,The Ordinary,1,1588,0,0,1588,1
ITEM006922,ORD02771,PROD0074,Fragrance,NIVEA,2,752,20,300.8,1203.2,
ITEM006923,ORD02412,PROD0088,Bath & Body,Sugar Cosmetics,1,669,5,33.45,635.55,4
ITEM006924,ORD02608,PROD0027,Makeup,Mamaearth,1,1454,10,145.4,1308.6,
ITEM006925,ORD01386,PROD0082,Bath & Body,Sugar Cosmetics,1,621,0,0,621,5
ITEM006926,ORD01386,PROD0051,Haircare,WOW Skin Science,2,847,5,84.7,1609.3,5
ITEM006927,ORD01250,PROD0061,Haircare,L'Oreal Paris,1,466,5,23.3,442.7,3
ITEM006928,ORD01250,PROD0018,Skincare,Dot & Key,1,1081,20,216.2,864.8,5
ITEM006929,ORD01250,PROD0035,Makeup,Sugar Cosmetics,1,526,10,52.6,473.4,1
ITEM006930,ORD03068,PROD0028,Makeup,L'Oreal Paris,1,844,20,168.8,675.2,5
ITEM006931,ORD02093,PROD0077,Fragrance,Lakme,1,2406,20,481.2,1924.8,5
ITEM006932,ORD02093,PROD0098,Men's Grooming,The Ordinary,1,241,0,0,241,4
ITEM006933,ORD02093,PROD0048,Haircare,Maybelline,1,775,0,0,775,5
ITEM006934,ORD02093,PROD0046,Makeup,The Ordinary,3,532,0,0,1596,5
ITEM006935,ORD02768,PROD0057,Haircare,The Ordinary,2,735,15,220.5,1249.5,2
ITEM006936,ORD02351,PROD0013,Skincare,Nykaa Cosmetics,1,716,30,214.8,501.2,
ITEM006937,ORD02351,PROD0084,Bath & Body,Mamaearth,1,750,0,0,750,
ITEM006938,ORD02351,PROD0033,Makeup,Mamaearth,2,2384,15,715.2,4052.8,
ITEM006939,ORD03971,PROD0002,Skincare,Dot & Key,1,483,30,144.9,338.1,
ITEM006940,ORD03971,PROD0048,Haircare,Maybelline,1,775,20,155,620,
ITEM006941,ORD03937,PROD0082,Bath & Body,Sugar Cosmetics,1,621,20,124.2,496.8,4
ITEM006942,ORD03937,PROD0009,Skincare,NIVEA,1,720,10,72,648,5
ITEM006943,ORD03937,PROD0081,Bath & Body,L'Oreal Paris,3,767,10,230.1,2070.9,2
ITEM006944,ORD02505,PROD0074,Fragrance,NIVEA,2,752,15,225.6,1278.4,
ITEM006945,ORD02505,PROD0053,Haircare,Forest Essentials,1,1102,15,165.3,936.7,
ITEM006946,ORD00094,PROD0035,Makeup,Sugar Cosmetics,1,526,5,26.3,499.7,
ITEM006947,ORD04281,PROD0015,Skincare,Biotique,2,1295,20,518,2072,3
ITEM006948,ORD04281,PROD0052,Haircare,Nykaa Cosmetics,1,915,0,0,915,5
ITEM006949,ORD04281,PROD0013,Skincare,Nykaa Cosmetics,2,716,20,286.4,1145.6,5
ITEM006950,ORD01414,PROD0091,Men's Grooming,WOW Skin Science,3,530,30,477,1113,
ITEM006951,ORD00656,PROD0032,Makeup,Maybelline,1,2207,10,220.7,1986.3,4
ITEM006952,ORD00716,PROD0069,Fragrance,Plum,1,1765,15,264.75,1500.25,4
ITEM006953,ORD00716,PROD0070,Fragrance,NIVEA,1,2241,30,672.3,1568.7,4
ITEM006954,ORD02512,PROD0045,Makeup,WOW Skin Science,2,1690,5,169,3211,4
ITEM006955,ORD00173,PROD0036,Makeup,Dot & Key,2,988,0,0,1976,4
ITEM006956,ORD00173,PROD0109,Wellness,L'Oreal Paris,2,625,20,250,1000,5
ITEM006957,ORD00173,PROD0106,Wellness,Forest Essentials,1,762,0,0,762,2
ITEM006958,ORD00173,PROD0081,Bath & Body,L'Oreal Paris,1,767,15,115.05,651.95,4
ITEM006959,ORD04651,PROD0065,Haircare,Forest Essentials,1,334,30,100.2,233.8,2
ITEM006960,ORD04651,PROD0084,Bath & Body,Mamaearth,2,750,5,75,1425,3
ITEM006961,ORD04651,PROD0070,Fragrance,NIVEA,1,2241,10,224.1,2016.9,4
ITEM006962,ORD04651,PROD0083,Bath & Body,Minimalist,1,446,20,89.2,356.8,5
ITEM006963,ORD04351,PROD0017,Skincare,WOW Skin Science,2,1699,30,1019.4,2378.6,5
ITEM006964,ORD03387,PROD0064,Haircare,The Ordinary,1,642,10,64.2,577.8,4
ITEM006965,ORD03387,PROD0098,Men's Grooming,The Ordinary,1,241,5,12.05,228.95,4
ITEM006966,ORD00955,PROD0089,Bath & Body,Biotique,1,384,0,0,384,
ITEM006967,ORD03831,PROD0074,Fragrance,NIVEA,1,752,0,0,752,2
ITEM006968,ORD03480,PROD0078,Fragrance,Forest Essentials,2,1970,10,394,3546,3
ITEM006969,ORD03480,PROD0051,Haircare,WOW Skin Science,1,847,0,0,847,5
ITEM006970,ORD03480,PROD0087,Bath & Body,Dot & Key,1,222,10,22.2,199.8,4
ITEM006971,ORD03480,PROD0066,Fragrance,Forest Essentials,1,2975,0,0,2975,4
ITEM006972,ORD04783,PROD0069,Fragrance,Plum,1,1765,30,529.5,1235.5,5
ITEM006973,ORD02381,PROD0001,Skincare,Minimalist,1,1006,20,201.2,804.8,5
ITEM006974,ORD02381,PROD0109,Wellness,L'Oreal Paris,1,625,5,31.25,593.75,5
ITEM006975,ORD02381,PROD0073,Fragrance,Biotique,1,2226,5,111.3,2114.7,1
ITEM006976,ORD02144,PROD0011,Skincare,Lakme,1,1528,20,305.6,1222.4,2
ITEM006977,ORD02144,PROD0074,Fragrance,NIVEA,1,752,10,75.2,676.8,5
ITEM006978,ORD02144,PROD0061,Haircare,L'Oreal Paris,2,466,5,46.6,885.4,5
ITEM006979,ORD02144,PROD0076,Fragrance,Dot & Key,1,552,20,110.4,441.6,5
ITEM006980,ORD02687,PROD0043,Makeup,WOW Skin Science,1,1330,0,0,1330,5
ITEM006981,ORD02396,PROD0095,Men's Grooming,The Ordinary,1,269,10,26.9,242.1,5
ITEM006982,ORD02396,PROD0048,Haircare,Maybelline,1,775,30,232.5,542.5,3
ITEM006983,ORD03703,PROD0112,Wellness,NIVEA,3,964,0,0,2892,3
ITEM006984,ORD03703,PROD0084,Bath & Body,Mamaearth,1,750,10,75,675,5
ITEM006985,ORD03703,PROD0080,Bath & Body,Lakme,1,152,5,7.6,144.4,4
ITEM006986,ORD03703,PROD0075,Fragrance,Forest Essentials,1,1648,0,0,1648,5
ITEM006987,ORD01602,PROD0092,Men's Grooming,Lakme,3,463,30,416.7,972.3,5
ITEM006988,ORD02188,PROD0064,Haircare,The Ordinary,1,642,5,32.1,609.9,3
ITEM006989,ORD02188,PROD0044,Makeup,Nykaa Cosmetics,2,701,5,70.1,1331.9,5
ITEM006990,ORD02174,PROD0094,Men's Grooming,MAC,2,243,0,0,486,
ITEM006991,ORD02174,PROD0071,Fragrance,Maybelline,2,1416,15,424.8,2407.2,
ITEM006992,ORD04193,PROD0003,Skincare,MAC,1,1606,15,240.9,1365.1,4
ITEM006993,ORD04193,PROD0066,Fragrance,Forest Essentials,1,2975,10,297.5,2677.5,3
ITEM006994,ORD04193,PROD0101,Wellness,Mamaearth,1,930,0,0,930,2
ITEM006995,ORD04193,PROD0104,Wellness,Nykaa Cosmetics,1,1259,20,251.8,1007.2,5
ITEM006996,ORD03385,PROD0072,Fragrance,The Ordinary,1,1765,0,0,1765,3
ITEM006997,ORD03385,PROD0001,Skincare,Minimalist,1,1006,10,100.6,905.4,4
ITEM006998,ORD03385,PROD0040,Makeup,NIVEA,1,681,5,34.05,646.95,5
ITEM006999,ORD03385,PROD0094,Men's Grooming,MAC,1,243,20,48.6,194.4,5
ITEM007000,ORD00875,PROD0111,Wellness,Maybelline,1,489,15,73.35,415.65,5
ITEM007001,ORD01651,PROD0083,Bath & Body,Minimalist,2,446,20,178.4,713.6,5
ITEM007002,ORD03390,PROD0075,Fragrance,Forest Essentials,1,1648,0,0,1648,3
ITEM007003,ORD03390,PROD0056,Haircare,MAC,1,1009,5,50.45,958.55,2
ITEM007004,ORD01290,PROD0016,Skincare,The Ordinary,1,1150,30,345,805,4
ITEM007005,ORD01424,PROD0105,Wellness,Minimalist,1,1068,10,106.8,961.2,3
ITEM007006,ORD04839,PROD0043,Makeup,WOW Skin Science,1,1330,0,0,1330,4
ITEM007007,ORD04839,PROD0023,Skincare,Biotique,1,1629,0,0,1629,5
ITEM007008,ORD00060,PROD0101,Wellness,Mamaearth,2,930,15,279,1581,5
ITEM007009,ORD00060,PROD0019,Skincare,The Ordinary,2,1588,20,635.2,2540.8,2
ITEM007010,ORD00060,PROD0066,Fragrance,Forest Essentials,1,2975,30,892.5,2082.5,5
ITEM007011,ORD04738,PROD0103,Wellness,Forest Essentials,1,1146,0,0,1146,
ITEM007012,ORD04738,PROD0003,Skincare,MAC,1,1606,10,160.6,1445.4,
ITEM007013,ORD03498,PROD0059,Haircare,Minimalist,3,503,0,0,1509,5
ITEM007014,ORD01475,PROD0087,Bath & Body,Dot & Key,1,222,5,11.1,210.9,4
ITEM007015,ORD00613,PROD0075,Fragrance,Forest Essentials,1,1648,0,0,1648,5
ITEM007016,ORD00613,PROD0027,Makeup,Mamaearth,1,1454,0,0,1454,3
ITEM007017,ORD00613,PROD0073,Fragrance,Biotique,1,2226,0,0,2226,4
ITEM007018,ORD04610,PROD0019,Skincare,The Ordinary,1,1588,0,0,1588,
ITEM007019,ORD04610,PROD0057,Haircare,The Ordinary,1,735,30,220.5,514.5,
ITEM007020,ORD04610,PROD0078,Fragrance,Forest Essentials,2,1970,10,394,3546,
ITEM007021,ORD04641,PROD0020,Skincare,Maybelline,1,1237,30,371.1,865.9,
ITEM007022,ORD04641,PROD0098,Men's Grooming,The Ordinary,2,241,10,48.2,433.8,
ITEM007023,ORD00938,PROD0110,Wellness,Nykaa Cosmetics,1,1400,15,210,1190,
ITEM007024,ORD01087,PROD0013,Skincare,Nykaa Cosmetics,1,716,5,35.8,680.2,
ITEM007025,ORD01440,PROD0106,Wellness,Forest Essentials,2,762,0,0,1524,4
ITEM007026,ORD00225,PROD0003,Skincare,MAC,2,1606,5,160.6,3051.4,
ITEM007027,ORD00225,PROD0097,Men's Grooming,Maybelline,2,369,15,110.7,627.3,
ITEM007028,ORD00771,PROD0086,Bath & Body,Sugar Cosmetics,1,317,10,31.7,285.3,4
ITEM007029,ORD00771,PROD0013,Skincare,Nykaa Cosmetics,2,716,5,71.6,1360.4,4
ITEM007030,ORD00771,PROD0103,Wellness,Forest Essentials,1,1146,30,343.8,802.2,1
ITEM007031,ORD00771,PROD0111,Wellness,Maybelline,3,489,10,146.7,1320.3,5
ITEM007032,ORD03506,PROD0055,Haircare,Minimalist,2,967,0,0,1934,3
ITEM007033,ORD03506,PROD0028,Makeup,L'Oreal Paris,1,844,20,168.8,675.2,5
ITEM007034,ORD00010,PROD0084,Bath & Body,Mamaearth,1,750,30,225,525,5
ITEM007035,ORD00010,PROD0065,Haircare,Forest Essentials,2,334,10,66.8,601.2,4
ITEM007036,ORD00010,PROD0030,Makeup,Nykaa Cosmetics,1,946,5,47.3,898.7,3
ITEM007037,ORD00738,PROD0096,Men's Grooming,The Ordinary,2,520,0,0,1040,3
ITEM007038,ORD00738,PROD0022,Skincare,MAC,1,1685,5,84.25,1600.75,4
ITEM007039,ORD01213,PROD0104,Wellness,Nykaa Cosmetics,1,1259,10,125.9,1133.1,
ITEM007040,ORD01213,PROD0089,Bath & Body,Biotique,1,384,0,0,384,
ITEM007041,ORD01213,PROD0005,Skincare,Biotique,1,893,5,44.65,848.35,
ITEM007042,ORD04049,PROD0057,Haircare,The Ordinary,1,735,0,0,735,5
ITEM007043,ORD01857,PROD0037,Makeup,Mamaearth,2,209,15,62.7,355.3,5
ITEM007044,ORD01857,PROD0081,Bath & Body,L'Oreal Paris,2,767,0,0,1534,5
ITEM007045,ORD01857,PROD0035,Makeup,Sugar Cosmetics,1,526,10,52.6,473.4,3
ITEM007046,ORD03643,PROD0026,Makeup,Biotique,1,267,0,0,267,5
ITEM007047,ORD03643,PROD0016,Skincare,The Ordinary,2,1150,0,0,2300,2
ITEM007048,ORD03701,PROD0025,Skincare,Forest Essentials,3,639,10,191.7,1725.3,5
ITEM007049,ORD03701,PROD0017,Skincare,WOW Skin Science,2,1699,30,1019.4,2378.6,5
ITEM007050,ORD00167,PROD0103,Wellness,Forest Essentials,3,1146,20,687.6,2750.4,2
ITEM007051,ORD00167,PROD0101,Wellness,Mamaearth,1,930,20,186,744,5
ITEM007052,ORD00167,PROD0092,Men's Grooming,Lakme,1,463,20,92.6,370.4,3
ITEM007053,ORD02264,PROD0099,Men's Grooming,Forest Essentials,1,554,20,110.8,443.2,
ITEM007054,ORD02264,PROD0040,Makeup,NIVEA,1,681,0,0,681,
ITEM007055,ORD04442,PROD0062,Haircare,WOW Skin Science,1,769,5,38.45,730.55,3
ITEM007056,ORD04442,PROD0095,Men's Grooming,The Ordinary,2,269,30,161.4,376.6,5
ITEM007057,ORD03141,PROD0052,Haircare,Nykaa Cosmetics,2,915,15,274.5,1555.5,4
ITEM007058,ORD01291,PROD0027,Makeup,Mamaearth,2,1454,0,0,2908,
ITEM007059,ORD04535,PROD0040,Makeup,NIVEA,1,681,0,0,681,4
ITEM007060,ORD00331,PROD0074,Fragrance,NIVEA,1,752,0,0,752,5
ITEM007061,ORD00331,PROD0059,Haircare,Minimalist,1,503,10,50.3,452.7,2
ITEM007062,ORD03565,PROD0080,Bath & Body,Lakme,3,152,0,0,456,3
ITEM007063,ORD03565,PROD0097,Men's Grooming,Maybelline,1,369,0,0,369,5
ITEM007064,ORD03965,PROD0059,Haircare,Minimalist,1,503,20,100.6,402.4,3
ITEM007065,ORD03965,PROD0047,Haircare,Biotique,1,665,30,199.5,465.5,5
ITEM007066,ORD02085,PROD0013,Skincare,Nykaa Cosmetics,2,716,0,0,1432,
ITEM007067,ORD02085,PROD0015,Skincare,Biotique,2,1295,20,518,2072,
ITEM007068,ORD01612,PROD0071,Fragrance,Maybelline,1,1416,10,141.6,1274.4,
ITEM007069,ORD02103,PROD0044,Makeup,Nykaa Cosmetics,1,701,20,140.2,560.8,5
ITEM007070,ORD04667,PROD0042,Makeup,Sugar Cosmetics,1,647,10,64.7,582.3,4
ITEM007071,ORD04667,PROD0036,Makeup,Dot & Key,1,988,15,148.2,839.8,5
ITEM007072,ORD04262,PROD0100,Men's Grooming,Minimalist,1,156,15,23.4,132.6,5
ITEM007073,ORD02072,PROD0093,Men's Grooming,Nykaa Cosmetics,1,245,10,24.5,220.5,4
ITEM007074,ORD04556,PROD0015,Skincare,Biotique,1,1295,5,64.75,1230.25,
ITEM007075,ORD03266,PROD0074,Fragrance,NIVEA,2,752,10,150.4,1353.6,3
ITEM007076,ORD03266,PROD0078,Fragrance,Forest Essentials,1,1970,5,98.5,1871.5,4
ITEM007077,ORD00374,PROD0093,Men's Grooming,Nykaa Cosmetics,2,245,15,73.5,416.5,2
ITEM007078,ORD00764,PROD0012,Skincare,Minimalist,2,428,5,42.8,813.2,4
ITEM007079,ORD00764,PROD0028,Makeup,L'Oreal Paris,1,844,5,42.2,801.8,4
ITEM007080,ORD00764,PROD0102,Wellness,MAC,1,1278,20,255.6,1022.4,3
ITEM007081,ORD00764,PROD0108,Wellness,The Ordinary,2,945,20,378,1512,3
ITEM007082,ORD02842,PROD0039,Makeup,Nykaa Cosmetics,1,864,15,129.6,734.4,
ITEM007083,ORD00008,PROD0090,Men's Grooming,NIVEA,1,842,0,0,842,5
ITEM007084,ORD02190,PROD0082,Bath & Body,Sugar Cosmetics,1,621,0,0,621,
ITEM007085,ORD03277,PROD0083,Bath & Body,Minimalist,1,446,15,66.9,379.1,4
ITEM007086,ORD04041,PROD0064,Haircare,The Ordinary,1,642,20,128.4,513.6,
ITEM007087,ORD04041,PROD0107,Wellness,Sugar Cosmetics,2,1156,10,231.2,2080.8,
ITEM007088,ORD04041,PROD0110,Wellness,Nykaa Cosmetics,1,1400,30,420,980,
ITEM007089,ORD04041,PROD0030,Makeup,Nykaa Cosmetics,2,946,30,567.6,1324.4,
ITEM007090,ORD03657,PROD0088,Bath & Body,Sugar Cosmetics,1,669,30,200.7,468.3,4
ITEM007091,ORD03657,PROD0108,Wellness,The Ordinary,1,945,20,189,756,4
ITEM007092,ORD03657,PROD0019,Skincare,The Ordinary,1,1588,5,79.4,1508.6,3
ITEM007093,ORD02866,PROD0034,Makeup,WOW Skin Science,1,2004,0,0,2004,4
ITEM007094,ORD02866,PROD0033,Makeup,Mamaearth,1,2384,30,715.2,1668.8,4
ITEM007095,ORD00893,PROD0062,Haircare,WOW Skin Science,1,769,0,0,769,4
ITEM007096,ORD02928,PROD0096,Men's Grooming,The Ordinary,2,520,10,104,936,
ITEM007097,ORD02928,PROD0045,Makeup,WOW Skin Science,2,1690,15,507,2873,
ITEM007098,ORD02216,PROD0047,Haircare,Biotique,1,665,20,133,532,4
ITEM007099,ORD00430,PROD0071,Fragrance,Maybelline,1,1416,30,424.8,991.2,5
ITEM007100,ORD02402,PROD0105,Wellness,Minimalist,1,1068,20,213.6,854.4,5
ITEM007101,ORD02402,PROD0034,Makeup,WOW Skin Science,1,2004,10,200.4,1803.6,4
ITEM007102,ORD04345,PROD0031,Makeup,WOW Skin Science,1,1892,10,189.2,1702.8,
ITEM007103,ORD00495,PROD0091,Men's Grooming,WOW Skin Science,3,530,15,238.5,1351.5,5
ITEM007104,ORD02828,PROD0069,Fragrance,Plum,1,1765,0,0,1765,5
ITEM007105,ORD02828,PROD0009,Skincare,NIVEA,3,720,0,0,2160,5
ITEM007106,ORD02828,PROD0081,Bath & Body,L'Oreal Paris,1,767,0,0,767,4
ITEM007107,ORD02690,PROD0105,Wellness,Minimalist,1,1068,0,0,1068,3
ITEM007108,ORD02690,PROD0040,Makeup,NIVEA,1,681,0,0,681,5
ITEM007109,ORD01529,PROD0110,Wellness,Nykaa Cosmetics,1,1400,15,210,1190,
ITEM007110,ORD01802,PROD0059,Haircare,Minimalist,1,503,10,50.3,452.7,
ITEM007111,ORD01802,PROD0045,Makeup,WOW Skin Science,1,1690,5,84.5,1605.5,
ITEM007112,ORD01802,PROD0071,Fragrance,Maybelline,1,1416,10,141.6,1274.4,
ITEM007113,ORD01298,PROD0057,Haircare,The Ordinary,1,735,30,220.5,514.5,
ITEM007114,ORD01298,PROD0058,Haircare,Mamaearth,1,841,15,126.15,714.85,
ITEM007115,ORD01298,PROD0083,Bath & Body,Minimalist,1,446,10,44.6,401.4,
ITEM007116,ORD01298,PROD0064,Haircare,The Ordinary,1,642,0,0,642,
ITEM007117,ORD02947,PROD0057,Haircare,The Ordinary,1,735,30,220.5,514.5,5
ITEM007118,ORD04893,PROD0016,Skincare,The Ordinary,3,1150,15,517.5,2932.5,
ITEM007119,ORD04637,PROD0041,Makeup,Mamaearth,1,1516,0,0,1516,5
ITEM007120,ORD00714,PROD0092,Men's Grooming,Lakme,1,463,15,69.45,393.55,3
ITEM007121,ORD00714,PROD0109,Wellness,L'Oreal Paris,1,625,10,62.5,562.5,4
ITEM007122,ORD00714,PROD0052,Haircare,Nykaa Cosmetics,2,915,20,366,1464,3
ITEM007123,ORD00714,PROD0065,Haircare,Forest Essentials,1,334,5,16.7,317.3,3
ITEM007124,ORD01376,PROD0048,Haircare,Maybelline,1,775,15,116.25,658.75,
ITEM007125,ORD00643,PROD0010,Skincare,The Ordinary,1,893,15,133.95,759.05,4
ITEM007126,ORD00643,PROD0068,Fragrance,Minimalist,2,1193,15,357.9,2028.1,5
ITEM007127,ORD00643,PROD0033,Makeup,Mamaearth,1,2384,20,476.8,1907.2,4
ITEM007128,ORD00643,PROD0031,Makeup,WOW Skin Science,2,1892,0,0,3784,4
ITEM007129,ORD04228,PROD0019,Skincare,The Ordinary,1,1588,30,476.4,1111.6,2
ITEM007130,ORD04228,PROD0069,Fragrance,Plum,2,1765,10,353,3177,5
ITEM007131,ORD02368,PROD0037,Makeup,Mamaearth,1,209,0,0,209,5
ITEM007132,ORD02368,PROD0090,Men's Grooming,NIVEA,1,842,0,0,842,3
ITEM007133,ORD01788,PROD0043,Makeup,WOW Skin Science,2,1330,15,399,2261,5
ITEM007134,ORD04440,PROD0092,Men's Grooming,Lakme,1,463,0,0,463,
ITEM007135,ORD04440,PROD0031,Makeup,WOW Skin Science,1,1892,30,567.6,1324.4,
ITEM007136,ORD04440,PROD0035,Makeup,Sugar Cosmetics,1,526,0,0,526,
ITEM007137,ORD01249,PROD0040,Makeup,NIVEA,2,681,20,272.4,1089.6,5
ITEM007138,ORD00115,PROD0106,Wellness,Forest Essentials,1,762,30,228.6,533.4,3
ITEM007139,ORD02676,PROD0073,Fragrance,Biotique,1,2226,0,0,2226,4
ITEM007140,ORD02676,PROD0003,Skincare,MAC,1,1606,30,481.8,1124.2,3
ITEM007141,ORD04520,PROD0098,Men's Grooming,The Ordinary,1,241,20,48.2,192.8,2
ITEM007142,ORD04520,PROD0019,Skincare,The Ordinary,1,1588,0,0,1588,4
ITEM007143,ORD04520,PROD0069,Fragrance,Plum,2,1765,0,0,3530,4
ITEM007144,ORD04520,PROD0007,Skincare,Biotique,1,995,30,298.5,696.5,4
ITEM007145,ORD00535,PROD0103,Wellness,Forest Essentials,1,1146,15,171.9,974.1,
ITEM007146,ORD00535,PROD0019,Skincare,The Ordinary,1,1588,30,476.4,1111.6,
ITEM007147,ORD02226,PROD0065,Haircare,Forest Essentials,1,334,15,50.1,283.9,5
ITEM007148,ORD02226,PROD0033,Makeup,Mamaearth,2,2384,0,0,4768,5
ITEM007149,ORD00512,PROD0063,Haircare,Mamaearth,2,1105,0,0,2210,
ITEM007150,ORD00512,PROD0021,Skincare,Biotique,1,869,20,173.8,695.2,
ITEM007151,ORD02930,PROD0046,Makeup,The Ordinary,1,532,10,53.2,478.8,4
ITEM007152,ORD03093,PROD0106,Wellness,Forest Essentials,1,762,30,228.6,533.4,5
ITEM007153,ORD00090,PROD0054,Haircare,Dot & Key,1,181,5,9.05,171.95,4
ITEM007154,ORD00090,PROD0045,Makeup,WOW Skin Science,1,1690,0,0,1690,5
ITEM007155,ORD04444,PROD0044,Makeup,Nykaa Cosmetics,2,701,30,420.6,981.4,5
ITEM007156,ORD00781,PROD0099,Men's Grooming,Forest Essentials,1,554,5,27.7,526.3,5
ITEM007157,ORD00781,PROD0085,Bath & Body,Sugar Cosmetics,1,329,0,0,329,4
ITEM007158,ORD00781,PROD0027,Makeup,Mamaearth,1,1454,30,436.2,1017.8,5
ITEM007159,ORD02454,PROD0109,Wellness,L'Oreal Paris,1,625,30,187.5,437.5,1
ITEM007160,ORD03813,PROD0089,Bath & Body,Biotique,1,384,0,0,384,5
ITEM007161,ORD03813,PROD0069,Fragrance,Plum,1,1765,20,353,1412,4
ITEM007162,ORD01187,PROD0017,Skincare,WOW Skin Science,1,1699,0,0,1699,2
ITEM007163,ORD01187,PROD0091,Men's Grooming,WOW Skin Science,1,530,10,53,477,5
ITEM007164,ORD04349,PROD0024,Skincare,MAC,3,900,0,0,2700,4
ITEM007165,ORD00364,PROD0063,Haircare,Mamaearth,1,1105,5,55.25,1049.75,1
ITEM007166,ORD00114,PROD0067,Fragrance,Biotique,2,1488,0,0,2976,
ITEM007167,ORD00114,PROD0077,Fragrance,Lakme,1,2406,15,360.9,2045.1,
ITEM007168,ORD00383,PROD0039,Makeup,Nykaa Cosmetics,1,864,0,0,864,
ITEM007169,ORD00383,PROD0050,Haircare,Nykaa Cosmetics,3,762,15,342.9,1943.1,
ITEM007170,ORD00383,PROD0044,Makeup,Nykaa Cosmetics,1,701,0,0,701,
ITEM007171,ORD04815,PROD0081,Bath & Body,L'Oreal Paris,1,767,15,115.05,651.95,4
ITEM007172,ORD04419,PROD0029,Makeup,Biotique,2,1007,10,201.4,1812.6,4
ITEM007173,ORD04419,PROD0018,Skincare,Dot & Key,1,1081,0,0,1081,3
ITEM007174,ORD04419,PROD0107,Wellness,Sugar Cosmetics,1,1156,0,0,1156,5
ITEM007175,ORD04419,PROD0103,Wellness,Forest Essentials,2,1146,10,229.2,2062.8,3
ITEM007176,ORD04034,PROD0102,Wellness,MAC,1,1278,30,383.4,894.6,4
ITEM007177,ORD02993,PROD0098,Men's Grooming,The Ordinary,1,241,0,0,241,1
ITEM007178,ORD02993,PROD0061,Haircare,L'Oreal Paris,2,466,5,46.6,885.4,4
ITEM007179,ORD04207,PROD0067,Fragrance,Biotique,1,1488,0,0,1488,5
ITEM007180,ORD04207,PROD0057,Haircare,The Ordinary,1,735,15,110.25,624.75,5
ITEM007181,ORD04207,PROD0074,Fragrance,NIVEA,2,752,30,451.2,1052.8,5
ITEM007182,ORD04978,PROD0046,Makeup,The Ordinary,1,532,5,26.6,505.4,2
ITEM007183,ORD04599,PROD0024,Skincare,MAC,1,900,15,135,765,5
ITEM007184,ORD04599,PROD0014,Skincare,Sugar Cosmetics,3,1200,20,720,2880,5
ITEM007185,ORD01785,PROD0098,Men's Grooming,The Ordinary,3,241,5,36.15,686.85,4
ITEM007186,ORD01273,PROD0073,Fragrance,Biotique,1,2226,15,333.9,1892.1,5
ITEM007187,ORD01276,PROD0079,Bath & Body,L'Oreal Paris,1,653,5,32.65,620.35,3
ITEM007188,ORD01276,PROD0007,Skincare,Biotique,2,995,20,398,1592,2
ITEM007189,ORD01276,PROD0046,Makeup,The Ordinary,1,532,10,53.2,478.8,4
ITEM007190,ORD01276,PROD0027,Makeup,Mamaearth,1,1454,0,0,1454,2
ITEM007191,ORD04851,PROD0085,Bath & Body,Sugar Cosmetics,1,329,30,98.7,230.3,3
ITEM007192,ORD04851,PROD0014,Skincare,Sugar Cosmetics,3,1200,15,540,3060,5
ITEM007193,ORD03473,PROD0023,Skincare,Biotique,1,1629,10,162.9,1466.1,
ITEM007194,ORD04727,PROD0077,Fragrance,Lakme,2,2406,0,0,4812,
ITEM007195,ORD04727,PROD0042,Makeup,Sugar Cosmetics,2,647,0,0,1294,
ITEM007196,ORD04727,PROD0058,Haircare,Mamaearth,2,841,10,168.2,1513.8,
ITEM007197,ORD00148,PROD0012,Skincare,Minimalist,1,428,0,0,428,4
ITEM007198,ORD00148,PROD0051,Haircare,WOW Skin Science,1,847,10,84.7,762.3,3
ITEM007199,ORD00148,PROD0089,Bath & Body,Biotique,1,384,10,38.4,345.6,2
ITEM007200,ORD03255,PROD0029,Makeup,Biotique,1,1007,10,100.7,906.3,4
ITEM007201,ORD00341,PROD0069,Fragrance,Plum,1,1765,10,176.5,1588.5,4
ITEM007202,ORD04042,PROD0105,Wellness,Minimalist,1,1068,15,160.2,907.8,4
ITEM007203,ORD00680,PROD0075,Fragrance,Forest Essentials,1,1648,0,0,1648,
ITEM007204,ORD00680,PROD0061,Haircare,L'Oreal Paris,1,466,5,23.3,442.7,
ITEM007205,ORD03125,PROD0055,Haircare,Minimalist,3,967,15,435.15,2465.85,
ITEM007206,ORD03125,PROD0011,Skincare,Lakme,1,1528,10,152.8,1375.2,
ITEM007207,ORD03125,PROD0093,Men's Grooming,Nykaa Cosmetics,1,245,10,24.5,220.5,
ITEM007208,ORD03125,PROD0081,Bath & Body,L'Oreal Paris,2,767,15,230.1,1303.9,
ITEM007209,ORD01806,PROD0041,Makeup,Mamaearth,1,1516,30,454.8,1061.2,5
ITEM007210,ORD01806,PROD0083,Bath & Body,Minimalist,2,446,0,0,892,5
ITEM007211,ORD01806,PROD0105,Wellness,Minimalist,3,1068,0,0,3204,4
ITEM007212,ORD01806,PROD0026,Makeup,Biotique,1,267,30,80.1,186.9,4
ITEM007213,ORD01108,PROD0085,Bath & Body,Sugar Cosmetics,3,329,15,148.05,838.95,3
ITEM007214,ORD02473,PROD0074,Fragrance,NIVEA,1,752,30,225.6,526.4,
ITEM007215,ORD02473,PROD0107,Wellness,Sugar Cosmetics,1,1156,0,0,1156,
ITEM007216,ORD02473,PROD0061,Haircare,L'Oreal Paris,1,466,15,69.9,396.1,
ITEM007217,ORD02473,PROD0051,Haircare,WOW Skin Science,3,847,0,0,2541,
ITEM007218,ORD00449,PROD0029,Makeup,Biotique,1,1007,5,50.35,956.65,5
ITEM007219,ORD00449,PROD0109,Wellness,L'Oreal Paris,1,625,0,0,625,4
ITEM007220,ORD04096,PROD0034,Makeup,WOW Skin Science,2,2004,30,1202.4,2805.6,
ITEM007221,ORD04096,PROD0038,Makeup,The Ordinary,1,477,10,47.7,429.3,
ITEM007222,ORD04096,PROD0013,Skincare,Nykaa Cosmetics,2,716,5,71.6,1360.4,
ITEM007223,ORD04096,PROD0050,Haircare,Nykaa Cosmetics,1,762,0,0,762,
ITEM007224,ORD00089,PROD0087,Bath & Body,Dot & Key,1,222,0,0,222,5
ITEM007225,ORD00089,PROD0085,Bath & Body,Sugar Cosmetics,1,329,0,0,329,4
ITEM007226,ORD01528,PROD0037,Makeup,Mamaearth,1,209,10,20.9,188.1,5
ITEM007227,ORD00639,PROD0060,Haircare,Plum,2,512,15,153.6,870.4,1
ITEM007228,ORD00639,PROD0046,Makeup,The Ordinary,3,532,30,478.8,1117.2,4
ITEM007229,ORD04873,PROD0102,Wellness,MAC,1,1278,20,255.6,1022.4,2
ITEM007230,ORD02421,PROD0105,Wellness,Minimalist,1,1068,5,53.4,1014.6,
ITEM007231,ORD02421,PROD0034,Makeup,WOW Skin Science,1,2004,10,200.4,1803.6,
ITEM007232,ORD03000,PROD0010,Skincare,The Ordinary,2,893,20,357.2,1428.8,3
ITEM007233,ORD04456,PROD0091,Men's Grooming,WOW Skin Science,1,530,15,79.5,450.5,5
ITEM007234,ORD00029,PROD0088,Bath & Body,Sugar Cosmetics,3,669,0,0,2007,2
ITEM007235,ORD02369,PROD0023,Skincare,Biotique,1,1629,0,0,1629,4
ITEM007236,ORD02369,PROD0087,Bath & Body,Dot & Key,1,222,5,11.1,210.9,3
ITEM007237,ORD02494,PROD0042,Makeup,Sugar Cosmetics,1,647,10,64.7,582.3,5
ITEM007238,ORD02494,PROD0094,Men's Grooming,MAC,1,243,20,48.6,194.4,3
ITEM007239,ORD02494,PROD0110,Wellness,Nykaa Cosmetics,2,1400,15,420,2380,5
ITEM007240,ORD02494,PROD0043,Makeup,WOW Skin Science,1,1330,15,199.5,1130.5,5
ITEM007241,ORD03069,PROD0075,Fragrance,Forest Essentials,1,1648,15,247.2,1400.8,3
ITEM007242,ORD03069,PROD0043,Makeup,WOW Skin Science,2,1330,0,0,2660,5
ITEM007243,ORD03069,PROD0112,Wellness,NIVEA,1,964,15,144.6,819.4,5
ITEM007244,ORD03069,PROD0071,Fragrance,Maybelline,1,1416,0,0,1416,3
ITEM007245,ORD00418,PROD0027,Makeup,Mamaearth,1,1454,15,218.1,1235.9,5
ITEM007246,ORD00418,PROD0063,Haircare,Mamaearth,1,1105,0,0,1105,4
ITEM007247,ORD00418,PROD0023,Skincare,Biotique,1,1629,10,162.9,1466.1,5
ITEM007248,ORD00232,PROD0080,Bath & Body,Lakme,1,152,0,0,152,5
ITEM007249,ORD04578,PROD0089,Bath & Body,Biotique,1,384,20,76.8,307.2,3
ITEM007250,ORD04919,PROD0047,Haircare,Biotique,1,665,15,99.75,565.25,
ITEM007251,ORD04919,PROD0080,Bath & Body,Lakme,1,152,0,0,152,
ITEM007252,ORD01556,PROD0080,Bath & Body,Lakme,1,152,30,45.6,106.4,5
ITEM007253,ORD01556,PROD0047,Haircare,Biotique,1,665,15,99.75,565.25,5
ITEM007254,ORD04356,PROD0055,Haircare,Minimalist,1,967,0,0,967,5
ITEM007255,ORD04356,PROD0045,Makeup,WOW Skin Science,2,1690,20,676,2704,5
ITEM007256,ORD04356,PROD0052,Haircare,Nykaa Cosmetics,1,915,0,0,915,5
ITEM007257,ORD04356,PROD0072,Fragrance,The Ordinary,2,1765,30,1059,2471,5
ITEM007258,ORD04188,PROD0016,Skincare,The Ordinary,1,1150,0,0,1150,5
ITEM007259,ORD04122,PROD0010,Skincare,The Ordinary,1,893,5,44.65,848.35,5
ITEM007260,ORD04496,PROD0060,Haircare,Plum,3,512,20,307.2,1228.8,3
ITEM007261,ORD04496,PROD0003,Skincare,MAC,1,1606,20,321.2,1284.8,5
ITEM007262,ORD02425,PROD0077,Fragrance,Lakme,2,2406,5,240.6,4571.4,5
ITEM007263,ORD02425,PROD0098,Men's Grooming,The Ordinary,3,241,20,144.6,578.4,5
ITEM007264,ORD03845,PROD0072,Fragrance,The Ordinary,1,1765,30,529.5,1235.5,4
ITEM007265,ORD02418,PROD0091,Men's Grooming,WOW Skin Science,1,530,5,26.5,503.5,5
ITEM007266,ORD02418,PROD0076,Fragrance,Dot & Key,1,552,30,165.6,386.4,5
ITEM007267,ORD02418,PROD0095,Men's Grooming,The Ordinary,1,269,10,26.9,242.1,2
ITEM007268,ORD02418,PROD0027,Makeup,Mamaearth,2,1454,0,0,2908,4
ITEM007269,ORD00237,PROD0107,Wellness,Sugar Cosmetics,1,1156,20,231.2,924.8,5
ITEM007270,ORD01894,PROD0023,Skincare,Biotique,2,1629,10,325.8,2932.2,5
ITEM007271,ORD01894,PROD0066,Fragrance,Forest Essentials,1,2975,10,297.5,2677.5,5
ITEM007272,ORD01894,PROD0020,Skincare,Maybelline,1,1237,30,371.1,865.9,4
ITEM007273,ORD03893,PROD0021,Skincare,Biotique,1,869,30,260.7,608.3,2
ITEM007274,ORD03893,PROD0090,Men's Grooming,NIVEA,1,842,0,0,842,5
ITEM007275,ORD03893,PROD0095,Men's Grooming,The Ordinary,3,269,15,121.05,685.95,4
ITEM007276,ORD01696,PROD0092,Men's Grooming,Lakme,2,463,5,46.3,879.7,
ITEM007277,ORD01696,PROD0108,Wellness,The Ordinary,1,945,10,94.5,850.5,
ITEM007278,ORD04267,PROD0034,Makeup,WOW Skin Science,1,2004,20,400.8,1603.2,
ITEM007279,ORD04267,PROD0074,Fragrance,NIVEA,1,752,30,225.6,526.4,
ITEM007280,ORD04267,PROD0096,Men's Grooming,The Ordinary,1,520,5,26,494,
ITEM007281,ORD04267,PROD0017,Skincare,WOW Skin Science,2,1699,0,0,3398,
ITEM007282,ORD02584,PROD0031,Makeup,WOW Skin Science,1,1892,30,567.6,1324.4,5
ITEM007283,ORD02046,PROD0023,Skincare,Biotique,1,1629,10,162.9,1466.1,3
ITEM007284,ORD02046,PROD0035,Makeup,Sugar Cosmetics,2,526,20,210.4,841.6,3
ITEM007285,ORD02753,PROD0075,Fragrance,Forest Essentials,1,1648,5,82.4,1565.6,
ITEM007286,ORD02499,PROD0024,Skincare,MAC,1,900,30,270,630,
ITEM007287,ORD02499,PROD0001,Skincare,Minimalist,2,1006,20,402.4,1609.6,
ITEM007288,ORD02183,PROD0015,Skincare,Biotique,1,1295,10,129.5,1165.5,
ITEM007289,ORD02183,PROD0082,Bath & Body,Sugar Cosmetics,2,621,30,372.6,869.4,
ITEM007290,ORD04047,PROD0067,Fragrance,Biotique,1,1488,15,223.2,1264.8,4
ITEM007291,ORD04047,PROD0048,Haircare,Maybelline,1,775,5,38.75,736.25,2
ITEM007292,ORD01687,PROD0105,Wellness,Minimalist,2,1068,30,640.8,1495.2,3
ITEM007293,ORD03575,PROD0049,Haircare,Forest Essentials,2,718,10,143.6,1292.4,4
ITEM007294,ORD03575,PROD0051,Haircare,WOW Skin Science,1,847,20,169.4,677.6,3
ITEM007295,ORD03290,PROD0095,Men's Grooming,The Ordinary,1,269,5,13.45,255.55,3
ITEM007296,ORD00471,PROD0018,Skincare,Dot & Key,2,1081,30,648.6,1513.4,3
ITEM007297,ORD02146,PROD0043,Makeup,WOW Skin Science,1,1330,20,266,1064,
ITEM007298,ORD02860,PROD0022,Skincare,MAC,1,1685,30,505.5,1179.5,
ITEM007299,ORD02860,PROD0063,Haircare,Mamaearth,2,1105,0,0,2210,
ITEM007300,ORD00082,PROD0007,Skincare,Biotique,1,995,0,0,995,
ITEM007301,ORD04085,PROD0055,Haircare,Minimalist,1,967,10,96.7,870.3,4
ITEM007302,ORD04986,PROD0012,Skincare,Minimalist,1,428,15,64.2,363.8,5
ITEM007303,ORD04986,PROD0031,Makeup,WOW Skin Science,1,1892,0,0,1892,4
ITEM007304,ORD04916,PROD0002,Skincare,Dot & Key,1,483,30,144.9,338.1,
ITEM007305,ORD04916,PROD0010,Skincare,The Ordinary,1,893,15,133.95,759.05,
ITEM007306,ORD03680,PROD0043,Makeup,WOW Skin Science,2,1330,15,399,2261,4
ITEM007307,ORD00862,PROD0002,Skincare,Dot & Key,1,483,5,24.15,458.85,5
ITEM007308,ORD00862,PROD0045,Makeup,WOW Skin Science,1,1690,0,0,1690,4
ITEM007309,ORD01072,PROD0058,Haircare,Mamaearth,1,841,30,252.3,588.7,5
ITEM007310,ORD01072,PROD0075,Fragrance,Forest Essentials,1,1648,0,0,1648,3
ITEM007311,ORD01072,PROD0003,Skincare,MAC,2,1606,0,0,3212,4
ITEM007312,ORD00463,PROD0057,Haircare,The Ordinary,2,735,30,441,1029,4
ITEM007313,ORD00463,PROD0028,Makeup,L'Oreal Paris,1,844,0,0,844,4
ITEM007314,ORD00595,PROD0005,Skincare,Biotique,3,893,15,401.85,2277.15,5
ITEM007315,ORD02193,PROD0022,Skincare,MAC,1,1685,0,0,1685,4
ITEM007316,ORD02193,PROD0085,Bath & Body,Sugar Cosmetics,2,329,15,98.7,559.3,4
ITEM007317,ORD02193,PROD0041,Makeup,Mamaearth,1,1516,0,0,1516,4
ITEM007318,ORD02193,PROD0004,Skincare,Dot & Key,2,1072,0,0,2144,4
ITEM007319,ORD00681,PROD0085,Bath & Body,Sugar Cosmetics,1,329,0,0,329,
ITEM007320,ORD00681,PROD0034,Makeup,WOW Skin Science,2,2004,0,0,4008,
ITEM007321,ORD02825,PROD0083,Bath & Body,Minimalist,1,446,5,22.3,423.7,4
ITEM007322,ORD02825,PROD0091,Men's Grooming,WOW Skin Science,1,530,20,106,424,5
ITEM007323,ORD02825,PROD0071,Fragrance,Maybelline,1,1416,20,283.2,1132.8,3
ITEM007324,ORD04467,PROD0096,Men's Grooming,The Ordinary,3,520,15,234,1326,3
ITEM007325,ORD04092,PROD0043,Makeup,WOW Skin Science,2,1330,5,133,2527,4
ITEM007326,ORD00347,PROD0010,Skincare,The Ordinary,2,893,10,178.6,1607.4,4
ITEM007327,ORD04567,PROD0007,Skincare,Biotique,1,995,0,0,995,5
ITEM007328,ORD04567,PROD0102,Wellness,MAC,1,1278,15,191.7,1086.3,4
ITEM007329,ORD04567,PROD0006,Skincare,Nykaa Cosmetics,1,1639,20,327.8,1311.2,5
ITEM007330,ORD04567,PROD0069,Fragrance,Plum,1,1765,5,88.25,1676.75,5
ITEM007331,ORD04707,PROD0032,Makeup,Maybelline,1,2207,30,662.1,1544.9,4
ITEM007332,ORD01596,PROD0049,Haircare,Forest Essentials,1,718,5,35.9,682.1,5
ITEM007333,ORD01161,PROD0005,Skincare,Biotique,1,893,30,267.9,625.1,
ITEM007334,ORD01161,PROD0081,Bath & Body,L'Oreal Paris,1,767,15,115.05,651.95,
ITEM007335,ORD04613,PROD0011,Skincare,Lakme,2,1528,10,305.6,2750.4,4
ITEM007336,ORD03296,PROD0108,Wellness,The Ordinary,3,945,10,283.5,2551.5,
ITEM007337,ORD00125,PROD0097,Men's Grooming,Maybelline,1,369,0,0,369,3
ITEM007338,ORD00125,PROD0083,Bath & Body,Minimalist,1,446,5,22.3,423.7,5
ITEM007339,ORD02646,PROD0037,Makeup,Mamaearth,2,209,0,0,418,4
ITEM007340,ORD02646,PROD0039,Makeup,Nykaa Cosmetics,1,864,30,259.2,604.8,2
ITEM007341,ORD04229,PROD0011,Skincare,Lakme,2,1528,0,0,3056,5
ITEM007342,ORD04229,PROD0012,Skincare,Minimalist,2,428,15,128.4,727.6,3
ITEM007343,ORD01490,PROD0073,Fragrance,Biotique,1,2226,0,0,2226,4
ITEM007344,ORD01490,PROD0098,Men's Grooming,The Ordinary,1,241,30,72.3,168.7,4
ITEM007345,ORD03637,PROD0078,Fragrance,Forest Essentials,1,1970,30,591,1379,5
ITEM007346,ORD03648,PROD0001,Skincare,Minimalist,1,1006,5,50.3,955.7,
ITEM007347,ORD03648,PROD0087,Bath & Body,Dot & Key,1,222,5,11.1,210.9,
ITEM007348,ORD00300,PROD0040,Makeup,NIVEA,2,681,10,136.2,1225.8,4
ITEM007349,ORD00300,PROD0005,Skincare,Biotique,1,893,5,44.65,848.35,4
ITEM007350,ORD00300,PROD0067,Fragrance,Biotique,1,1488,0,0,1488,4
ITEM007351,ORD04120,PROD0025,Skincare,Forest Essentials,1,639,0,0,639,1
ITEM007352,ORD04120,PROD0101,Wellness,Mamaearth,2,930,30,558,1302,3
ITEM007353,ORD04120,PROD0046,Makeup,The Ordinary,1,532,15,79.8,452.2,5
ITEM007354,ORD00950,PROD0057,Haircare,The Ordinary,1,735,5,36.75,698.25,3
ITEM007355,ORD02573,PROD0044,Makeup,Nykaa Cosmetics,1,701,0,0,701,4
ITEM007356,ORD01257,PROD0092,Men's Grooming,Lakme,1,463,5,23.15,439.85,4
ITEM007357,ORD04336,PROD0097,Men's Grooming,Maybelline,1,369,30,110.7,258.3,
ITEM007358,ORD00815,PROD0083,Bath & Body,Minimalist,1,446,5,22.3,423.7,5
ITEM007359,ORD01272,PROD0021,Skincare,Biotique,1,869,15,130.35,738.65,5
ITEM007360,ORD01272,PROD0053,Haircare,Forest Essentials,1,1102,0,0,1102,4
ITEM007361,ORD00702,PROD0102,Wellness,MAC,1,1278,0,0,1278,
ITEM007362,ORD00702,PROD0081,Bath & Body,L'Oreal Paris,1,767,0,0,767,
ITEM007363,ORD00702,PROD0060,Haircare,Plum,1,512,0,0,512,
ITEM007364,ORD00562,PROD0011,Skincare,Lakme,1,1528,30,458.4,1069.6,4
ITEM007365,ORD02333,PROD0067,Fragrance,Biotique,1,1488,0,0,1488,2
ITEM007366,ORD04649,PROD0035,Makeup,Sugar Cosmetics,3,526,15,236.7,1341.3,4
ITEM007367,ORD04649,PROD0070,Fragrance,NIVEA,2,2241,30,1344.6,3137.4,5
ITEM007368,ORD04649,PROD0083,Bath & Body,Minimalist,1,446,30,133.8,312.2,5
ITEM007369,ORD04649,PROD0037,Makeup,Mamaearth,1,209,5,10.45,198.55,4
ITEM007370,ORD00020,PROD0016,Skincare,The Ordinary,1,1150,20,230,920,5
ITEM007371,ORD03791,PROD0006,Skincare,Nykaa Cosmetics,2,1639,15,491.7,2786.3,5
ITEM007372,ORD03791,PROD0003,Skincare,MAC,1,1606,20,321.2,1284.8,5
ITEM007373,ORD03808,PROD0011,Skincare,Lakme,1,1528,20,305.6,1222.4,3
ITEM007374,ORD00144,PROD0089,Bath & Body,Biotique,1,384,5,19.2,364.8,5
ITEM007375,ORD04706,PROD0092,Men's Grooming,Lakme,1,463,0,0,463,5
ITEM007376,ORD04258,PROD0069,Fragrance,Plum,2,1765,5,176.5,3353.5,4
ITEM007377,ORD04258,PROD0075,Fragrance,Forest Essentials,1,1648,15,247.2,1400.8,5
ITEM007378,ORD04258,PROD0101,Wellness,Mamaearth,1,930,5,46.5,883.5,5
ITEM007379,ORD04258,PROD0065,Haircare,Forest Essentials,3,334,15,150.3,851.7,3
ITEM007380,ORD02468,PROD0040,Makeup,NIVEA,1,681,0,0,681,
ITEM007381,ORD02648,PROD0080,Bath & Body,Lakme,1,152,5,7.6,144.4,4
ITEM007382,ORD02648,PROD0058,Haircare,Mamaearth,2,841,5,84.1,1597.9,5
ITEM007383,ORD01167,PROD0088,Bath & Body,Sugar Cosmetics,1,669,30,200.7,468.3,5
ITEM007384,ORD01167,PROD0072,Fragrance,The Ordinary,1,1765,20,353,1412,5
ITEM007385,ORD01167,PROD0063,Haircare,Mamaearth,1,1105,30,331.5,773.5,4
ITEM007386,ORD01167,PROD0061,Haircare,L'Oreal Paris,1,466,20,93.2,372.8,4
ITEM007387,ORD02875,PROD0029,Makeup,Biotique,1,1007,10,100.7,906.3,3
ITEM007388,ORD02875,PROD0016,Skincare,The Ordinary,2,1150,30,690,1610,4
ITEM007389,ORD01278,PROD0036,Makeup,Dot & Key,1,988,20,197.6,790.4,
ITEM007390,ORD01278,PROD0107,Wellness,Sugar Cosmetics,1,1156,5,57.8,1098.2,
ITEM007391,ORD01278,PROD0087,Bath & Body,Dot & Key,1,222,30,66.6,155.4,
ITEM007392,ORD03531,PROD0100,Men's Grooming,Minimalist,1,156,5,7.8,148.2,
ITEM007393,ORD03531,PROD0039,Makeup,Nykaa Cosmetics,1,864,0,0,864,
ITEM007394,ORD01852,PROD0070,Fragrance,NIVEA,1,2241,0,0,2241,5
ITEM007395,ORD01852,PROD0111,Wellness,Maybelline,2,489,0,0,978,5
ITEM007396,ORD01852,PROD0107,Wellness,Sugar Cosmetics,2,1156,20,462.4,1849.6,4
ITEM007397,ORD02508,PROD0045,Makeup,WOW Skin Science,1,1690,0,0,1690,5
ITEM007398,ORD02508,PROD0039,Makeup,Nykaa Cosmetics,1,864,5,43.2,820.8,4
ITEM007399,ORD03622,PROD0075,Fragrance,Forest Essentials,1,1648,20,329.6,1318.4,5
ITEM007400,ORD04199,PROD0064,Haircare,The Ordinary,1,642,0,0,642,2
ITEM007401,ORD04199,PROD0112,Wellness,NIVEA,2,964,15,289.2,1638.8,4
ITEM007402,ORD00591,PROD0004,Skincare,Dot & Key,1,1072,15,160.8,911.2,5
ITEM007403,ORD00591,PROD0056,Haircare,MAC,1,1009,15,151.35,857.65,4
ITEM007404,ORD02862,PROD0045,Makeup,WOW Skin Science,1,1690,10,169,1521,3
ITEM007405,ORD02862,PROD0054,Haircare,Dot & Key,1,181,0,0,181,5
ITEM007406,ORD02862,PROD0004,Skincare,Dot & Key,2,1072,20,428.8,1715.2,4
ITEM007407,ORD03454,PROD0042,Makeup,Sugar Cosmetics,1,647,10,64.7,582.3,4
ITEM007408,ORD04300,PROD0045,Makeup,WOW Skin Science,1,1690,5,84.5,1605.5,
ITEM007409,ORD04300,PROD0089,Bath & Body,Biotique,1,384,5,19.2,364.8,
ITEM007410,ORD04300,PROD0076,Fragrance,Dot & Key,1,552,5,27.6,524.4,
ITEM007411,ORD04300,PROD0096,Men's Grooming,The Ordinary,1,520,15,78,442,
ITEM007412,ORD03153,PROD0098,Men's Grooming,The Ordinary,1,241,0,0,241,5
ITEM007413,ORD04906,PROD0109,Wellness,L'Oreal Paris,1,625,30,187.5,437.5,4
ITEM007414,ORD04906,PROD0057,Haircare,The Ordinary,1,735,5,36.75,698.25,4
ITEM007415,ORD00454,PROD0046,Makeup,The Ordinary,2,532,10,106.4,957.6,5
ITEM007416,ORD00454,PROD0021,Skincare,Biotique,1,869,0,0,869,4
ITEM007417,ORD04007,PROD0080,Bath & Body,Lakme,3,152,30,136.8,319.2,5
ITEM007418,ORD04007,PROD0031,Makeup,WOW Skin Science,1,1892,0,0,1892,4
ITEM007419,ORD02000,PROD0036,Makeup,Dot & Key,1,988,30,296.4,691.6,
ITEM007420,ORD02000,PROD0107,Wellness,Sugar Cosmetics,1,1156,5,57.8,1098.2,
ITEM007421,ORD02000,PROD0104,Wellness,Nykaa Cosmetics,1,1259,0,0,1259,
ITEM007422,ORD04822,PROD0070,Fragrance,NIVEA,3,2241,0,0,6723,
ITEM007423,ORD04822,PROD0015,Skincare,Biotique,1,1295,15,194.25,1100.75,
ITEM007424,ORD01067,PROD0060,Haircare,Plum,1,512,30,153.6,358.4,3
ITEM007425,ORD01474,PROD0044,Makeup,Nykaa Cosmetics,1,701,0,0,701,
ITEM007426,ORD02863,PROD0110,Wellness,Nykaa Cosmetics,1,1400,15,210,1190,4
ITEM007427,ORD00205,PROD0078,Fragrance,Forest Essentials,1,1970,0,0,1970,
ITEM007428,ORD00205,PROD0088,Bath & Body,Sugar Cosmetics,1,669,20,133.8,535.2,
ITEM007429,ORD04849,PROD0075,Fragrance,Forest Essentials,1,1648,20,329.6,1318.4,3
ITEM007430,ORD00819,PROD0007,Skincare,Biotique,1,995,15,149.25,845.75,
ITEM007431,ORD00819,PROD0068,Fragrance,Minimalist,1,1193,30,357.9,835.1,
ITEM007432,ORD00819,PROD0029,Makeup,Biotique,2,1007,0,0,2014,
ITEM007433,ORD00991,PROD0037,Makeup,Mamaearth,2,209,10,41.8,376.2,5
ITEM007434,ORD03009,PROD0093,Men's Grooming,Nykaa Cosmetics,2,245,15,73.5,416.5,
ITEM007435,ORD03009,PROD0043,Makeup,WOW Skin Science,3,1330,10,399,3591,
ITEM007436,ORD03009,PROD0094,Men's Grooming,MAC,1,243,20,48.6,194.4,
ITEM007437,ORD03009,PROD0054,Haircare,Dot & Key,1,181,15,27.15,153.85,
ITEM007438,ORD03142,PROD0020,Skincare,Maybelline,1,1237,30,371.1,865.9,4
ITEM007439,ORD03142,PROD0111,Wellness,Maybelline,1,489,30,146.7,342.3,5
ITEM007440,ORD01464,PROD0033,Makeup,Mamaearth,1,2384,10,238.4,2145.6,2
ITEM007441,ORD04739,PROD0007,Skincare,Biotique,1,995,15,149.25,845.75,3
ITEM007442,ORD04739,PROD0030,Makeup,Nykaa Cosmetics,1,946,10,94.6,851.4,5
ITEM007443,ORD00338,PROD0109,Wellness,L'Oreal Paris,1,625,0,0,625,
ITEM007444,ORD00338,PROD0050,Haircare,Nykaa Cosmetics,1,762,20,152.4,609.6,
ITEM007445,ORD00884,PROD0006,Skincare,Nykaa Cosmetics,1,1639,15,245.85,1393.15,3
ITEM007446,ORD00196,PROD0039,Makeup,Nykaa Cosmetics,1,864,20,172.8,691.2,
ITEM007447,ORD00572,PROD0017,Skincare,WOW Skin Science,1,1699,0,0,1699,5
ITEM007448,ORD00572,PROD0046,Makeup,The Ordinary,1,532,10,53.2,478.8,4
ITEM007449,ORD00572,PROD0099,Men's Grooming,Forest Essentials,1,554,0,0,554,4
ITEM007450,ORD00572,PROD0041,Makeup,Mamaearth,1,1516,20,303.2,1212.8,4
ITEM007451,ORD01381,PROD0031,Makeup,WOW Skin Science,1,1892,20,378.4,1513.6,3
ITEM007452,ORD01381,PROD0109,Wellness,L'Oreal Paris,2,625,10,125,1125,4
ITEM007453,ORD00281,PROD0071,Fragrance,Maybelline,1,1416,5,70.8,1345.2,3
ITEM007454,ORD02571,PROD0104,Wellness,Nykaa Cosmetics,1,1259,20,251.8,1007.2,4
ITEM007455,ORD02571,PROD0105,Wellness,Minimalist,1,1068,10,106.8,961.2,5
ITEM007456,ORD02571,PROD0025,Skincare,Forest Essentials,1,639,30,191.7,447.3,4
ITEM007457,ORD00485,PROD0003,Skincare,MAC,1,1606,0,0,1606,4
ITEM007458,ORD02743,PROD0025,Skincare,Forest Essentials,2,639,20,255.6,1022.4,3
ITEM007459,ORD03299,PROD0110,Wellness,Nykaa Cosmetics,1,1400,10,140,1260,2
ITEM007460,ORD02060,PROD0028,Makeup,L'Oreal Paris,1,844,5,42.2,801.8,
ITEM007461,ORD02060,PROD0063,Haircare,Mamaearth,2,1105,0,0,2210,
ITEM007462,ORD02060,PROD0104,Wellness,Nykaa Cosmetics,2,1259,30,755.4,1762.6,
ITEM007463,ORD03754,PROD0096,Men's Grooming,The Ordinary,1,520,20,104,416,5
ITEM007464,ORD03822,PROD0036,Makeup,Dot & Key,3,988,15,444.6,2519.4,
ITEM007465,ORD03822,PROD0095,Men's Grooming,The Ordinary,1,269,15,40.35,228.65,
ITEM007466,ORD03500,PROD0076,Fragrance,Dot & Key,1,552,20,110.4,441.6,3
ITEM007467,ORD02030,PROD0029,Makeup,Biotique,2,1007,10,201.4,1812.6,5
ITEM007468,ORD02030,PROD0054,Haircare,Dot & Key,1,181,20,36.2,144.8,5
ITEM007469,ORD01002,PROD0015,Skincare,Biotique,1,1295,0,0,1295,4
ITEM007470,ORD01002,PROD0029,Makeup,Biotique,1,1007,30,302.1,704.9,5
ITEM007471,ORD03935,PROD0062,Haircare,WOW Skin Science,1,769,5,38.45,730.55,3
ITEM007472,ORD04615,PROD0089,Bath & Body,Biotique,1,384,0,0,384,5
ITEM007473,ORD04615,PROD0075,Fragrance,Forest Essentials,2,1648,30,988.8,2307.2,4
ITEM007474,ORD04615,PROD0098,Men's Grooming,The Ordinary,2,241,20,96.4,385.6,2
ITEM007475,ORD04232,PROD0066,Fragrance,Forest Essentials,2,2975,5,297.5,5652.5,3
ITEM007476,ORD04232,PROD0087,Bath & Body,Dot & Key,3,222,20,133.2,532.8,5
ITEM007477,ORD04418,PROD0111,Wellness,Maybelline,1,489,0,0,489,4
ITEM007478,ORD04418,PROD0041,Makeup,Mamaearth,1,1516,0,0,1516,3
ITEM007479,ORD04418,PROD0034,Makeup,WOW Skin Science,2,2004,10,400.8,3607.2,4
ITEM007480,ORD03612,PROD0104,Wellness,Nykaa Cosmetics,1,1259,30,377.7,881.3,4
ITEM007481,ORD02838,PROD0096,Men's Grooming,The Ordinary,1,520,0,0,520,1
ITEM007482,ORD00642,PROD0065,Haircare,Forest Essentials,2,334,0,0,668,5
ITEM007483,ORD00642,PROD0102,Wellness,MAC,1,1278,30,383.4,894.6,4
ITEM007484,ORD03931,PROD0059,Haircare,Minimalist,2,503,5,50.3,955.7,5
ITEM007485,ORD00664,PROD0024,Skincare,MAC,1,900,10,90,810,
ITEM007486,ORD01608,PROD0104,Wellness,Nykaa Cosmetics,2,1259,5,125.9,2392.1,5
ITEM007487,ORD01608,PROD0092,Men's Grooming,Lakme,1,463,30,138.9,324.1,5
ITEM007488,ORD01608,PROD0107,Wellness,Sugar Cosmetics,1,1156,10,115.6,1040.4,5
ITEM007489,ORD01608,PROD0055,Haircare,Minimalist,1,967,30,290.1,676.9,5
ITEM007490,ORD00104,PROD0111,Wellness,Maybelline,1,489,0,0,489,5
ITEM007491,ORD00104,PROD0023,Skincare,Biotique,1,1629,5,81.45,1547.55,4
ITEM007492,ORD03066,PROD0007,Skincare,Biotique,1,995,15,149.25,845.75,4
ITEM007493,ORD03066,PROD0066,Fragrance,Forest Essentials,2,2975,5,297.5,5652.5,4
ITEM007494,ORD03829,PROD0075,Fragrance,Forest Essentials,2,1648,30,988.8,2307.2,4
ITEM007495,ORD03829,PROD0111,Wellness,Maybelline,1,489,30,146.7,342.3,4
ITEM007496,ORD02117,PROD0068,Fragrance,Minimalist,2,1193,10,238.6,2147.4,2
ITEM007497,ORD02117,PROD0092,Men's Grooming,Lakme,1,463,15,69.45,393.55,3
ITEM007498,ORD03236,PROD0011,Skincare,Lakme,1,1528,10,152.8,1375.2,5
ITEM007499,ORD02751,PROD0082,Bath & Body,Sugar Cosmetics,1,621,0,0,621,1
ITEM007500,ORD02924,PROD0003,Skincare,MAC,3,1606,30,1445.4,3372.6,5
ITEM007501,ORD02924,PROD0006,Skincare,Nykaa Cosmetics,1,1639,20,327.8,1311.2,5
ITEM007502,ORD03302,PROD0012,Skincare,Minimalist,1,428,30,128.4,299.6,4
ITEM007503,ORD00287,PROD0097,Men's Grooming,Maybelline,1,369,30,110.7,258.3,5
ITEM007504,ORD00287,PROD0088,Bath & Body,Sugar Cosmetics,3,669,20,401.4,1605.6,4
ITEM007505,ORD01344,PROD0076,Fragrance,Dot & Key,2,552,0,0,1104,5
ITEM007506,ORD02738,PROD0014,Skincare,Sugar Cosmetics,1,1200,30,360,840,4
ITEM007507,ORD04190,PROD0111,Wellness,Maybelline,1,489,30,146.7,342.3,3
ITEM007508,ORD04190,PROD0088,Bath & Body,Sugar Cosmetics,2,669,10,133.8,1204.2,3
ITEM007509,ORD04190,PROD0076,Fragrance,Dot & Key,1,552,30,165.6,386.4,4
ITEM007510,ORD01891,PROD0029,Makeup,Biotique,1,1007,0,0,1007,5
ITEM007511,ORD01891,PROD0020,Skincare,Maybelline,1,1237,0,0,1237,4
ITEM007512,ORD01891,PROD0055,Haircare,Minimalist,1,967,15,145.05,821.95,5
ITEM007513,ORD04140,PROD0103,Wellness,Forest Essentials,1,1146,0,0,1146,5
ITEM007514,ORD04140,PROD0034,Makeup,WOW Skin Science,2,2004,5,200.4,3807.6,4
ITEM007515,ORD04140,PROD0096,Men's Grooming,The Ordinary,1,520,10,52,468,5
ITEM007516,ORD00369,PROD0111,Wellness,Maybelline,1,489,5,24.45,464.55,
ITEM007517,ORD00369,PROD0008,Skincare,Forest Essentials,1,317,0,0,317,
ITEM007518,ORD00369,PROD0106,Wellness,Forest Essentials,1,762,15,114.3,647.7,
ITEM007519,ORD01293,PROD0042,Makeup,Sugar Cosmetics,1,647,5,32.35,614.65,5
ITEM007520,ORD01293,PROD0011,Skincare,Lakme,1,1528,0,0,1528,5
ITEM007521,ORD03382,PROD0051,Haircare,WOW Skin Science,2,847,30,508.2,1185.8,1
ITEM007522,ORD03382,PROD0040,Makeup,NIVEA,1,681,30,204.3,476.7,4
ITEM007523,ORD01345,PROD0006,Skincare,Nykaa Cosmetics,1,1639,30,491.7,1147.3,4
ITEM007524,ORD01345,PROD0108,Wellness,The Ordinary,2,945,10,189,1701,5
ITEM007525,ORD01345,PROD0098,Men's Grooming,The Ordinary,1,241,20,48.2,192.8,4
ITEM007526,ORD03960,PROD0055,Haircare,Minimalist,1,967,20,193.4,773.6,
ITEM007527,ORD03960,PROD0003,Skincare,MAC,2,1606,15,481.8,2730.2,
ITEM007528,ORD03100,PROD0042,Makeup,Sugar Cosmetics,1,647,15,97.05,549.95,5
ITEM007529,ORD01682,PROD0085,Bath & Body,Sugar Cosmetics,1,329,0,0,329,
ITEM007530,ORD01097,PROD0099,Men's Grooming,Forest Essentials,1,554,15,83.1,470.9,3
ITEM007531,ORD01097,PROD0058,Haircare,Mamaearth,3,841,15,378.45,2144.55,5
ITEM007532,ORD04905,PROD0007,Skincare,Biotique,1,995,5,49.75,945.25,5
ITEM007533,ORD04905,PROD0033,Makeup,Mamaearth,1,2384,15,357.6,2026.4,3
ITEM007534,ORD04905,PROD0108,Wellness,The Ordinary,2,945,0,0,1890,5
ITEM007535,ORD00917,PROD0065,Haircare,Forest Essentials,2,334,0,0,668,5
ITEM007536,ORD00917,PROD0079,Bath & Body,L'Oreal Paris,2,653,0,0,1306,3
ITEM007537,ORD00917,PROD0066,Fragrance,Forest Essentials,1,2975,30,892.5,2082.5,5
ITEM007538,ORD00917,PROD0001,Skincare,Minimalist,2,1006,20,402.4,1609.6,5
ITEM007539,ORD00046,PROD0038,Makeup,The Ordinary,1,477,15,71.55,405.45,4
ITEM007540,ORD00046,PROD0049,Haircare,Forest Essentials,1,718,5,35.9,682.1,2
ITEM007541,ORD01716,PROD0068,Fragrance,Minimalist,2,1193,15,357.9,2028.1,2
ITEM007542,ORD04147,PROD0064,Haircare,The Ordinary,1,642,15,96.3,545.7,3
ITEM007543,ORD00708,PROD0052,Haircare,Nykaa Cosmetics,1,915,5,45.75,869.25,
ITEM007544,ORD00985,PROD0016,Skincare,The Ordinary,3,1150,5,172.5,3277.5,4
ITEM007545,ORD00522,PROD0081,Bath & Body,L'Oreal Paris,1,767,10,76.7,690.3,4
ITEM007546,ORD00522,PROD0099,Men's Grooming,Forest Essentials,2,554,10,110.8,997.2,4
ITEM007547,ORD00522,PROD0006,Skincare,Nykaa Cosmetics,2,1639,0,0,3278,5
ITEM007548,ORD00522,PROD0090,Men's Grooming,NIVEA,1,842,20,168.4,673.6,4
ITEM007549,ORD00766,PROD0092,Men's Grooming,Lakme,1,463,10,46.3,416.7,
ITEM007550,ORD00766,PROD0049,Haircare,Forest Essentials,2,718,0,0,1436,
ITEM007551,ORD04519,PROD0064,Haircare,The Ordinary,3,642,15,288.9,1637.1,4
ITEM007552,ORD04519,PROD0082,Bath & Body,Sugar Cosmetics,3,621,0,0,1863,5
ITEM007553,ORD04519,PROD0009,Skincare,NIVEA,1,720,15,108,612,4
ITEM007554,ORD04869,PROD0101,Wellness,Mamaearth,1,930,30,279,651,
ITEM007555,ORD04756,PROD0077,Fragrance,Lakme,2,2406,5,240.6,4571.4,3
ITEM007556,ORD04756,PROD0091,Men's Grooming,WOW Skin Science,2,530,30,318,742,5
ITEM007557,ORD04756,PROD0109,Wellness,L'Oreal Paris,1,625,20,125,500,5
ITEM007558,ORD01436,PROD0033,Makeup,Mamaearth,1,2384,0,0,2384,4
ITEM007559,ORD01436,PROD0083,Bath & Body,Minimalist,1,446,15,66.9,379.1,4
ITEM007560,ORD01436,PROD0003,Skincare,MAC,2,1606,0,0,3212,5
ITEM007561,ORD01436,PROD0035,Makeup,Sugar Cosmetics,1,526,15,78.9,447.1,1
ITEM007562,ORD03198,PROD0080,Bath & Body,Lakme,1,152,30,45.6,106.4,
ITEM007563,ORD03198,PROD0058,Haircare,Mamaearth,1,841,0,0,841,
ITEM007564,ORD03198,PROD0060,Haircare,Plum,1,512,15,76.8,435.2,
ITEM007565,ORD02301,PROD0041,Makeup,Mamaearth,1,1516,0,0,1516,3
ITEM007566,ORD02301,PROD0064,Haircare,The Ordinary,2,642,30,385.2,898.8,5
ITEM007567,ORD01845,PROD0100,Men's Grooming,Minimalist,1,156,30,46.8,109.2,5
ITEM007568,ORD01845,PROD0061,Haircare,L'Oreal Paris,1,466,10,46.6,419.4,5
ITEM007569,ORD01845,PROD0063,Haircare,Mamaearth,1,1105,30,331.5,773.5,2
ITEM007570,ORD01845,PROD0017,Skincare,WOW Skin Science,2,1699,15,509.7,2888.3,5
ITEM007571,ORD03210,PROD0024,Skincare,MAC,1,900,0,0,900,3
ITEM007572,ORD03210,PROD0112,Wellness,NIVEA,2,964,10,192.8,1735.2,2
ITEM007573,ORD02209,PROD0050,Haircare,Nykaa Cosmetics,1,762,15,114.3,647.7,
ITEM007574,ORD02209,PROD0078,Fragrance,Forest Essentials,2,1970,10,394,3546,
ITEM007575,ORD01242,PROD0015,Skincare,Biotique,3,1295,30,1165.5,2719.5,3
ITEM007576,ORD01688,PROD0077,Fragrance,Lakme,2,2406,30,1443.6,3368.4,
ITEM007577,ORD01688,PROD0038,Makeup,The Ordinary,2,477,10,95.4,858.6,
ITEM007578,ORD01688,PROD0088,Bath & Body,Sugar Cosmetics,1,669,20,133.8,535.2,
ITEM007579,ORD04755,PROD0069,Fragrance,Plum,1,1765,0,0,1765,5
ITEM007580,ORD04755,PROD0058,Haircare,Mamaearth,1,841,0,0,841,4
ITEM007581,ORD02509,PROD0106,Wellness,Forest Essentials,1,762,0,0,762,
ITEM007582,ORD04677,PROD0005,Skincare,Biotique,1,893,15,133.95,759.05,5
ITEM007583,ORD03163,PROD0071,Fragrance,Maybelline,2,1416,30,849.6,1982.4,5
ITEM007584,ORD02342,PROD0049,Haircare,Forest Essentials,2,718,30,430.8,1005.2,
ITEM007585,ORD00478,PROD0019,Skincare,The Ordinary,1,1588,30,476.4,1111.6,3
ITEM007586,ORD01902,PROD0077,Fragrance,Lakme,1,2406,15,360.9,2045.1,5
ITEM007587,ORD04661,PROD0082,Bath & Body,Sugar Cosmetics,1,621,30,186.3,434.7,3
ITEM007588,ORD02167,PROD0051,Haircare,WOW Skin Science,1,847,15,127.05,719.95,5
ITEM007589,ORD02167,PROD0013,Skincare,Nykaa Cosmetics,1,716,10,71.6,644.4,4
ITEM007590,ORD02167,PROD0047,Haircare,Biotique,3,665,20,399,1596,4
ITEM007591,ORD04037,PROD0046,Makeup,The Ordinary,1,532,10,53.2,478.8,
ITEM007592,ORD04037,PROD0053,Haircare,Forest Essentials,1,1102,5,55.1,1046.9,
ITEM007593,ORD00004,PROD0096,Men's Grooming,The Ordinary,1,520,5,26,494,4
ITEM007594,ORD00004,PROD0009,Skincare,NIVEA,1,720,0,0,720,5
ITEM007595,ORD04871,PROD0081,Bath & Body,L'Oreal Paris,1,767,30,230.1,536.9,5
ITEM007596,ORD04871,PROD0037,Makeup,Mamaearth,1,209,30,62.7,146.3,4
ITEM007597,ORD00926,PROD0022,Skincare,MAC,2,1685,15,505.5,2864.5,4
ITEM007598,ORD01896,PROD0091,Men's Grooming,WOW Skin Science,1,530,20,106,424,3
ITEM007599,ORD04279,PROD0041,Makeup,Mamaearth,1,1516,10,151.6,1364.4,5
ITEM007600,ORD04279,PROD0065,Haircare,Forest Essentials,1,334,20,66.8,267.2,5
ITEM007601,ORD01588,PROD0062,Haircare,WOW Skin Science,3,769,0,0,2307,5
ITEM007602,ORD01588,PROD0084,Bath & Body,Mamaearth,2,750,30,450,1050,3
ITEM007603,ORD01588,PROD0057,Haircare,The Ordinary,1,735,5,36.75,698.25,5
ITEM007604,ORD03488,PROD0028,Makeup,L'Oreal Paris,3,844,0,0,2532,3
ITEM007605,ORD03488,PROD0099,Men's Grooming,Forest Essentials,1,554,0,0,554,5
ITEM007606,ORD03488,PROD0064,Haircare,The Ordinary,2,642,15,192.6,1091.4,2
ITEM007607,ORD03858,PROD0107,Wellness,Sugar Cosmetics,2,1156,30,693.6,1618.4,5
ITEM007608,ORD00902,PROD0076,Fragrance,Dot & Key,1,552,0,0,552,5
ITEM007609,ORD01034,PROD0101,Wellness,Mamaearth,1,930,5,46.5,883.5,
ITEM007610,ORD01034,PROD0053,Haircare,Forest Essentials,2,1102,0,0,2204,
ITEM007611,ORD01971,PROD0104,Wellness,Nykaa Cosmetics,1,1259,20,251.8,1007.2,4
ITEM007612,ORD01971,PROD0038,Makeup,The Ordinary,1,477,15,71.55,405.45,5
ITEM007613,ORD01971,PROD0079,Bath & Body,L'Oreal Paris,1,653,30,195.9,457.1,5
ITEM007614,ORD01971,PROD0088,Bath & Body,Sugar Cosmetics,2,669,20,267.6,1070.4,2
ITEM007615,ORD00098,PROD0029,Makeup,Biotique,1,1007,15,151.05,855.95,3
ITEM007616,ORD00098,PROD0065,Haircare,Forest Essentials,2,334,5,33.4,634.6,4
ITEM007617,ORD01769,PROD0047,Haircare,Biotique,1,665,0,0,665,4
ITEM007618,ORD04002,PROD0015,Skincare,Biotique,1,1295,30,388.5,906.5,2
ITEM007619,ORD04002,PROD0079,Bath & Body,L'Oreal Paris,1,653,0,0,653,4
ITEM007620,ORD01956,PROD0005,Skincare,Biotique,1,893,30,267.9,625.1,5
ITEM007621,ORD01956,PROD0079,Bath & Body,L'Oreal Paris,1,653,5,32.65,620.35,5
ITEM007622,ORD02474,PROD0094,Men's Grooming,MAC,1,243,5,12.15,230.85,5
ITEM007623,ORD01347,PROD0099,Men's Grooming,Forest Essentials,1,554,0,0,554,5
ITEM007624,ORD01347,PROD0011,Skincare,Lakme,2,1528,10,305.6,2750.4,5
ITEM007625,ORD04918,PROD0112,Wellness,NIVEA,1,964,5,48.2,915.8,5
ITEM007626,ORD00648,PROD0060,Haircare,Plum,1,512,5,25.6,486.4,
ITEM007627,ORD00648,PROD0053,Haircare,Forest Essentials,1,1102,5,55.1,1046.9,
ITEM007628,ORD04645,PROD0085,Bath & Body,Sugar Cosmetics,2,329,20,131.6,526.4,4
ITEM007629,ORD00816,PROD0026,Makeup,Biotique,1,267,15,40.05,226.95,4
ITEM007630,ORD03671,PROD0097,Men's Grooming,Maybelline,1,369,20,73.8,295.2,
ITEM007631,ORD03671,PROD0055,Haircare,Minimalist,1,967,30,290.1,676.9,
ITEM007632,ORD03671,PROD0068,Fragrance,Minimalist,1,1193,15,178.95,1014.05,
ITEM007633,ORD03671,PROD0093,Men's Grooming,Nykaa Cosmetics,1,245,20,49,196,
ITEM007634,ORD03905,PROD0106,Wellness,Forest Essentials,3,762,5,114.3,2171.7,5
ITEM007635,ORD03905,PROD0070,Fragrance,NIVEA,2,2241,10,448.2,4033.8,5
ITEM007636,ORD00583,PROD0097,Men's Grooming,Maybelline,1,369,5,18.45,350.55,
ITEM007637,ORD00583,PROD0071,Fragrance,Maybelline,1,1416,10,141.6,1274.4,
ITEM007638,ORD00117,PROD0052,Haircare,Nykaa Cosmetics,1,915,10,91.5,823.5,
ITEM007639,ORD00117,PROD0043,Makeup,WOW Skin Science,2,1330,0,0,2660,
ITEM007640,ORD04253,PROD0065,Haircare,Forest Essentials,2,334,20,133.6,534.4,2
ITEM007641,ORD04253,PROD0047,Haircare,Biotique,2,665,10,133,1197,5
ITEM007642,ORD04367,PROD0033,Makeup,Mamaearth,2,2384,5,238.4,4529.6,5
ITEM007643,ORD04367,PROD0018,Skincare,Dot & Key,2,1081,0,0,2162,5
ITEM007644,ORD04367,PROD0008,Skincare,Forest Essentials,2,317,20,126.8,507.2,2
ITEM007645,ORD04367,PROD0032,Makeup,Maybelline,1,2207,5,110.35,2096.65,3
ITEM007646,ORD04430,PROD0104,Wellness,Nykaa Cosmetics,2,1259,0,0,2518,
ITEM007647,ORD04430,PROD0108,Wellness,The Ordinary,1,945,5,47.25,897.75,
ITEM007648,ORD04430,PROD0023,Skincare,Biotique,1,1629,15,244.35,1384.65,
ITEM007649,ORD00558,PROD0095,Men's Grooming,The Ordinary,1,269,30,80.7,188.3,3
ITEM007650,ORD00558,PROD0056,Haircare,MAC,1,1009,20,201.8,807.2,5
ITEM007651,ORD00558,PROD0022,Skincare,MAC,3,1685,5,252.75,4802.25,4
ITEM007652,ORD00558,PROD0104,Wellness,Nykaa Cosmetics,1,1259,0,0,1259,2
ITEM007653,ORD04730,PROD0080,Bath & Body,Lakme,1,152,30,45.6,106.4,2
ITEM007654,ORD04730,PROD0005,Skincare,Biotique,1,893,5,44.65,848.35,4
ITEM007655,ORD04730,PROD0034,Makeup,WOW Skin Science,1,2004,15,300.6,1703.4,4
ITEM007656,ORD00511,PROD0054,Haircare,Dot & Key,1,181,0,0,181,
ITEM007657,ORD00511,PROD0021,Skincare,Biotique,1,869,0,0,869,
ITEM007658,ORD00511,PROD0077,Fragrance,Lakme,1,2406,10,240.6,2165.4,
ITEM007659,ORD04539,PROD0018,Skincare,Dot & Key,1,1081,0,0,1081,5
ITEM007660,ORD04539,PROD0104,Wellness,Nykaa Cosmetics,1,1259,30,377.7,881.3,3
ITEM007661,ORD04539,PROD0022,Skincare,MAC,1,1685,5,84.25,1600.75,4
ITEM007662,ORD04539,PROD0005,Skincare,Biotique,2,893,5,89.3,1696.7,4
ITEM007663,ORD02196,PROD0075,Fragrance,Forest Essentials,1,1648,0,0,1648,5
ITEM007664,ORD02596,PROD0055,Haircare,Minimalist,1,967,20,193.4,773.6,5
ITEM007665,ORD02596,PROD0096,Men's Grooming,The Ordinary,1,520,10,52,468,5
ITEM007666,ORD02596,PROD0040,Makeup,NIVEA,1,681,0,0,681,4
ITEM007667,ORD02251,PROD0076,Fragrance,Dot & Key,1,552,15,82.8,469.2,5
ITEM007668,ORD02251,PROD0016,Skincare,The Ordinary,1,1150,15,172.5,977.5,3
ITEM007669,ORD02251,PROD0043,Makeup,WOW Skin Science,1,1330,15,199.5,1130.5,3
ITEM007670,ORD02251,PROD0022,Skincare,MAC,1,1685,20,337,1348,4
ITEM007671,ORD04286,PROD0006,Skincare,Nykaa Cosmetics,1,1639,20,327.8,1311.2,4
ITEM007672,ORD04286,PROD0040,Makeup,NIVEA,1,681,10,68.1,612.9,5
ITEM007673,ORD01670,PROD0106,Wellness,Forest Essentials,1,762,20,152.4,609.6,4
ITEM007674,ORD01670,PROD0110,Wellness,Nykaa Cosmetics,1,1400,10,140,1260,5
ITEM007675,ORD01670,PROD0009,Skincare,NIVEA,1,720,20,144,576,5
ITEM007676,ORD02267,PROD0014,Skincare,Sugar Cosmetics,1,1200,30,360,840,
ITEM007677,ORD01627,PROD0096,Men's Grooming,The Ordinary,2,520,30,312,728,4
ITEM007678,ORD00911,PROD0020,Skincare,Maybelline,1,1237,30,371.1,865.9,
ITEM007679,ORD02855,PROD0057,Haircare,The Ordinary,1,735,30,220.5,514.5,
ITEM007680,ORD02855,PROD0034,Makeup,WOW Skin Science,1,2004,20,400.8,1603.2,
ITEM007681,ORD00283,PROD0030,Makeup,Nykaa Cosmetics,1,946,15,141.9,804.1,5
ITEM007682,ORD01763,PROD0099,Men's Grooming,Forest Essentials,1,554,30,166.2,387.8,5
ITEM007683,ORD01763,PROD0007,Skincare,Biotique,1,995,10,99.5,895.5,1
ITEM007684,ORD01763,PROD0074,Fragrance,NIVEA,1,752,0,0,752,5
ITEM007685,ORD00625,PROD0042,Makeup,Sugar Cosmetics,2,647,15,194.1,1099.9,5
ITEM007686,ORD02241,PROD0099,Men's Grooming,Forest Essentials,1,554,0,0,554,3
ITEM007687,ORD02241,PROD0019,Skincare,The Ordinary,1,1588,10,158.8,1429.2,5
ITEM007688,ORD02241,PROD0006,Skincare,Nykaa Cosmetics,1,1639,5,81.95,1557.05,4
ITEM007689,ORD04273,PROD0080,Bath & Body,Lakme,1,152,20,30.4,121.6,
ITEM007690,ORD04674,PROD0097,Men's Grooming,Maybelline,1,369,20,73.8,295.2,5
ITEM007691,ORD01713,PROD0048,Haircare,Maybelline,1,775,20,155,620,
ITEM007692,ORD01367,PROD0091,Men's Grooming,WOW Skin Science,1,530,5,26.5,503.5,4
ITEM007693,ORD01367,PROD0101,Wellness,Mamaearth,2,930,5,93,1767,5
ITEM007694,ORD02737,PROD0004,Skincare,Dot & Key,3,1072,10,321.6,2894.4,2
ITEM007695,ORD04930,PROD0034,Makeup,WOW Skin Science,2,2004,0,0,4008,5
ITEM007696,ORD01801,PROD0057,Haircare,The Ordinary,3,735,5,110.25,2094.75,
ITEM007697,ORD04415,PROD0103,Wellness,Forest Essentials,1,1146,15,171.9,974.1,3
ITEM007698,ORD03003,PROD0018,Skincare,Dot & Key,1,1081,20,216.2,864.8,5
ITEM007699,ORD03003,PROD0075,Fragrance,Forest Essentials,1,1648,0,0,1648,4
ITEM007700,ORD03425,PROD0059,Haircare,Minimalist,2,503,15,150.9,855.1,5
ITEM007701,ORD03425,PROD0068,Fragrance,Minimalist,1,1193,15,178.95,1014.05,4
ITEM007702,ORD03425,PROD0095,Men's Grooming,The Ordinary,1,269,30,80.7,188.3,2
ITEM007703,ORD03425,PROD0106,Wellness,Forest Essentials,1,762,0,0,762,3
ITEM007704,ORD03148,PROD0080,Bath & Body,Lakme,1,152,30,45.6,106.4,3
ITEM007705,ORD03148,PROD0019,Skincare,The Ordinary,1,1588,30,476.4,1111.6,5
ITEM007706,ORD02431,PROD0096,Men's Grooming,The Ordinary,1,520,0,0,520,4
ITEM007707,ORD02431,PROD0040,Makeup,NIVEA,1,681,20,136.2,544.8,4
ITEM007708,ORD02431,PROD0009,Skincare,NIVEA,1,720,20,144,576,4
ITEM007709,ORD01058,PROD0021,Skincare,Biotique,1,869,15,130.35,738.65,3
ITEM007710,ORD01960,PROD0060,Haircare,Plum,1,512,15,76.8,435.2,4
ITEM007711,ORD00928,PROD0089,Bath & Body,Biotique,2,384,10,76.8,691.2,5
ITEM007712,ORD00928,PROD0002,Skincare,Dot & Key,2,483,10,96.6,869.4,5
ITEM007713,ORD04515,PROD0097,Men's Grooming,Maybelline,1,369,0,0,369,4
ITEM007714,ORD04515,PROD0103,Wellness,Forest Essentials,1,1146,0,0,1146,2
ITEM007715,ORD01900,PROD0020,Skincare,Maybelline,1,1237,15,185.55,1051.45,4
ITEM007716,ORD00638,PROD0025,Skincare,Forest Essentials,2,639,15,191.7,1086.3,4
ITEM007717,ORD04700,PROD0043,Makeup,WOW Skin Science,1,1330,0,0,1330,
ITEM007718,ORD04700,PROD0020,Skincare,Maybelline,1,1237,0,0,1237,
ITEM007719,ORD01593,PROD0018,Skincare,Dot & Key,1,1081,0,0,1081,4
ITEM007720,ORD01593,PROD0031,Makeup,WOW Skin Science,1,1892,5,94.6,1797.4,5
ITEM007721,ORD01593,PROD0094,Men's Grooming,MAC,1,243,30,72.9,170.1,4
ITEM007722,ORD01083,PROD0108,Wellness,The Ordinary,3,945,20,567,2268,5
ITEM007723,ORD01083,PROD0097,Men's Grooming,Maybelline,1,369,5,18.45,350.55,5
ITEM007724,ORD00451,PROD0097,Men's Grooming,Maybelline,2,369,5,36.9,701.1,3
ITEM007725,ORD00294,PROD0112,Wellness,NIVEA,1,964,15,144.6,819.4,5
ITEM007726,ORD00294,PROD0046,Makeup,The Ordinary,1,532,0,0,532,5
ITEM007727,ORD04474,PROD0029,Makeup,Biotique,1,1007,30,302.1,704.9,5
ITEM007728,ORD04474,PROD0030,Makeup,Nykaa Cosmetics,2,946,20,378.4,1513.6,5
ITEM007729,ORD00351,PROD0049,Haircare,Forest Essentials,1,718,10,71.8,646.2,5
ITEM007730,ORD02424,PROD0096,Men's Grooming,The Ordinary,1,520,0,0,520,
ITEM007731,ORD02424,PROD0003,Skincare,MAC,1,1606,30,481.8,1124.2,
ITEM007732,ORD02019,PROD0095,Men's Grooming,The Ordinary,1,269,10,26.9,242.1,
ITEM007733,ORD01768,PROD0088,Bath & Body,Sugar Cosmetics,1,669,20,133.8,535.2,4
ITEM007734,ORD01768,PROD0036,Makeup,Dot & Key,1,988,10,98.8,889.2,2
ITEM007735,ORD03886,PROD0060,Haircare,Plum,1,512,30,153.6,358.4,
ITEM007736,ORD03886,PROD0004,Skincare,Dot & Key,1,1072,0,0,1072,
ITEM007737,ORD02386,PROD0012,Skincare,Minimalist,1,428,20,85.6,342.4,
ITEM007738,ORD03734,PROD0001,Skincare,Minimalist,2,1006,0,0,2012,5
ITEM007739,ORD03734,PROD0075,Fragrance,Forest Essentials,1,1648,5,82.4,1565.6,5
ITEM007740,ORD03734,PROD0074,Fragrance,NIVEA,1,752,0,0,752,4
ITEM007741,ORD02097,PROD0019,Skincare,The Ordinary,1,1588,0,0,1588,4
ITEM007742,ORD02097,PROD0035,Makeup,Sugar Cosmetics,1,526,10,52.6,473.4,5
ITEM007743,ORD00651,PROD0045,Makeup,WOW Skin Science,1,1690,0,0,1690,5
ITEM007744,ORD03399,PROD0076,Fragrance,Dot & Key,1,552,10,55.2,496.8,3
ITEM007745,ORD00525,PROD0101,Wellness,Mamaearth,1,930,0,0,930,
ITEM007746,ORD03228,PROD0023,Skincare,Biotique,1,1629,0,0,1629,5
ITEM007747,ORD03228,PROD0108,Wellness,The Ordinary,2,945,15,283.5,1606.5,4
ITEM007748,ORD03228,PROD0036,Makeup,Dot & Key,2,988,15,296.4,1679.6,5
ITEM007749,ORD03228,PROD0054,Haircare,Dot & Key,2,181,0,0,362,5
ITEM007750,ORD04330,PROD0017,Skincare,WOW Skin Science,1,1699,5,84.95,1614.05,4
ITEM007751,ORD02600,PROD0006,Skincare,Nykaa Cosmetics,3,1639,0,0,4917,
ITEM007752,ORD01580,PROD0010,Skincare,The Ordinary,3,893,10,267.9,2411.1,3
ITEM007753,ORD01580,PROD0095,Men's Grooming,The Ordinary,1,269,0,0,269,5
ITEM007754,ORD01907,PROD0056,Haircare,MAC,1,1009,0,0,1009,4
ITEM007755,ORD04327,PROD0006,Skincare,Nykaa Cosmetics,1,1639,0,0,1639,4
ITEM007756,ORD03098,PROD0093,Men's Grooming,Nykaa Cosmetics,1,245,10,24.5,220.5,5
ITEM007757,ORD03098,PROD0073,Fragrance,Biotique,2,2226,0,0,4452,4
ITEM007758,ORD03098,PROD0049,Haircare,Forest Essentials,1,718,0,0,718,5
ITEM007759,ORD00123,PROD0054,Haircare,Dot & Key,1,181,0,0,181,3
ITEM007760,ORD00123,PROD0112,Wellness,NIVEA,1,964,30,289.2,674.8,4
ITEM007761,ORD00684,PROD0101,Wellness,Mamaearth,1,930,20,186,744,3
ITEM007762,ORD00684,PROD0014,Skincare,Sugar Cosmetics,3,1200,0,0,3600,5
ITEM007763,ORD03231,PROD0057,Haircare,The Ordinary,2,735,20,294,1176,5
ITEM007764,ORD03231,PROD0101,Wellness,Mamaearth,1,930,30,279,651,5
ITEM007765,ORD02741,PROD0101,Wellness,Mamaearth,3,930,20,558,2232,4
ITEM007766,ORD02741,PROD0022,Skincare,MAC,1,1685,0,0,1685,5
ITEM007767,ORD04722,PROD0033,Makeup,Mamaearth,1,2384,20,476.8,1907.2,2
ITEM007768,ORD01899,PROD0046,Makeup,The Ordinary,1,532,20,106.4,425.6,
ITEM007769,ORD01827,PROD0082,Bath & Body,Sugar Cosmetics,1,621,0,0,621,
ITEM007770,ORD01827,PROD0099,Men's Grooming,Forest Essentials,1,554,20,110.8,443.2,
ITEM007771,ORD01827,PROD0019,Skincare,The Ordinary,1,1588,0,0,1588,
ITEM007772,ORD03866,PROD0098,Men's Grooming,The Ordinary,2,241,15,72.3,409.7,
ITEM007773,ORD03866,PROD0072,Fragrance,The Ordinary,1,1765,20,353,1412,
ITEM007774,ORD04528,PROD0069,Fragrance,Plum,1,1765,0,0,1765,5
ITEM007775,ORD04777,PROD0068,Fragrance,Minimalist,1,1193,5,59.65,1133.35,5
ITEM007776,ORD04777,PROD0046,Makeup,The Ordinary,1,532,10,53.2,478.8,3
ITEM007777,ORD00620,PROD0053,Haircare,Forest Essentials,2,1102,5,110.2,2093.8,
ITEM007778,ORD02801,PROD0106,Wellness,Forest Essentials,1,762,15,114.3,647.7,2
ITEM007779,ORD01292,PROD0018,Skincare,Dot & Key,1,1081,5,54.05,1026.95,
ITEM007780,ORD01292,PROD0071,Fragrance,Maybelline,1,1416,0,0,1416,
ITEM007781,ORD01292,PROD0010,Skincare,The Ordinary,1,893,0,0,893,
ITEM007782,ORD01292,PROD0049,Haircare,Forest Essentials,1,718,20,143.6,574.4,
ITEM007783,ORD02819,PROD0049,Haircare,Forest Essentials,1,718,15,107.7,610.3,5
ITEM007784,ORD02819,PROD0015,Skincare,Biotique,1,1295,30,388.5,906.5,5
ITEM007785,ORD03980,PROD0054,Haircare,Dot & Key,3,181,0,0,543,5
ITEM007786,ORD03157,PROD0069,Fragrance,Plum,3,1765,10,529.5,4765.5,
ITEM007787,ORD03397,PROD0006,Skincare,Nykaa Cosmetics,2,1639,5,163.9,3114.1,5
ITEM007788,ORD03397,PROD0089,Bath & Body,Biotique,1,384,30,115.2,268.8,3
ITEM007789,ORD03397,PROD0099,Men's Grooming,Forest Essentials,1,554,0,0,554,3
ITEM007790,ORD02197,PROD0017,Skincare,WOW Skin Science,1,1699,30,509.7,1189.3,5
ITEM007791,ORD00368,PROD0090,Men's Grooming,NIVEA,1,842,30,252.6,589.4,5
ITEM007792,ORD00368,PROD0094,Men's Grooming,MAC,1,243,0,0,243,2
ITEM007793,ORD00368,PROD0096,Men's Grooming,The Ordinary,1,520,20,104,416,5
ITEM007794,ORD00368,PROD0084,Bath & Body,Mamaearth,2,750,30,450,1050,3
ITEM007795,ORD04543,PROD0008,Skincare,Forest Essentials,2,317,10,63.4,570.6,4
ITEM007796,ORD00379,PROD0087,Bath & Body,Dot & Key,1,222,0,0,222,2
ITEM007797,ORD00379,PROD0107,Wellness,Sugar Cosmetics,1,1156,5,57.8,1098.2,5
ITEM007798,ORD00379,PROD0079,Bath & Body,L'Oreal Paris,1,653,0,0,653,5
ITEM007799,ORD02906,PROD0057,Haircare,The Ordinary,1,735,0,0,735,2
ITEM007800,ORD02906,PROD0022,Skincare,MAC,2,1685,15,505.5,2864.5,4
ITEM007801,ORD03151,PROD0011,Skincare,Lakme,1,1528,10,152.8,1375.2,3
ITEM007802,ORD03653,PROD0063,Haircare,Mamaearth,1,1105,30,331.5,773.5,3
ITEM007803,ORD03653,PROD0111,Wellness,Maybelline,1,489,30,146.7,342.3,4
ITEM007804,ORD03653,PROD0010,Skincare,The Ordinary,1,893,10,89.3,803.7,1
ITEM007805,ORD04864,PROD0049,Haircare,Forest Essentials,1,718,10,71.8,646.2,
ITEM007806,ORD04864,PROD0087,Bath & Body,Dot & Key,3,222,0,0,666,
ITEM007807,ORD04864,PROD0075,Fragrance,Forest Essentials,1,1648,15,247.2,1400.8,
ITEM007808,ORD04864,PROD0073,Fragrance,Biotique,1,2226,5,111.3,2114.7,
ITEM007809,ORD03535,PROD0016,Skincare,The Ordinary,1,1150,30,345,805,3
ITEM007810,ORD03535,PROD0007,Skincare,Biotique,1,995,30,298.5,696.5,5
ITEM007811,ORD03535,PROD0013,Skincare,Nykaa Cosmetics,1,716,0,0,716,4
ITEM007812,ORD03535,PROD0033,Makeup,Mamaearth,1,2384,15,357.6,2026.4,5
ITEM007813,ORD01810,PROD0063,Haircare,Mamaearth,1,1105,20,221,884,3
ITEM007814,ORD01810,PROD0003,Skincare,MAC,1,1606,5,80.3,1525.7,3
ITEM007815,ORD01810,PROD0073,Fragrance,Biotique,2,2226,30,1335.6,3116.4,5
ITEM007816,ORD02528,PROD0010,Skincare,The Ordinary,1,893,0,0,893,
ITEM007817,ORD02528,PROD0102,Wellness,MAC,1,1278,0,0,1278,
ITEM007818,ORD04888,PROD0015,Skincare,Biotique,1,1295,5,64.75,1230.25,4
ITEM007819,ORD00822,PROD0083,Bath & Body,Minimalist,1,446,30,133.8,312.2,3
ITEM007820,ORD00822,PROD0043,Makeup,WOW Skin Science,1,1330,30,399,931,5
ITEM007821,ORD00409,PROD0090,Men's Grooming,NIVEA,1,842,0,0,842,5
ITEM007822,ORD04497,PROD0029,Makeup,Biotique,1,1007,30,302.1,704.9,4
ITEM007823,ORD03672,PROD0061,Haircare,L'Oreal Paris,2,466,30,279.6,652.4,5
ITEM007824,ORD03672,PROD0083,Bath & Body,Minimalist,2,446,10,89.2,802.8,4
ITEM007825,ORD03171,PROD0004,Skincare,Dot & Key,2,1072,0,0,2144,
ITEM007826,ORD03171,PROD0022,Skincare,MAC,1,1685,20,337,1348,
ITEM007827,ORD03171,PROD0047,Haircare,Biotique,2,665,10,133,1197,
ITEM007828,ORD03171,PROD0032,Makeup,Maybelline,2,2207,0,0,4414,
ITEM007829,ORD02837,PROD0105,Wellness,Minimalist,1,1068,20,213.6,854.4,
ITEM007830,ORD02837,PROD0027,Makeup,Mamaearth,1,1454,15,218.1,1235.9,
ITEM007831,ORD00527,PROD0006,Skincare,Nykaa Cosmetics,2,1639,10,327.8,2950.2,
ITEM007832,ORD03336,PROD0045,Makeup,WOW Skin Science,3,1690,15,760.5,4309.5,5
ITEM007833,ORD03336,PROD0059,Haircare,Minimalist,1,503,20,100.6,402.4,3
ITEM007834,ORD02731,PROD0074,Fragrance,NIVEA,1,752,20,150.4,601.6,2
ITEM007835,ORD02731,PROD0064,Haircare,The Ordinary,1,642,0,0,642,2
ITEM007836,ORD02731,PROD0087,Bath & Body,Dot & Key,2,222,15,66.6,377.4,2
ITEM007837,ORD02164,PROD0048,Haircare,Maybelline,1,775,10,77.5,697.5,
ITEM007838,ORD02164,PROD0007,Skincare,Biotique,1,995,20,199,796,
ITEM007839,ORD02164,PROD0078,Fragrance,Forest Essentials,1,1970,10,197,1773,
ITEM007840,ORD02815,PROD0056,Haircare,MAC,1,1009,0,0,1009,
ITEM007841,ORD01421,PROD0019,Skincare,The Ordinary,1,1588,20,317.6,1270.4,5
ITEM007842,ORD01421,PROD0008,Skincare,Forest Essentials,1,317,0,0,317,4
ITEM007843,ORD01421,PROD0109,Wellness,L'Oreal Paris,1,625,5,31.25,593.75,5
ITEM007844,ORD04774,PROD0030,Makeup,Nykaa Cosmetics,1,946,0,0,946,4
ITEM007845,ORD01635,PROD0084,Bath & Body,Mamaearth,1,750,30,225,525,2
ITEM007846,ORD01635,PROD0100,Men's Grooming,Minimalist,1,156,5,7.8,148.2,5
ITEM007847,ORD02808,PROD0039,Makeup,Nykaa Cosmetics,1,864,10,86.4,777.6,
ITEM007848,ORD03164,PROD0088,Bath & Body,Sugar Cosmetics,2,669,5,66.9,1271.1,
ITEM007849,ORD04012,PROD0042,Makeup,Sugar Cosmetics,2,647,10,129.4,1164.6,5
ITEM007850,ORD04086,PROD0083,Bath & Body,Minimalist,1,446,10,44.6,401.4,5
ITEM007851,ORD04086,PROD0027,Makeup,Mamaearth,2,1454,5,145.4,2762.6,4
ITEM007852,ORD01355,PROD0026,Makeup,Biotique,2,267,15,80.1,453.9,3
ITEM007853,ORD01808,PROD0051,Haircare,WOW Skin Science,1,847,30,254.1,592.9,5
ITEM007854,ORD03027,PROD0093,Men's Grooming,Nykaa Cosmetics,1,245,5,12.25,232.75,
ITEM007855,ORD01042,PROD0023,Skincare,Biotique,1,1629,10,162.9,1466.1,5
ITEM007856,ORD03692,PROD0075,Fragrance,Forest Essentials,2,1648,5,164.8,3131.2,5
ITEM007857,ORD03692,PROD0042,Makeup,Sugar Cosmetics,1,647,20,129.4,517.6,3
ITEM007858,ORD04220,PROD0009,Skincare,NIVEA,1,720,30,216,504,3
ITEM007859,ORD04220,PROD0106,Wellness,Forest Essentials,1,762,20,152.4,609.6,4
ITEM007860,ORD01671,PROD0107,Wellness,Sugar Cosmetics,1,1156,0,0,1156,3
ITEM007861,ORD01671,PROD0081,Bath & Body,L'Oreal Paris,2,767,0,0,1534,5
ITEM007862,ORD02988,PROD0091,Men's Grooming,WOW Skin Science,1,530,0,0,530,5
ITEM007863,ORD02988,PROD0032,Makeup,Maybelline,2,2207,20,882.8,3531.2,3
ITEM007864,ORD02988,PROD0039,Makeup,Nykaa Cosmetics,1,864,30,259.2,604.8,3
ITEM007865,ORD01222,PROD0023,Skincare,Biotique,1,1629,0,0,1629,4
ITEM007866,ORD01222,PROD0106,Wellness,Forest Essentials,1,762,0,0,762,1
ITEM007867,ORD01222,PROD0084,Bath & Body,Mamaearth,1,750,30,225,525,5
ITEM007868,ORD01222,PROD0100,Men's Grooming,Minimalist,1,156,10,15.6,140.4,5
ITEM007869,ORD04828,PROD0073,Fragrance,Biotique,3,2226,10,667.8,6010.2,
ITEM007870,ORD04828,PROD0090,Men's Grooming,NIVEA,1,842,10,84.2,757.8,
ITEM007871,ORD04328,PROD0046,Makeup,The Ordinary,1,532,0,0,532,4
ITEM007872,ORD01353,PROD0002,Skincare,Dot & Key,1,483,0,0,483,4
ITEM007873,ORD01409,PROD0074,Fragrance,NIVEA,1,752,30,225.6,526.4,5
ITEM007874,ORD01409,PROD0086,Bath & Body,Sugar Cosmetics,1,317,5,15.85,301.15,3
ITEM007875,ORD01409,PROD0100,Men's Grooming,Minimalist,2,156,20,62.4,249.6,5
ITEM007876,ORD03585,PROD0097,Men's Grooming,Maybelline,1,369,10,36.9,332.1,5
ITEM007877,ORD03585,PROD0067,Fragrance,Biotique,2,1488,5,148.8,2827.2,4
ITEM007878,ORD02330,PROD0016,Skincare,The Ordinary,1,1150,20,230,920,1
ITEM007879,ORD02330,PROD0033,Makeup,Mamaearth,1,2384,5,119.2,2264.8,4
ITEM007880,ORD02601,PROD0082,Bath & Body,Sugar Cosmetics,1,621,0,0,621,5
ITEM007881,ORD04569,PROD0095,Men's Grooming,The Ordinary,1,269,0,0,269,5
ITEM007882,ORD04569,PROD0061,Haircare,L'Oreal Paris,1,466,0,0,466,5
ITEM007883,ORD04596,PROD0041,Makeup,Mamaearth,1,1516,0,0,1516,4
ITEM007884,ORD00786,PROD0068,Fragrance,Minimalist,1,1193,10,119.3,1073.7,5
ITEM007885,ORD00786,PROD0046,Makeup,The Ordinary,1,532,20,106.4,425.6,4
ITEM007886,ORD00786,PROD0063,Haircare,Mamaearth,2,1105,10,221,1989,3
ITEM007887,ORD01943,PROD0025,Skincare,Forest Essentials,1,639,0,0,639,5
ITEM007888,ORD01943,PROD0112,Wellness,NIVEA,1,964,20,192.8,771.2,4
ITEM007889,ORD03414,PROD0093,Men's Grooming,Nykaa Cosmetics,3,245,5,36.75,698.25,2
ITEM007890,ORD04132,PROD0022,Skincare,MAC,1,1685,30,505.5,1179.5,5
ITEM007891,ORD01610,PROD0102,Wellness,MAC,1,1278,15,191.7,1086.3,5
ITEM007892,ORD01610,PROD0009,Skincare,NIVEA,1,720,0,0,720,5
ITEM007893,ORD04090,PROD0050,Haircare,Nykaa Cosmetics,1,762,5,38.1,723.9,4
ITEM007894,ORD01776,PROD0024,Skincare,MAC,1,900,20,180,720,
ITEM007895,ORD01776,PROD0031,Makeup,WOW Skin Science,1,1892,0,0,1892,
ITEM007896,ORD01776,PROD0075,Fragrance,Forest Essentials,2,1648,5,164.8,3131.2,
ITEM007897,ORD03286,PROD0004,Skincare,Dot & Key,1,1072,0,0,1072,4
ITEM007898,ORD03830,PROD0112,Wellness,NIVEA,2,964,0,0,1928,3
ITEM007899,ORD03830,PROD0102,Wellness,MAC,2,1278,5,127.8,2428.2,5
ITEM007900,ORD03887,PROD0098,Men's Grooming,The Ordinary,1,241,10,24.1,216.9,4
ITEM007901,ORD03515,PROD0032,Makeup,Maybelline,1,2207,10,220.7,1986.3,5
ITEM007902,ORD03515,PROD0026,Makeup,Biotique,1,267,30,80.1,186.9,5
ITEM007903,ORD03515,PROD0107,Wellness,Sugar Cosmetics,1,1156,15,173.4,982.6,5
ITEM007904,ORD01872,PROD0068,Fragrance,Minimalist,1,1193,30,357.9,835.1,5
ITEM007905,ORD01872,PROD0069,Fragrance,Plum,1,1765,5,88.25,1676.75,5
ITEM007906,ORD01872,PROD0034,Makeup,WOW Skin Science,2,2004,0,0,4008,5
ITEM007907,ORD03239,PROD0076,Fragrance,Dot & Key,1,552,10,55.2,496.8,5
ITEM007908,ORD03239,PROD0054,Haircare,Dot & Key,1,181,10,18.1,162.9,5
ITEM007909,ORD03239,PROD0079,Bath & Body,L'Oreal Paris,2,653,20,261.2,1044.8,4
ITEM007910,ORD01063,PROD0079,Bath & Body,L'Oreal Paris,3,653,0,0,1959,5
ITEM007911,ORD04038,PROD0031,Makeup,WOW Skin Science,2,1892,15,567.6,3216.4,4
ITEM007912,ORD04038,PROD0095,Men's Grooming,The Ordinary,1,269,10,26.9,242.1,5
ITEM007913,ORD04038,PROD0002,Skincare,Dot & Key,1,483,0,0,483,4
ITEM007914,ORD01728,PROD0085,Bath & Body,Sugar Cosmetics,2,329,20,131.6,526.4,2
ITEM007915,ORD01728,PROD0043,Makeup,WOW Skin Science,1,1330,0,0,1330,4
ITEM007916,ORD04421,PROD0106,Wellness,Forest Essentials,1,762,0,0,762,4
ITEM007917,ORD00881,PROD0049,Haircare,Forest Essentials,1,718,30,215.4,502.6,4
ITEM007918,ORD00881,PROD0109,Wellness,L'Oreal Paris,1,625,15,93.75,531.25,4
ITEM007919,ORD01258,PROD0098,Men's Grooming,The Ordinary,2,241,5,24.1,457.9,5
ITEM007920,ORD03867,PROD0053,Haircare,Forest Essentials,1,1102,5,55.1,1046.9,4
ITEM007921,ORD03867,PROD0058,Haircare,Mamaearth,2,841,0,0,1682,3
ITEM007922,ORD03867,PROD0023,Skincare,Biotique,2,1629,10,325.8,2932.2,3
ITEM007923,ORD03867,PROD0059,Haircare,Minimalist,1,503,0,0,503,4
ITEM007924,ORD04248,PROD0057,Haircare,The Ordinary,1,735,15,110.25,624.75,5
ITEM007925,ORD02214,PROD0060,Haircare,Plum,1,512,0,0,512,
ITEM007926,ORD03276,PROD0096,Men's Grooming,The Ordinary,1,520,5,26,494,5
ITEM007927,ORD03276,PROD0040,Makeup,NIVEA,1,681,10,68.1,612.9,4
ITEM007928,ORD03276,PROD0103,Wellness,Forest Essentials,2,1146,10,229.2,2062.8,2
ITEM007929,ORD03276,PROD0084,Bath & Body,Mamaearth,1,750,20,150,600,5
ITEM007930,ORD02318,PROD0092,Men's Grooming,Lakme,1,463,20,92.6,370.4,3
ITEM007931,ORD00832,PROD0079,Bath & Body,L'Oreal Paris,2,653,20,261.2,1044.8,5
ITEM007932,ORD00832,PROD0038,Makeup,The Ordinary,2,477,10,95.4,858.6,3
ITEM007933,ORD03547,PROD0092,Men's Grooming,Lakme,1,463,30,138.9,324.1,
ITEM007934,ORD03547,PROD0028,Makeup,L'Oreal Paris,1,844,5,42.2,801.8,
ITEM007935,ORD03547,PROD0077,Fragrance,Lakme,2,2406,5,240.6,4571.4,
ITEM007936,ORD03547,PROD0039,Makeup,Nykaa Cosmetics,2,864,0,0,1728,
ITEM007937,ORD01082,PROD0021,Skincare,Biotique,1,869,10,86.9,782.1,5
ITEM007938,ORD03658,PROD0017,Skincare,WOW Skin Science,1,1699,0,0,1699,
ITEM007939,ORD03658,PROD0044,Makeup,Nykaa Cosmetics,2,701,0,0,1402,
ITEM007940,ORD03005,PROD0110,Wellness,Nykaa Cosmetics,2,1400,0,0,2800,5
ITEM007941,ORD03005,PROD0009,Skincare,NIVEA,1,720,20,144,576,5
ITEM007942,ORD02901,PROD0087,Bath & Body,Dot & Key,1,222,30,66.6,155.4,
ITEM007943,ORD02901,PROD0030,Makeup,Nykaa Cosmetics,3,946,0,0,2838,
ITEM007944,ORD00211,PROD0040,Makeup,NIVEA,1,681,0,0,681,5
ITEM007945,ORD00349,PROD0112,Wellness,NIVEA,1,964,0,0,964,4
ITEM007946,ORD00349,PROD0078,Fragrance,Forest Essentials,1,1970,0,0,1970,5
ITEM007947,ORD00349,PROD0058,Haircare,Mamaearth,1,841,0,0,841,5
ITEM007948,ORD00349,PROD0055,Haircare,Minimalist,1,967,10,96.7,870.3,5
ITEM007949,ORD02228,PROD0044,Makeup,Nykaa Cosmetics,1,701,30,210.3,490.7,
ITEM007950,ORD02228,PROD0027,Makeup,Mamaearth,1,1454,20,290.8,1163.2,
ITEM007951,ORD00479,PROD0030,Makeup,Nykaa Cosmetics,1,946,30,283.8,662.2,
ITEM007952,ORD02189,PROD0010,Skincare,The Ordinary,1,893,15,133.95,759.05,4
ITEM007953,ORD02189,PROD0056,Haircare,MAC,3,1009,20,605.4,2421.6,2
ITEM007954,ORD02189,PROD0042,Makeup,Sugar Cosmetics,1,647,10,64.7,582.3,5
ITEM007955,ORD02189,PROD0012,Skincare,Minimalist,1,428,15,64.2,363.8,4
ITEM007956,ORD00057,PROD0098,Men's Grooming,The Ordinary,1,241,15,36.15,204.85,4
ITEM007957,ORD03304,PROD0056,Haircare,MAC,1,1009,0,0,1009,5
ITEM007958,ORD03304,PROD0024,Skincare,MAC,2,900,15,270,1530,5
ITEM007959,ORD00715,PROD0040,Makeup,NIVEA,1,681,20,136.2,544.8,
ITEM007960,ORD00715,PROD0101,Wellness,Mamaearth,2,930,20,372,1488,
ITEM007961,ORD02096,PROD0022,Skincare,MAC,2,1685,5,168.5,3201.5,
ITEM007962,ORD00952,PROD0055,Haircare,Minimalist,2,967,20,386.8,1547.2,5
ITEM007963,ORD04352,PROD0026,Makeup,Biotique,1,267,30,80.1,186.9,5
ITEM007964,ORD01885,PROD0082,Bath & Body,Sugar Cosmetics,2,621,10,124.2,1117.8,3
ITEM007965,ORD01885,PROD0029,Makeup,Biotique,1,1007,0,0,1007,4
ITEM007966,ORD01927,PROD0001,Skincare,Minimalist,1,1006,20,201.2,804.8,3
ITEM007967,ORD02212,PROD0011,Skincare,Lakme,2,1528,15,458.4,2597.6,5
ITEM007968,ORD02212,PROD0089,Bath & Body,Biotique,1,384,5,19.2,364.8,3
ITEM007969,ORD01110,PROD0071,Fragrance,Maybelline,3,1416,15,637.2,3610.8,4
ITEM007970,ORD03279,PROD0057,Haircare,The Ordinary,1,735,0,0,735,3
ITEM007971,ORD04176,PROD0109,Wellness,L'Oreal Paris,3,625,20,375,1500,
ITEM007972,ORD04176,PROD0025,Skincare,Forest Essentials,1,639,15,95.85,543.15,
ITEM007973,ORD00737,PROD0036,Makeup,Dot & Key,1,988,0,0,988,5
ITEM007974,ORD00513,PROD0046,Makeup,The Ordinary,2,532,10,106.4,957.6,
ITEM007975,ORD00513,PROD0043,Makeup,WOW Skin Science,1,1330,15,199.5,1130.5,
ITEM007976,ORD00319,PROD0067,Fragrance,Biotique,1,1488,0,0,1488,3
ITEM007977,ORD00319,PROD0068,Fragrance,Minimalist,2,1193,30,715.8,1670.2,4
ITEM007978,ORD01382,PROD0024,Skincare,MAC,3,900,20,540,2160,5
ITEM007979,ORD01382,PROD0076,Fragrance,Dot & Key,2,552,30,331.2,772.8,5
ITEM007980,ORD01382,PROD0077,Fragrance,Lakme,1,2406,5,120.3,2285.7,4
ITEM007981,ORD04846,PROD0097,Men's Grooming,Maybelline,1,369,0,0,369,5
ITEM007982,ORD04846,PROD0011,Skincare,Lakme,2,1528,15,458.4,2597.6,4
ITEM007983,ORD04846,PROD0069,Fragrance,Plum,1,1765,0,0,1765,3
ITEM007984,ORD03793,PROD0051,Haircare,WOW Skin Science,1,847,0,0,847,5
ITEM007985,ORD03793,PROD0076,Fragrance,Dot & Key,1,552,0,0,552,5
ITEM007986,ORD03793,PROD0016,Skincare,The Ordinary,1,1150,0,0,1150,5
ITEM007987,ORD03793,PROD0111,Wellness,Maybelline,1,489,5,24.45,464.55,5
ITEM007988,ORD01104,PROD0090,Men's Grooming,NIVEA,2,842,0,0,1684,2
ITEM007989,ORD00861,PROD0080,Bath & Body,Lakme,1,152,0,0,152,
ITEM007990,ORD00861,PROD0101,Wellness,Mamaearth,1,930,15,139.5,790.5,
ITEM007991,ORD00861,PROD0102,Wellness,MAC,1,1278,30,383.4,894.6,
ITEM007992,ORD00861,PROD0067,Fragrance,Biotique,1,1488,0,0,1488,
ITEM007993,ORD00533,PROD0007,Skincare,Biotique,1,995,10,99.5,895.5,5
ITEM007994,ORD00533,PROD0058,Haircare,Mamaearth,1,841,0,0,841,5
ITEM007995,ORD00533,PROD0051,Haircare,WOW Skin Science,1,847,30,254.1,592.9,4
ITEM007996,ORD00878,PROD0007,Skincare,Biotique,3,995,20,597,2388,
ITEM007997,ORD04494,PROD0094,Men's Grooming,MAC,1,243,0,0,243,5
ITEM007998,ORD03718,PROD0095,Men's Grooming,The Ordinary,1,269,10,26.9,242.1,5
ITEM007999,ORD03718,PROD0015,Skincare,Biotique,1,1295,5,64.75,1230.25,5
ITEM008000,ORD01741,PROD0074,Fragrance,NIVEA,1,752,0,0,752,5
ITEM008001,ORD03904,PROD0012,Skincare,Minimalist,1,428,10,42.8,385.2,
ITEM008002,ORD04036,PROD0040,Makeup,NIVEA,1,681,10,68.1,612.9,
ITEM008003,ORD01711,PROD0094,Men's Grooming,MAC,2,243,30,145.8,340.2,3
ITEM008004,ORD01711,PROD0040,Makeup,NIVEA,2,681,0,0,1362,4
ITEM008005,ORD04799,PROD0097,Men's Grooming,Maybelline,1,369,0,0,369,4
ITEM008006,ORD02122,PROD0029,Makeup,Biotique,1,1007,0,0,1007,5
ITEM008007,ORD00709,PROD0107,Wellness,Sugar Cosmetics,1,1156,5,57.8,1098.2,5
ITEM008008,ORD02045,PROD0071,Fragrance,Maybelline,1,1416,30,424.8,991.2,
ITEM008009,ORD02045,PROD0003,Skincare,MAC,1,1606,30,481.8,1124.2,
ITEM008010,ORD02779,PROD0012,Skincare,Minimalist,2,428,5,42.8,813.2,5
ITEM008011,ORD02779,PROD0097,Men's Grooming,Maybelline,2,369,5,36.9,701.1,5
ITEM008012,ORD01559,PROD0064,Haircare,The Ordinary,2,642,0,0,1284,
ITEM008013,ORD01559,PROD0007,Skincare,Biotique,1,995,15,149.25,845.75,
ITEM008014,ORD01559,PROD0027,Makeup,Mamaearth,1,1454,10,145.4,1308.6,
ITEM008015,ORD04691,PROD0072,Fragrance,The Ordinary,1,1765,20,353,1412,5
ITEM008016,ORD04691,PROD0068,Fragrance,Minimalist,1,1193,20,238.6,954.4,3
ITEM008017,ORD04490,PROD0069,Fragrance,Plum,1,1765,0,0,1765,5
ITEM008018,ORD02204,PROD0038,Makeup,The Ordinary,1,477,0,0,477,5
ITEM008019,ORD02204,PROD0096,Men's Grooming,The Ordinary,1,520,10,52,468,3
ITEM008020,ORD02204,PROD0112,Wellness,NIVEA,2,964,0,0,1928,5
ITEM008021,ORD02204,PROD0086,Bath & Body,Sugar Cosmetics,1,317,5,15.85,301.15,4
ITEM008022,ORD01012,PROD0105,Wellness,Minimalist,1,1068,15,160.2,907.8,2
ITEM008023,ORD01319,PROD0096,Men's Grooming,The Ordinary,2,520,30,312,728,5
ITEM008024,ORD03041,PROD0080,Bath & Body,Lakme,1,152,10,15.2,136.8,5
ITEM008025,ORD03041,PROD0058,Haircare,Mamaearth,2,841,30,504.6,1177.4,4
ITEM008026,ORD03041,PROD0047,Haircare,Biotique,3,665,30,598.5,1396.5,3
ITEM008027,ORD02767,PROD0037,Makeup,Mamaearth,1,209,0,0,209,
ITEM008028,ORD03888,PROD0074,Fragrance,NIVEA,1,752,15,112.8,639.2,5
ITEM008029,ORD03392,PROD0090,Men's Grooming,NIVEA,2,842,0,0,1684,5
ITEM008030,ORD03430,PROD0020,Skincare,Maybelline,1,1237,30,371.1,865.9,
ITEM008031,ORD03430,PROD0092,Men's Grooming,Lakme,1,463,15,69.45,393.55,
ITEM008032,ORD03430,PROD0086,Bath & Body,Sugar Cosmetics,2,317,0,0,634,
ITEM008033,ORD03267,PROD0012,Skincare,Minimalist,2,428,0,0,856,
ITEM008034,ORD04633,PROD0056,Haircare,MAC,1,1009,15,151.35,857.65,5
ITEM008035,ORD04633,PROD0002,Skincare,Dot & Key,1,483,10,48.3,434.7,5
ITEM008036,ORD00202,PROD0096,Men's Grooming,The Ordinary,1,520,30,156,364,5
ITEM008037,ORD00202,PROD0083,Bath & Body,Minimalist,1,446,5,22.3,423.7,3
ITEM008038,ORD04694,PROD0029,Makeup,Biotique,2,1007,0,0,2014,
ITEM008039,ORD04694,PROD0008,Skincare,Forest Essentials,2,317,0,0,634,
ITEM008040,ORD02612,PROD0074,Fragrance,NIVEA,2,752,30,451.2,1052.8,
ITEM008041,ORD02612,PROD0102,Wellness,MAC,2,1278,5,127.8,2428.2,
ITEM008042,ORD02476,PROD0056,Haircare,MAC,1,1009,0,0,1009,
ITEM008043,ORD03807,PROD0043,Makeup,WOW Skin Science,1,1330,0,0,1330,5
ITEM008044,ORD03181,PROD0009,Skincare,NIVEA,1,720,30,216,504,
ITEM008045,ORD03181,PROD0111,Wellness,Maybelline,2,489,0,0,978,
ITEM008046,ORD03181,PROD0094,Men's Grooming,MAC,1,243,0,0,243,
ITEM008047,ORD00105,PROD0011,Skincare,Lakme,3,1528,0,0,4584,5
ITEM008048,ORD00105,PROD0043,Makeup,WOW Skin Science,1,1330,10,133,1197,4
ITEM008049,ORD03167,PROD0041,Makeup,Mamaearth,1,1516,10,151.6,1364.4,1
ITEM008050,ORD03167,PROD0098,Men's Grooming,The Ordinary,1,241,30,72.3,168.7,5
ITEM008051,ORD03167,PROD0111,Wellness,Maybelline,1,489,0,0,489,5
ITEM008052,ORD03167,PROD0084,Bath & Body,Mamaearth,1,750,30,225,525,2
ITEM008053,ORD01375,PROD0099,Men's Grooming,Forest Essentials,1,554,10,55.4,498.6,5
ITEM008054,ORD01375,PROD0024,Skincare,MAC,1,900,10,90,810,4
ITEM008055,ORD01375,PROD0110,Wellness,Nykaa Cosmetics,1,1400,0,0,1400,3
ITEM008056,ORD02147,PROD0016,Skincare,The Ordinary,1,1150,0,0,1150,5
ITEM008057,ORD04924,PROD0036,Makeup,Dot & Key,1,988,10,98.8,889.2,4
ITEM008058,ORD04924,PROD0065,Haircare,Forest Essentials,1,334,0,0,334,5
ITEM008059,ORD04924,PROD0034,Makeup,WOW Skin Science,2,2004,30,1202.4,2805.6,5
ITEM008060,ORD03102,PROD0030,Makeup,Nykaa Cosmetics,1,946,0,0,946,5
ITEM008061,ORD03102,PROD0011,Skincare,Lakme,2,1528,10,305.6,2750.4,5
ITEM008062,ORD03102,PROD0023,Skincare,Biotique,1,1629,30,488.7,1140.3,5
ITEM008063,ORD01731,PROD0031,Makeup,WOW Skin Science,1,1892,0,0,1892,3
ITEM008064,ORD01552,PROD0070,Fragrance,NIVEA,1,2241,15,336.15,1904.85,4
ITEM008065,ORD03143,PROD0089,Bath & Body,Biotique,1,384,20,76.8,307.2,4
ITEM008066,ORD03143,PROD0084,Bath & Body,Mamaearth,1,750,20,150,600,4
ITEM008067,ORD03143,PROD0023,Skincare,Biotique,2,1629,10,325.8,2932.2,5
ITEM008068,ORD03143,PROD0042,Makeup,Sugar Cosmetics,1,647,0,0,647,4
ITEM008069,ORD02642,PROD0005,Skincare,Biotique,1,893,20,178.6,714.4,5
ITEM008070,ORD02642,PROD0052,Haircare,Nykaa Cosmetics,2,915,0,0,1830,5
ITEM008071,ORD03597,PROD0029,Makeup,Biotique,1,1007,30,302.1,704.9,4
ITEM008072,ORD03597,PROD0067,Fragrance,Biotique,1,1488,20,297.6,1190.4,5
ITEM008073,ORD03597,PROD0011,Skincare,Lakme,2,1528,10,305.6,2750.4,3
ITEM008074,ORD03047,PROD0029,Makeup,Biotique,1,1007,30,302.1,704.9,3
ITEM008075,ORD04572,PROD0017,Skincare,WOW Skin Science,1,1699,20,339.8,1359.2,4
ITEM008076,ORD02857,PROD0102,Wellness,MAC,1,1278,5,63.9,1214.1,5
ITEM008077,ORD00657,PROD0080,Bath & Body,Lakme,1,152,15,22.8,129.2,
ITEM008078,ORD00657,PROD0018,Skincare,Dot & Key,1,1081,15,162.15,918.85,
ITEM008079,ORD04050,PROD0108,Wellness,The Ordinary,1,945,15,141.75,803.25,
ITEM008080,ORD01487,PROD0036,Makeup,Dot & Key,1,988,10,98.8,889.2,5
ITEM008081,ORD01487,PROD0044,Makeup,Nykaa Cosmetics,1,701,10,70.1,630.9,4
ITEM008082,ORD01487,PROD0052,Haircare,Nykaa Cosmetics,1,915,5,45.75,869.25,1
ITEM008083,ORD04620,PROD0105,Wellness,Minimalist,1,1068,0,0,1068,5
ITEM008084,ORD04620,PROD0053,Haircare,Forest Essentials,1,1102,15,165.3,936.7,3
ITEM008085,ORD03818,PROD0067,Fragrance,Biotique,2,1488,15,446.4,2529.6,4
ITEM008086,ORD03818,PROD0051,Haircare,WOW Skin Science,1,847,10,84.7,762.3,3
ITEM008087,ORD01755,PROD0025,Skincare,Forest Essentials,1,639,20,127.8,511.2,4
ITEM008088,ORD01755,PROD0068,Fragrance,Minimalist,1,1193,20,238.6,954.4,5
ITEM008089,ORD01755,PROD0070,Fragrance,NIVEA,2,2241,15,672.3,3809.7,4
ITEM008090,ORD01755,PROD0081,Bath & Body,L'Oreal Paris,1,767,20,153.4,613.6,4
ITEM008091,ORD00316,PROD0096,Men's Grooming,The Ordinary,2,520,0,0,1040,
ITEM008092,ORD00316,PROD0092,Men's Grooming,Lakme,1,463,10,46.3,416.7,
ITEM008093,ORD04485,PROD0036,Makeup,Dot & Key,1,988,10,98.8,889.2,5
ITEM008094,ORD00465,PROD0095,Men's Grooming,The Ordinary,1,269,15,40.35,228.65,5
ITEM008095,ORD00465,PROD0023,Skincare,Biotique,1,1629,5,81.45,1547.55,3
ITEM008096,ORD00465,PROD0039,Makeup,Nykaa Cosmetics,1,864,0,0,864,2
ITEM008097,ORD01495,PROD0045,Makeup,WOW Skin Science,1,1690,0,0,1690,5
ITEM008098,ORD01495,PROD0010,Skincare,The Ordinary,3,893,0,0,2679,2
ITEM008099,ORD01495,PROD0040,Makeup,NIVEA,1,681,15,102.15,578.85,5
ITEM008100,ORD02291,PROD0059,Haircare,Minimalist,1,503,30,150.9,352.1,5
ITEM008101,ORD02659,PROD0011,Skincare,Lakme,1,1528,10,152.8,1375.2,5
ITEM008102,ORD02659,PROD0088,Bath & Body,Sugar Cosmetics,1,669,0,0,669,5
ITEM008103,ORD00798,PROD0073,Fragrance,Biotique,2,2226,20,890.4,3561.6,
ITEM008104,ORD00798,PROD0082,Bath & Body,Sugar Cosmetics,1,621,0,0,621,
ITEM008105,ORD04939,PROD0032,Makeup,Maybelline,1,2207,15,331.05,1875.95,5
ITEM008106,ORD04939,PROD0043,Makeup,WOW Skin Science,1,1330,5,66.5,1263.5,2
ITEM008107,ORD01090,PROD0051,Haircare,WOW Skin Science,1,847,10,84.7,762.3,5
ITEM008108,ORD01090,PROD0039,Makeup,Nykaa Cosmetics,1,864,10,86.4,777.6,5
ITEM008109,ORD01090,PROD0097,Men's Grooming,Maybelline,2,369,0,0,738,4
ITEM008110,ORD01090,PROD0105,Wellness,Minimalist,1,1068,10,106.8,961.2,4
ITEM008111,ORD00131,PROD0023,Skincare,Biotique,1,1629,0,0,1629,4
ITEM008112,ORD03582,PROD0058,Haircare,Mamaearth,2,841,5,84.1,1597.9,4
ITEM008113,ORD03582,PROD0045,Makeup,WOW Skin Science,1,1690,20,338,1352,5
ITEM008114,ORD03582,PROD0103,Wellness,Forest Essentials,1,1146,5,57.3,1088.7,5
ITEM008115,ORD02998,PROD0037,Makeup,Mamaearth,1,209,30,62.7,146.3,4
ITEM008116,ORD02998,PROD0082,Bath & Body,Sugar Cosmetics,1,621,5,31.05,589.95,5
ITEM008117,ORD04623,PROD0086,Bath & Body,Sugar Cosmetics,1,317,30,95.1,221.9,
ITEM008118,ORD04623,PROD0081,Bath & Body,L'Oreal Paris,2,767,5,76.7,1457.3,
ITEM008119,ORD02868,PROD0108,Wellness,The Ordinary,1,945,5,47.25,897.75,4
ITEM008120,ORD02868,PROD0103,Wellness,Forest Essentials,2,1146,15,343.8,1948.2,2
ITEM008121,ORD00586,PROD0095,Men's Grooming,The Ordinary,1,269,15,40.35,228.65,2
ITEM008122,ORD00606,PROD0016,Skincare,The Ordinary,1,1150,20,230,920,
ITEM008123,ORD03601,PROD0042,Makeup,Sugar Cosmetics,1,647,0,0,647,3
ITEM008124,ORD03601,PROD0104,Wellness,Nykaa Cosmetics,2,1259,5,125.9,2392.1,5
ITEM008125,ORD03601,PROD0079,Bath & Body,L'Oreal Paris,2,653,5,65.3,1240.7,4
ITEM008126,ORD01615,PROD0015,Skincare,Biotique,1,1295,15,194.25,1100.75,4
ITEM008127,ORD01615,PROD0109,Wellness,L'Oreal Paris,1,625,20,125,500,4
ITEM008128,ORD01615,PROD0002,Skincare,Dot & Key,1,483,0,0,483,4
ITEM008129,ORD01615,PROD0066,Fragrance,Forest Essentials,3,2975,0,0,8925,4
ITEM008130,ORD02803,PROD0098,Men's Grooming,The Ordinary,3,241,10,72.3,650.7,5
ITEM008131,ORD02803,PROD0010,Skincare,The Ordinary,1,893,5,44.65,848.35,5
ITEM008132,ORD03211,PROD0072,Fragrance,The Ordinary,3,1765,15,794.25,4500.75,5
ITEM008133,ORD00238,PROD0035,Makeup,Sugar Cosmetics,1,526,0,0,526,5
ITEM008134,ORD04453,PROD0016,Skincare,The Ordinary,1,1150,30,345,805,
ITEM008135,ORD04453,PROD0033,Makeup,Mamaearth,2,2384,0,0,4768,
ITEM008136,ORD02224,PROD0025,Skincare,Forest Essentials,1,639,5,31.95,607.05,5
ITEM008137,ORD02224,PROD0058,Haircare,Mamaearth,2,841,0,0,1682,1
ITEM008138,ORD02123,PROD0008,Skincare,Forest Essentials,1,317,20,63.4,253.6,5
ITEM008139,ORD02123,PROD0046,Makeup,The Ordinary,2,532,0,0,1064,5
ITEM008140,ORD02123,PROD0040,Makeup,NIVEA,1,681,0,0,681,5
ITEM008141,ORD02123,PROD0096,Men's Grooming,The Ordinary,3,520,10,156,1404,5
ITEM008142,ORD00330,PROD0033,Makeup,Mamaearth,2,2384,10,476.8,4291.2,
ITEM008143,ORD00330,PROD0109,Wellness,L'Oreal Paris,3,625,0,0,1875,
ITEM008144,ORD04862,PROD0099,Men's Grooming,Forest Essentials,1,554,0,0,554,
ITEM008145,ORD04862,PROD0072,Fragrance,The Ordinary,1,1765,15,264.75,1500.25,
ITEM008146,ORD04003,PROD0013,Skincare,Nykaa Cosmetics,1,716,15,107.4,608.6,5
ITEM008147,ORD04003,PROD0077,Fragrance,Lakme,2,2406,15,721.8,4090.2,2
ITEM008148,ORD04443,PROD0064,Haircare,The Ordinary,1,642,30,192.6,449.4,4
ITEM008149,ORD04462,PROD0044,Makeup,Nykaa Cosmetics,2,701,0,0,1402,
ITEM008150,ORD04462,PROD0090,Men's Grooming,NIVEA,2,842,5,84.2,1599.8,
ITEM008151,ORD04462,PROD0085,Bath & Body,Sugar Cosmetics,1,329,10,32.9,296.1,
ITEM008152,ORD03996,PROD0055,Haircare,Minimalist,1,967,0,0,967,
ITEM008153,ORD03920,PROD0032,Makeup,Maybelline,1,2207,15,331.05,1875.95,3
ITEM008154,ORD03920,PROD0108,Wellness,The Ordinary,1,945,30,283.5,661.5,4
ITEM008155,ORD03920,PROD0078,Fragrance,Forest Essentials,1,1970,10,197,1773,5
ITEM008156,ORD04427,PROD0011,Skincare,Lakme,1,1528,10,152.8,1375.2,3
ITEM008157,ORD03375,PROD0083,Bath & Body,Minimalist,1,446,20,89.2,356.8,4
ITEM008158,ORD04835,PROD0064,Haircare,The Ordinary,1,642,5,32.1,609.9,
ITEM008159,ORD04071,PROD0050,Haircare,Nykaa Cosmetics,1,762,30,228.6,533.4,5
ITEM008160,ORD03401,PROD0106,Wellness,Forest Essentials,2,762,5,76.2,1447.8,5
ITEM008161,ORD03401,PROD0043,Makeup,WOW Skin Science,3,1330,10,399,3591,5
ITEM008162,ORD01955,PROD0052,Haircare,Nykaa Cosmetics,1,915,5,45.75,869.25,3
ITEM008163,ORD03301,PROD0018,Skincare,Dot & Key,1,1081,20,216.2,864.8,
ITEM008164,ORD04128,PROD0043,Makeup,WOW Skin Science,1,1330,30,399,931,5
ITEM008165,ORD03074,PROD0043,Makeup,WOW Skin Science,1,1330,15,199.5,1130.5,4
ITEM008166,ORD03074,PROD0099,Men's Grooming,Forest Essentials,1,554,30,166.2,387.8,5
ITEM008167,ORD00975,PROD0023,Skincare,Biotique,3,1629,20,977.4,3909.6,4
ITEM008168,ORD00975,PROD0107,Wellness,Sugar Cosmetics,1,1156,30,346.8,809.2,4
ITEM008169,ORD00975,PROD0103,Wellness,Forest Essentials,1,1146,30,343.8,802.2,4
ITEM008170,ORD03161,PROD0102,Wellness,MAC,3,1278,0,0,3834,4
ITEM008171,ORD00924,PROD0028,Makeup,L'Oreal Paris,1,844,0,0,844,4
ITEM008172,ORD00924,PROD0054,Haircare,Dot & Key,3,181,15,81.45,461.55,4
ITEM008173,ORD03992,PROD0029,Makeup,Biotique,1,1007,10,100.7,906.3,5
ITEM008174,ORD03992,PROD0110,Wellness,Nykaa Cosmetics,3,1400,30,1260,2940,5
ITEM008175,ORD03992,PROD0096,Men's Grooming,The Ordinary,2,520,20,208,832,3
ITEM008176,ORD03992,PROD0044,Makeup,Nykaa Cosmetics,1,701,20,140.2,560.8,4
ITEM008177,ORD00703,PROD0077,Fragrance,Lakme,1,2406,5,120.3,2285.7,4
ITEM008178,ORD00703,PROD0083,Bath & Body,Minimalist,2,446,15,133.8,758.2,5
ITEM008179,ORD00703,PROD0070,Fragrance,NIVEA,3,2241,5,336.15,6386.85,4
ITEM008180,ORD00703,PROD0064,Haircare,The Ordinary,1,642,10,64.2,577.8,5
ITEM008181,ORD00308,PROD0026,Makeup,Biotique,2,267,10,53.4,480.6,3
ITEM008182,ORD00308,PROD0083,Bath & Body,Minimalist,1,446,20,89.2,356.8,2
ITEM008183,ORD00308,PROD0070,Fragrance,NIVEA,1,2241,0,0,2241,4
ITEM008184,ORD00308,PROD0031,Makeup,WOW Skin Science,2,1892,10,378.4,3405.6,4
ITEM008185,ORD01115,PROD0004,Skincare,Dot & Key,2,1072,0,0,2144,3
ITEM008186,ORD01115,PROD0031,Makeup,WOW Skin Science,1,1892,0,0,1892,4
ITEM008187,ORD01115,PROD0054,Haircare,Dot & Key,2,181,0,0,362,4
ITEM008188,ORD01115,PROD0012,Skincare,Minimalist,1,428,5,21.4,406.6,5
ITEM008189,ORD04227,PROD0089,Bath & Body,Biotique,1,384,30,115.2,268.8,5
ITEM008190,ORD01091,PROD0007,Skincare,Biotique,3,995,5,149.25,2835.75,4
ITEM008191,ORD02999,PROD0024,Skincare,MAC,1,900,30,270,630,5
ITEM008192,ORD02999,PROD0096,Men's Grooming,The Ordinary,1,520,20,104,416,5
ITEM008193,ORD04676,PROD0075,Fragrance,Forest Essentials,3,1648,5,247.2,4696.8,4
ITEM008194,ORD00599,PROD0101,Wellness,Mamaearth,1,930,5,46.5,883.5,5
ITEM008195,ORD00599,PROD0028,Makeup,L'Oreal Paris,1,844,0,0,844,4
ITEM008196,ORD03757,PROD0013,Skincare,Nykaa Cosmetics,1,716,0,0,716,1
ITEM008197,ORD03232,PROD0088,Bath & Body,Sugar Cosmetics,1,669,20,133.8,535.2,
ITEM008198,ORD01039,PROD0064,Haircare,The Ordinary,1,642,15,96.3,545.7,5
ITEM008199,ORD01039,PROD0001,Skincare,Minimalist,3,1006,20,603.6,2414.4,4
ITEM008200,ORD02124,PROD0055,Haircare,Minimalist,1,967,5,48.35,918.65,
ITEM008201,ORD00403,PROD0042,Makeup,Sugar Cosmetics,2,647,0,0,1294,
ITEM008202,ORD03103,PROD0008,Skincare,Forest Essentials,2,317,10,63.4,570.6,3
ITEM008203,ORD03103,PROD0041,Makeup,Mamaearth,1,1516,15,227.4,1288.6,5
ITEM008204,ORD00727,PROD0018,Skincare,Dot & Key,1,1081,0,0,1081,5
ITEM008205,ORD00727,PROD0012,Skincare,Minimalist,3,428,5,64.2,1219.8,3
ITEM008206,ORD03332,PROD0005,Skincare,Biotique,1,893,15,133.95,759.05,5
ITEM008207,ORD03332,PROD0104,Wellness,Nykaa Cosmetics,1,1259,5,62.95,1196.05,1
ITEM008208,ORD03332,PROD0030,Makeup,Nykaa Cosmetics,1,946,10,94.6,851.4,5
ITEM008209,ORD02547,PROD0064,Haircare,The Ordinary,1,642,0,0,642,5
ITEM008210,ORD02547,PROD0032,Makeup,Maybelline,1,2207,0,0,2207,5
ITEM008211,ORD02547,PROD0076,Fragrance,Dot & Key,1,552,5,27.6,524.4,3
ITEM008212,ORD02547,PROD0022,Skincare,MAC,1,1685,5,84.25,1600.75,5
ITEM008213,ORD02410,PROD0105,Wellness,Minimalist,1,1068,20,213.6,854.4,5
ITEM008214,ORD02410,PROD0036,Makeup,Dot & Key,1,988,10,98.8,889.2,3
ITEM008215,ORD02410,PROD0098,Men's Grooming,The Ordinary,1,241,0,0,241,5
ITEM008216,ORD00191,PROD0067,Fragrance,Biotique,1,1488,10,148.8,1339.2,4
ITEM008217,ORD01415,PROD0077,Fragrance,Lakme,1,2406,30,721.8,1684.2,2
ITEM008218,ORD01415,PROD0047,Haircare,Biotique,2,665,20,266,1064,3
ITEM008219,ORD02627,PROD0078,Fragrance,Forest Essentials,1,1970,0,0,1970,5
ITEM008220,ORD01928,PROD0019,Skincare,The Ordinary,2,1588,5,158.8,3017.2,5
ITEM008221,ORD01928,PROD0062,Haircare,WOW Skin Science,1,769,5,38.45,730.55,5
ITEM008222,ORD01928,PROD0014,Skincare,Sugar Cosmetics,1,1200,10,120,1080,5
ITEM008223,ORD04062,PROD0055,Haircare,Minimalist,1,967,10,96.7,870.3,1
ITEM008224,ORD00753,PROD0024,Skincare,MAC,1,900,30,270,630,5
ITEM008225,ORD00753,PROD0013,Skincare,Nykaa Cosmetics,3,716,0,0,2148,3
ITEM008226,ORD00753,PROD0060,Haircare,Plum,2,512,15,153.6,870.4,2
ITEM008227,ORD00753,PROD0102,Wellness,MAC,1,1278,0,0,1278,4
ITEM008228,ORD01786,PROD0066,Fragrance,Forest Essentials,1,2975,5,148.75,2826.25,4
ITEM008229,ORD01786,PROD0089,Bath & Body,Biotique,1,384,0,0,384,5
ITEM008230,ORD01786,PROD0020,Skincare,Maybelline,1,1237,10,123.7,1113.3,4
ITEM008231,ORD01786,PROD0107,Wellness,Sugar Cosmetics,2,1156,15,346.8,1965.2,2
ITEM008232,ORD02783,PROD0050,Haircare,Nykaa Cosmetics,3,762,5,114.3,2171.7,
ITEM008233,ORD03508,PROD0013,Skincare,Nykaa Cosmetics,1,716,0,0,716,4
ITEM008234,ORD03508,PROD0037,Makeup,Mamaearth,1,209,0,0,209,4
ITEM008235,ORD03450,PROD0067,Fragrance,Biotique,2,1488,20,595.2,2380.8,5
ITEM008236,ORD03356,PROD0066,Fragrance,Forest Essentials,3,2975,30,2677.5,6247.5,4
ITEM008237,ORD03356,PROD0094,Men's Grooming,MAC,1,243,15,36.45,206.55,2
ITEM008238,ORD03356,PROD0050,Haircare,Nykaa Cosmetics,1,762,15,114.3,647.7,4
ITEM008239,ORD02938,PROD0005,Skincare,Biotique,1,893,10,89.3,803.7,3
ITEM008240,ORD02938,PROD0046,Makeup,The Ordinary,3,532,30,478.8,1117.2,1
ITEM008241,ORD04429,PROD0029,Makeup,Biotique,1,1007,0,0,1007,
ITEM008242,ORD04429,PROD0045,Makeup,WOW Skin Science,2,1690,5,169,3211,
ITEM008243,ORD03291,PROD0056,Haircare,MAC,2,1009,20,403.6,1614.4,5
ITEM008244,ORD03291,PROD0023,Skincare,Biotique,2,1629,10,325.8,2932.2,4
ITEM008245,ORD02014,PROD0036,Makeup,Dot & Key,1,988,20,197.6,790.4,5
ITEM008246,ORD02014,PROD0063,Haircare,Mamaearth,2,1105,15,331.5,1878.5,1
ITEM008247,ORD02014,PROD0083,Bath & Body,Minimalist,1,446,5,22.3,423.7,3
ITEM008248,ORD02014,PROD0071,Fragrance,Maybelline,1,1416,0,0,1416,4
ITEM008249,ORD03218,PROD0017,Skincare,WOW Skin Science,1,1699,10,169.9,1529.1,5
ITEM008250,ORD01086,PROD0088,Bath & Body,Sugar Cosmetics,2,669,10,133.8,1204.2,5
ITEM008251,ORD02452,PROD0057,Haircare,The Ordinary,2,735,30,441,1029,4
ITEM008252,ORD02452,PROD0049,Haircare,Forest Essentials,1,718,20,143.6,574.4,2
ITEM008253,ORD03726,PROD0002,Skincare,Dot & Key,2,483,10,96.6,869.4,4
ITEM008254,ORD02851,PROD0106,Wellness,Forest Essentials,3,762,15,342.9,1943.1,
ITEM008255,ORD02883,PROD0112,Wellness,NIVEA,1,964,10,96.4,867.6,3
ITEM008256,ORD02883,PROD0035,Makeup,Sugar Cosmetics,1,526,0,0,526,4
ITEM008257,ORD02883,PROD0093,Men's Grooming,Nykaa Cosmetics,2,245,30,147,343,5
ITEM008258,ORD02883,PROD0099,Men's Grooming,Forest Essentials,3,554,0,0,1662,5
ITEM008259,ORD02848,PROD0036,Makeup,Dot & Key,1,988,15,148.2,839.8,
ITEM008260,ORD02848,PROD0054,Haircare,Dot & Key,2,181,20,72.4,289.6,
ITEM008261,ORD04608,PROD0041,Makeup,Mamaearth,1,1516,15,227.4,1288.6,4
ITEM008262,ORD03569,PROD0082,Bath & Body,Sugar Cosmetics,1,621,30,186.3,434.7,3
ITEM008263,ORD03921,PROD0060,Haircare,Plum,1,512,0,0,512,1
ITEM008264,ORD03921,PROD0110,Wellness,Nykaa Cosmetics,1,1400,0,0,1400,2
ITEM008265,ORD03921,PROD0108,Wellness,The Ordinary,1,945,30,283.5,661.5,4
ITEM008266,ORD03921,PROD0049,Haircare,Forest Essentials,1,718,30,215.4,502.6,4
ITEM008267,ORD03951,PROD0017,Skincare,WOW Skin Science,1,1699,30,509.7,1189.3,5
ITEM008268,ORD04830,PROD0036,Makeup,Dot & Key,1,988,5,49.4,938.6,4
ITEM008269,ORD04830,PROD0066,Fragrance,Forest Essentials,1,2975,0,0,2975,5
ITEM008270,ORD00163,PROD0058,Haircare,Mamaearth,2,841,0,0,1682,5
ITEM008271,ORD00163,PROD0109,Wellness,L'Oreal Paris,1,625,5,31.25,593.75,4
ITEM008272,ORD00163,PROD0063,Haircare,Mamaearth,1,1105,20,221,884,4
ITEM008273,ORD00163,PROD0075,Fragrance,Forest Essentials,1,1648,0,0,1648,3
ITEM008274,ORD04046,PROD0088,Bath & Body,Sugar Cosmetics,1,669,5,33.45,635.55,5
ITEM008275,ORD03732,PROD0076,Fragrance,Dot & Key,2,552,5,55.2,1048.8,5
ITEM008276,ORD02907,PROD0041,Makeup,Mamaearth,1,1516,0,0,1516,5
ITEM008277,ORD00646,PROD0038,Makeup,The Ordinary,1,477,10,47.7,429.3,4
ITEM008278,ORD03962,PROD0004,Skincare,Dot & Key,2,1072,30,643.2,1500.8,
ITEM008279,ORD02933,PROD0101,Wellness,Mamaearth,1,930,30,279,651,2
ITEM008280,ORD02933,PROD0099,Men's Grooming,Forest Essentials,1,554,0,0,554,4
ITEM008281,ORD03084,PROD0058,Haircare,Mamaearth,1,841,0,0,841,4
ITEM008282,ORD02970,PROD0044,Makeup,Nykaa Cosmetics,1,701,5,35.05,665.95,
ITEM008283,ORD02970,PROD0004,Skincare,Dot & Key,1,1072,5,53.6,1018.4,
ITEM008284,ORD00505,PROD0043,Makeup,WOW Skin Science,1,1330,5,66.5,1263.5,1
ITEM008285,ORD00505,PROD0073,Fragrance,Biotique,1,2226,0,0,2226,2
ITEM008286,ORD01434,PROD0091,Men's Grooming,WOW Skin Science,3,530,20,318,1272,5
ITEM008287,ORD01434,PROD0101,Wellness,Mamaearth,3,930,0,0,2790,5
ITEM008288,ORD01434,PROD0008,Skincare,Forest Essentials,1,317,20,63.4,253.6,3
ITEM008289,ORD01434,PROD0082,Bath & Body,Sugar Cosmetics,1,621,5,31.05,589.95,4
ITEM008290,ORD00838,PROD0026,Makeup,Biotique,1,267,20,53.4,213.6,5
ITEM008291,ORD03722,PROD0097,Men's Grooming,Maybelline,1,369,10,36.9,332.1,5
ITEM008292,ORD00837,PROD0112,Wellness,NIVEA,2,964,15,289.2,1638.8,2
ITEM008293,ORD00837,PROD0084,Bath & Body,Mamaearth,1,750,10,75,675,5
ITEM008294,ORD00850,PROD0023,Skincare,Biotique,1,1629,5,81.45,1547.55,5
ITEM008295,ORD00850,PROD0048,Haircare,Maybelline,1,775,0,0,775,4
ITEM008296,ORD00850,PROD0068,Fragrance,Minimalist,1,1193,30,357.9,835.1,5
ITEM008297,ORD00850,PROD0022,Skincare,MAC,1,1685,30,505.5,1179.5,5
ITEM008298,ORD02671,PROD0023,Skincare,Biotique,1,1629,0,0,1629,5
ITEM008299,ORD01598,PROD0013,Skincare,Nykaa Cosmetics,2,716,0,0,1432,4
ITEM008300,ORD04141,PROD0065,Haircare,Forest Essentials,3,334,5,50.1,951.9,
ITEM008301,ORD04141,PROD0036,Makeup,Dot & Key,1,988,30,296.4,691.6,
ITEM008302,ORD04141,PROD0077,Fragrance,Lakme,1,2406,5,120.3,2285.7,
ITEM008303,ORD00574,PROD0105,Wellness,Minimalist,2,1068,20,427.2,1708.8,5
ITEM008304,ORD00574,PROD0043,Makeup,WOW Skin Science,3,1330,0,0,3990,3
ITEM008305,ORD03628,PROD0106,Wellness,Forest Essentials,1,762,10,76.2,685.8,4
ITEM008306,ORD03628,PROD0040,Makeup,NIVEA,1,681,30,204.3,476.7,5
ITEM008307,ORD03628,PROD0079,Bath & Body,L'Oreal Paris,1,653,5,32.65,620.35,5
ITEM008308,ORD02724,PROD0060,Haircare,Plum,2,512,20,204.8,819.2,4
ITEM008309,ORD01226,PROD0111,Wellness,Maybelline,2,489,15,146.7,831.3,5
ITEM008310,ORD02332,PROD0061,Haircare,L'Oreal Paris,2,466,15,139.8,792.2,
ITEM008311,ORD02332,PROD0020,Skincare,Maybelline,1,1237,15,185.55,1051.45,
ITEM008312,ORD01533,PROD0028,Makeup,L'Oreal Paris,1,844,10,84.4,759.6,
ITEM008313,ORD01533,PROD0049,Haircare,Forest Essentials,1,718,20,143.6,574.4,
ITEM008314,ORD00783,PROD0009,Skincare,NIVEA,1,720,0,0,720,5
ITEM008315,ORD01749,PROD0062,Haircare,WOW Skin Science,2,769,10,153.8,1384.2,5
ITEM008316,ORD04502,PROD0087,Bath & Body,Dot & Key,1,222,5,11.1,210.9,
ITEM008317,ORD04502,PROD0056,Haircare,MAC,1,1009,10,100.9,908.1,
ITEM008318,ORD01405,PROD0031,Makeup,WOW Skin Science,1,1892,15,283.8,1608.2,5
ITEM008319,ORD02773,PROD0067,Fragrance,Biotique,1,1488,10,148.8,1339.2,5
ITEM008320,ORD03958,PROD0065,Haircare,Forest Essentials,3,334,20,200.4,801.6,
ITEM008321,ORD03958,PROD0055,Haircare,Minimalist,1,967,0,0,967,
ITEM008322,ORD03958,PROD0002,Skincare,Dot & Key,3,483,15,217.35,1231.65,
ITEM008323,ORD03958,PROD0042,Makeup,Sugar Cosmetics,2,647,30,388.2,905.8,
ITEM008324,ORD04841,PROD0067,Fragrance,Biotique,1,1488,0,0,1488,
ITEM008325,ORD01714,PROD0087,Bath & Body,Dot & Key,1,222,0,0,222,5
ITEM008326,ORD01714,PROD0055,Haircare,Minimalist,1,967,15,145.05,821.95,3
ITEM008327,ORD00825,PROD0051,Haircare,WOW Skin Science,1,847,10,84.7,762.3,4
ITEM008328,ORD00229,PROD0090,Men's Grooming,NIVEA,1,842,30,252.6,589.4,5
ITEM008329,ORD00229,PROD0083,Bath & Body,Minimalist,1,446,0,0,446,4
ITEM008330,ORD00229,PROD0053,Haircare,Forest Essentials,1,1102,5,55.1,1046.9,4
ITEM008331,ORD02643,PROD0024,Skincare,MAC,1,900,0,0,900,4
ITEM008332,ORD02643,PROD0069,Fragrance,Plum,1,1765,20,353,1412,5
ITEM008333,ORD02259,PROD0031,Makeup,WOW Skin Science,1,1892,20,378.4,1513.6,
ITEM008334,ORD02259,PROD0072,Fragrance,The Ordinary,3,1765,0,0,5295,
ITEM008335,ORD00705,PROD0035,Makeup,Sugar Cosmetics,2,526,20,210.4,841.6,4
ITEM008336,ORD04732,PROD0063,Haircare,Mamaearth,2,1105,5,110.5,2099.5,5
ITEM008337,ORD04732,PROD0053,Haircare,Forest Essentials,2,1102,30,661.2,1542.8,3
ITEM008338,ORD03623,PROD0033,Makeup,Mamaearth,2,2384,0,0,4768,5
ITEM008339,ORD03623,PROD0068,Fragrance,Minimalist,1,1193,20,238.6,954.4,3
ITEM008340,ORD03623,PROD0035,Makeup,Sugar Cosmetics,1,526,5,26.3,499.7,5
ITEM008341,ORD03623,PROD0038,Makeup,The Ordinary,1,477,0,0,477,4
ITEM008342,ORD02347,PROD0071,Fragrance,Maybelline,1,1416,10,141.6,1274.4,2
ITEM008343,ORD02347,PROD0053,Haircare,Forest Essentials,1,1102,5,55.1,1046.9,4
ITEM008344,ORD01371,PROD0043,Makeup,WOW Skin Science,1,1330,5,66.5,1263.5,
ITEM008345,ORD01828,PROD0094,Men's Grooming,MAC,2,243,10,48.6,437.4,5
ITEM008346,ORD00496,PROD0083,Bath & Body,Minimalist,1,446,15,66.9,379.1,4
ITEM008347,ORD00496,PROD0078,Fragrance,Forest Essentials,1,1970,0,0,1970,2
ITEM008348,ORD02732,PROD0042,Makeup,Sugar Cosmetics,1,647,0,0,647,
ITEM008349,ORD03848,PROD0089,Bath & Body,Biotique,2,384,0,0,768,2
ITEM008350,ORD03848,PROD0067,Fragrance,Biotique,2,1488,0,0,2976,3
ITEM008351,ORD03848,PROD0024,Skincare,MAC,1,900,10,90,810,4
ITEM008352,ORD02300,PROD0054,Haircare,Dot & Key,3,181,0,0,543,5
ITEM008353,ORD02673,PROD0044,Makeup,Nykaa Cosmetics,1,701,15,105.15,595.85,2
ITEM008354,ORD02673,PROD0023,Skincare,Biotique,1,1629,15,244.35,1384.65,4
ITEM008355,ORD01101,PROD0078,Fragrance,Forest Essentials,3,1970,0,0,5910,1
ITEM008356,ORD01101,PROD0101,Wellness,Mamaearth,1,930,0,0,930,4
ITEM008357,ORD01101,PROD0011,Skincare,Lakme,1,1528,10,152.8,1375.2,4
ITEM008358,ORD02650,PROD0098,Men's Grooming,The Ordinary,1,241,0,0,241,
ITEM008359,ORD04117,PROD0056,Haircare,MAC,1,1009,20,201.8,807.2,
ITEM008360,ORD02346,PROD0072,Fragrance,The Ordinary,1,1765,0,0,1765,
ITEM008361,ORD02798,PROD0048,Haircare,Maybelline,1,775,5,38.75,736.25,2
ITEM008362,ORD02798,PROD0087,Bath & Body,Dot & Key,2,222,0,0,444,1
ITEM008363,ORD01054,PROD0069,Fragrance,Plum,1,1765,30,529.5,1235.5,3
ITEM008364,ORD01054,PROD0106,Wellness,Forest Essentials,1,762,10,76.2,685.8,5
ITEM008365,ORD01054,PROD0103,Wellness,Forest Essentials,2,1146,10,229.2,2062.8,4
ITEM008366,ORD02292,PROD0075,Fragrance,Forest Essentials,1,1648,15,247.2,1400.8,5
ITEM008367,ORD02292,PROD0015,Skincare,Biotique,1,1295,5,64.75,1230.25,5
ITEM008368,ORD02292,PROD0069,Fragrance,Plum,2,1765,15,529.5,3000.5,2
ITEM008369,ORD03580,PROD0046,Makeup,The Ordinary,2,532,15,159.6,904.4,
ITEM008370,ORD03580,PROD0094,Men's Grooming,MAC,1,243,10,24.3,218.7,
ITEM008371,ORD04224,PROD0093,Men's Grooming,Nykaa Cosmetics,1,245,20,49,196,5
ITEM008372,ORD04224,PROD0074,Fragrance,NIVEA,2,752,10,150.4,1353.6,4
ITEM008373,ORD03309,PROD0071,Fragrance,Maybelline,2,1416,0,0,2832,3
ITEM008374,ORD00181,PROD0044,Makeup,Nykaa Cosmetics,1,701,20,140.2,560.8,5
ITEM008375,ORD04791,PROD0107,Wellness,Sugar Cosmetics,1,1156,15,173.4,982.6,5
ITEM008376,ORD04791,PROD0064,Haircare,The Ordinary,1,642,0,0,642,3
ITEM008377,ORD01531,PROD0111,Wellness,Maybelline,1,489,20,97.8,391.2,4
ITEM008378,ORD00190,PROD0043,Makeup,WOW Skin Science,2,1330,0,0,2660,5
ITEM008379,ORD00190,PROD0087,Bath & Body,Dot & Key,1,222,0,0,222,5
ITEM008380,ORD02223,PROD0059,Haircare,Minimalist,1,503,15,75.45,427.55,
ITEM008381,ORD01783,PROD0101,Wellness,Mamaearth,1,930,10,93,837,
ITEM008382,ORD01783,PROD0100,Men's Grooming,Minimalist,1,156,0,0,156,
ITEM008383,ORD04879,PROD0079,Bath & Body,L'Oreal Paris,2,653,10,130.6,1175.4,
ITEM008384,ORD00039,PROD0023,Skincare,Biotique,2,1629,0,0,3258,5
ITEM008385,ORD00039,PROD0036,Makeup,Dot & Key,1,988,15,148.2,839.8,5
ITEM008386,ORD00438,PROD0097,Men's Grooming,Maybelline,1,369,0,0,369,
ITEM008387,ORD00438,PROD0030,Makeup,Nykaa Cosmetics,1,946,10,94.6,851.4,
ITEM008388,ORD00438,PROD0013,Skincare,Nykaa Cosmetics,1,716,10,71.6,644.4,
ITEM008389,ORD00791,PROD0045,Makeup,WOW Skin Science,1,1690,0,0,1690,5
ITEM008390,ORD00791,PROD0068,Fragrance,Minimalist,2,1193,0,0,2386,5
ITEM008391,ORD00791,PROD0015,Skincare,Biotique,1,1295,30,388.5,906.5,5
ITEM008392,ORD03246,PROD0108,Wellness,The Ordinary,1,945,0,0,945,3
ITEM008393,ORD03246,PROD0051,Haircare,WOW Skin Science,1,847,5,42.35,804.65,3
ITEM008394,ORD04663,PROD0013,Skincare,Nykaa Cosmetics,1,716,0,0,716,3
ITEM008395,ORD02996,PROD0087,Bath & Body,Dot & Key,3,222,0,0,666,5
ITEM008396,ORD02996,PROD0004,Skincare,Dot & Key,2,1072,10,214.4,1929.6,4
ITEM008397,ORD02317,PROD0062,Haircare,WOW Skin Science,1,769,0,0,769,
ITEM008398,ORD04469,PROD0081,Bath & Body,L'Oreal Paris,1,767,0,0,767,3
ITEM008399,ORD04469,PROD0106,Wellness,Forest Essentials,1,762,30,228.6,533.4,5
ITEM008400,ORD04469,PROD0001,Skincare,Minimalist,1,1006,30,301.8,704.2,2
ITEM008401,ORD04469,PROD0079,Bath & Body,L'Oreal Paris,2,653,15,195.9,1110.1,3
ITEM008402,ORD00671,PROD0019,Skincare,The Ordinary,1,1588,0,0,1588,
ITEM008403,ORD00671,PROD0083,Bath & Body,Minimalist,1,446,10,44.6,401.4,
ITEM008404,ORD00671,PROD0003,Skincare,MAC,1,1606,5,80.3,1525.7,
ITEM008405,ORD00069,PROD0032,Makeup,Maybelline,2,2207,20,882.8,3531.2,4
ITEM008406,ORD00069,PROD0014,Skincare,Sugar Cosmetics,1,1200,30,360,840,5
ITEM008407,ORD03519,PROD0040,Makeup,NIVEA,2,681,10,136.2,1225.8,5
ITEM008408,ORD03519,PROD0101,Wellness,Mamaearth,1,930,30,279,651,3
ITEM008409,ORD01491,PROD0064,Haircare,The Ordinary,1,642,10,64.2,577.8,
ITEM008410,ORD01491,PROD0005,Skincare,Biotique,3,893,5,133.95,2545.05,
ITEM008411,ORD02114,PROD0069,Fragrance,Plum,1,1765,10,176.5,1588.5,3
ITEM008412,ORD00030,PROD0088,Bath & Body,Sugar Cosmetics,1,669,0,0,669,
ITEM008413,ORD00030,PROD0051,Haircare,WOW Skin Science,1,847,0,0,847,
ITEM008414,ORD01057,PROD0056,Haircare,MAC,1,1009,10,100.9,908.1,5
ITEM008415,ORD01057,PROD0019,Skincare,The Ordinary,1,1588,0,0,1588,4
ITEM008416,ORD01057,PROD0074,Fragrance,NIVEA,2,752,20,300.8,1203.2,5
ITEM008417,ORD02170,PROD0063,Haircare,Mamaearth,1,1105,30,331.5,773.5,
ITEM008418,ORD02170,PROD0071,Fragrance,Maybelline,1,1416,15,212.4,1203.6,
ITEM008419,ORD02170,PROD0084,Bath & Body,Mamaearth,1,750,15,112.5,637.5,
ITEM008420,ORD01666,PROD0033,Makeup,Mamaearth,1,2384,20,476.8,1907.2,2
ITEM008421,ORD01098,PROD0067,Fragrance,Biotique,1,1488,0,0,1488,2
ITEM008422,ORD03745,PROD0067,Fragrance,Biotique,1,1488,30,446.4,1041.6,
ITEM008423,ORD03745,PROD0089,Bath & Body,Biotique,1,384,5,19.2,364.8,
ITEM008424,ORD03745,PROD0043,Makeup,WOW Skin Science,1,1330,30,399,931,
ITEM008425,ORD02102,PROD0112,Wellness,NIVEA,1,964,0,0,964,4
ITEM008426,ORD02102,PROD0098,Men's Grooming,The Ordinary,1,241,20,48.2,192.8,4
ITEM008427,ORD02102,PROD0107,Wellness,Sugar Cosmetics,3,1156,5,173.4,3294.6,2
ITEM008428,ORD03306,PROD0049,Haircare,Forest Essentials,3,718,30,646.2,1507.8,
ITEM008429,ORD03306,PROD0101,Wellness,Mamaearth,2,930,0,0,1860,
ITEM008430,ORD03306,PROD0021,Skincare,Biotique,2,869,20,347.6,1390.4,
ITEM008431,ORD03306,PROD0003,Skincare,MAC,1,1606,0,0,1606,
ITEM008432,ORD04064,PROD0094,Men's Grooming,MAC,1,243,0,0,243,5
ITEM008433,ORD04064,PROD0075,Fragrance,Forest Essentials,1,1648,0,0,1648,5
ITEM008434,ORD04064,PROD0051,Haircare,WOW Skin Science,1,847,0,0,847,5
ITEM008435,ORD04945,PROD0091,Men's Grooming,WOW Skin Science,1,530,20,106,424,
ITEM008436,ORD04945,PROD0085,Bath & Body,Sugar Cosmetics,1,329,15,49.35,279.65,
ITEM008437,ORD03095,PROD0077,Fragrance,Lakme,2,2406,15,721.8,4090.2,
ITEM008438,ORD03095,PROD0041,Makeup,Mamaearth,1,1516,20,303.2,1212.8,
ITEM008439,ORD02050,PROD0083,Bath & Body,Minimalist,3,446,0,0,1338,
ITEM008440,ORD00993,PROD0001,Skincare,Minimalist,1,1006,10,100.6,905.4,5
ITEM008441,ORD00441,PROD0036,Makeup,Dot & Key,1,988,20,197.6,790.4,5
ITEM008442,ORD00441,PROD0037,Makeup,Mamaearth,3,209,10,62.7,564.3,5
ITEM008443,ORD03362,PROD0112,Wellness,NIVEA,2,964,0,0,1928,4
ITEM008444,ORD00149,PROD0020,Skincare,Maybelline,1,1237,15,185.55,1051.45,
ITEM008445,ORD00149,PROD0098,Men's Grooming,The Ordinary,1,241,10,24.1,216.9,
ITEM008446,ORD04033,PROD0082,Bath & Body,Sugar Cosmetics,1,621,0,0,621,1
ITEM008447,ORD02200,PROD0067,Fragrance,Biotique,1,1488,15,223.2,1264.8,
ITEM008448,ORD02200,PROD0043,Makeup,WOW Skin Science,1,1330,5,66.5,1263.5,
ITEM008449,ORD02200,PROD0017,Skincare,WOW Skin Science,1,1699,5,84.95,1614.05,
ITEM008450,ORD02200,PROD0026,Makeup,Biotique,1,267,15,40.05,226.95,
ITEM008451,ORD03432,PROD0066,Fragrance,Forest Essentials,1,2975,5,148.75,2826.25,1
ITEM008452,ORD03432,PROD0007,Skincare,Biotique,1,995,0,0,995,5
ITEM008453,ORD03432,PROD0078,Fragrance,Forest Essentials,1,1970,20,394,1576,5
ITEM008454,ORD03432,PROD0048,Haircare,Maybelline,2,775,15,232.5,1317.5,5
ITEM008455,ORD00720,PROD0058,Haircare,Mamaearth,2,841,0,0,1682,4
ITEM008456,ORD00720,PROD0033,Makeup,Mamaearth,1,2384,30,715.2,1668.8,4
ITEM008457,ORD00236,PROD0063,Haircare,Mamaearth,2,1105,20,442,1768,5
ITEM008458,ORD00236,PROD0072,Fragrance,The Ordinary,1,1765,20,353,1412,2
ITEM008459,ORD00236,PROD0038,Makeup,The Ordinary,1,477,20,95.4,381.6,4
ITEM008460,ORD00305,PROD0103,Wellness,Forest Essentials,3,1146,0,0,3438,3
ITEM008461,ORD00733,PROD0066,Fragrance,Forest Essentials,1,2975,20,595,2380,
ITEM008462,ORD04604,PROD0030,Makeup,Nykaa Cosmetics,1,946,30,283.8,662.2,4
ITEM008463,ORD02166,PROD0074,Fragrance,NIVEA,3,752,15,338.4,1917.6,3
ITEM008464,ORD02230,PROD0073,Fragrance,Biotique,1,2226,20,445.2,1780.8,
ITEM008465,ORD02230,PROD0029,Makeup,Biotique,1,1007,10,100.7,906.3,
ITEM008466,ORD01583,PROD0051,Haircare,WOW Skin Science,1,847,5,42.35,804.65,5
ITEM008467,ORD03978,PROD0064,Haircare,The Ordinary,1,642,0,0,642,1
ITEM008468,ORD03978,PROD0059,Haircare,Minimalist,1,503,15,75.45,427.55,4
ITEM008469,ORD03978,PROD0036,Makeup,Dot & Key,1,988,15,148.2,839.8,5
ITEM008470,ORD03978,PROD0098,Men's Grooming,The Ordinary,3,241,30,216.9,506.1,4
ITEM008471,ORD02560,PROD0109,Wellness,L'Oreal Paris,1,625,0,0,625,4
ITEM008472,ORD02560,PROD0085,Bath & Body,Sugar Cosmetics,2,329,0,0,658,5
ITEM008473,ORD04636,PROD0023,Skincare,Biotique,2,1629,20,651.6,2606.4,
ITEM008474,ORD02466,PROD0093,Men's Grooming,Nykaa Cosmetics,1,245,15,36.75,208.25,5
ITEM008475,ORD00005,PROD0022,Skincare,MAC,1,1685,20,337,1348,
ITEM008476,ORD00005,PROD0082,Bath & Body,Sugar Cosmetics,1,621,10,62.1,558.9,
ITEM008477,ORD00005,PROD0089,Bath & Body,Biotique,1,384,15,57.6,326.4,
ITEM008478,ORD01141,PROD0107,Wellness,Sugar Cosmetics,2,1156,0,0,2312,5
ITEM008479,ORD00687,PROD0008,Skincare,Forest Essentials,1,317,0,0,317,5
ITEM008480,ORD00687,PROD0036,Makeup,Dot & Key,2,988,0,0,1976,4
ITEM008481,ORD00687,PROD0002,Skincare,Dot & Key,3,483,5,72.45,1376.55,2
ITEM008482,ORD01751,PROD0095,Men's Grooming,The Ordinary,1,269,15,40.35,228.65,5
ITEM008483,ORD04503,PROD0049,Haircare,Forest Essentials,2,718,5,71.8,1364.2,5
ITEM008484,ORD00420,PROD0069,Fragrance,Plum,1,1765,0,0,1765,
ITEM008485,ORD01433,PROD0018,Skincare,Dot & Key,1,1081,10,108.1,972.9,1
ITEM008486,ORD02006,PROD0033,Makeup,Mamaearth,1,2384,15,357.6,2026.4,2
ITEM008487,ORD02006,PROD0013,Skincare,Nykaa Cosmetics,1,716,20,143.2,572.8,5
ITEM008488,ORD04455,PROD0014,Skincare,Sugar Cosmetics,1,1200,30,360,840,
ITEM008489,ORD00628,PROD0078,Fragrance,Forest Essentials,1,1970,20,394,1576,2
ITEM008490,ORD00628,PROD0085,Bath & Body,Sugar Cosmetics,2,329,30,197.4,460.6,4
ITEM008491,ORD00628,PROD0039,Makeup,Nykaa Cosmetics,2,864,0,0,1728,3
ITEM008492,ORD00628,PROD0100,Men's Grooming,Minimalist,1,156,5,7.8,148.2,5
ITEM008493,ORD00931,PROD0060,Haircare,Plum,1,512,15,76.8,435.2,4
ITEM008494,ORD00931,PROD0047,Haircare,Biotique,1,665,30,199.5,465.5,5
ITEM008495,ORD03294,PROD0063,Haircare,Mamaearth,2,1105,0,0,2210,
ITEM008496,ORD04256,PROD0063,Haircare,Mamaearth,1,1105,0,0,1105,4
ITEM008497,ORD01335,PROD0026,Makeup,Biotique,1,267,20,53.4,213.6,5
ITEM008498,ORD02911,PROD0104,Wellness,Nykaa Cosmetics,1,1259,30,377.7,881.3,
ITEM008499,ORD02911,PROD0038,Makeup,The Ordinary,3,477,10,143.1,1287.9,
ITEM008500,ORD02911,PROD0109,Wellness,L'Oreal Paris,2,625,5,62.5,1187.5,
ITEM008501,ORD02001,PROD0085,Bath & Body,Sugar Cosmetics,2,329,0,0,658,4
ITEM008502,ORD02001,PROD0040,Makeup,NIVEA,2,681,5,68.1,1293.9,2
ITEM008503,ORD02001,PROD0072,Fragrance,The Ordinary,1,1765,15,264.75,1500.25,4
ITEM008504,ORD02011,PROD0064,Haircare,The Ordinary,2,642,0,0,1284,5
ITEM008505,ORD02498,PROD0039,Makeup,Nykaa Cosmetics,1,864,30,259.2,604.8,4
ITEM008506,ORD02498,PROD0100,Men's Grooming,Minimalist,2,156,15,46.8,265.2,2
ITEM008507,ORD02498,PROD0068,Fragrance,Minimalist,1,1193,20,238.6,954.4,5
ITEM008508,ORD01223,PROD0012,Skincare,Minimalist,3,428,0,0,1284,4
ITEM008509,ORD00984,PROD0080,Bath & Body,Lakme,2,152,0,0,304,4
ITEM008510,ORD00984,PROD0106,Wellness,Forest Essentials,1,762,5,38.1,723.9,5
ITEM008511,ORD00984,PROD0075,Fragrance,Forest Essentials,1,1648,5,82.4,1565.6,4
ITEM008512,ORD00984,PROD0105,Wellness,Minimalist,1,1068,10,106.8,961.2,4
ITEM008513,ORD00240,PROD0023,Skincare,Biotique,1,1629,5,81.45,1547.55,3
ITEM008514,ORD00240,PROD0104,Wellness,Nykaa Cosmetics,2,1259,30,755.4,1762.6,5
ITEM008515,ORD02764,PROD0004,Skincare,Dot & Key,1,1072,10,107.2,964.8,5
ITEM008516,ORD04833,PROD0088,Bath & Body,Sugar Cosmetics,1,669,0,0,669,5
ITEM008517,ORD04886,PROD0054,Haircare,Dot & Key,1,181,20,36.2,144.8,5
ITEM008518,ORD04886,PROD0052,Haircare,Nykaa Cosmetics,2,915,20,366,1464,3
ITEM008519,ORD04886,PROD0094,Men's Grooming,MAC,1,243,0,0,243,5
ITEM008520,ORD01023,PROD0033,Makeup,Mamaearth,2,2384,15,715.2,4052.8,4
ITEM008521,ORD02054,PROD0109,Wellness,L'Oreal Paris,2,625,0,0,1250,5
ITEM008522,ORD01858,PROD0021,Skincare,Biotique,3,869,5,130.35,2476.65,
ITEM008523,ORD01199,PROD0083,Bath & Body,Minimalist,2,446,20,178.4,713.6,3
ITEM008524,ORD01255,PROD0017,Skincare,WOW Skin Science,1,1699,20,339.8,1359.2,3
ITEM008525,ORD01255,PROD0040,Makeup,NIVEA,1,681,20,136.2,544.8,5
ITEM008526,ORD02888,PROD0088,Bath & Body,Sugar Cosmetics,2,669,10,133.8,1204.2,
ITEM008527,ORD02888,PROD0071,Fragrance,Maybelline,2,1416,15,424.8,2407.2,
ITEM008528,ORD02888,PROD0020,Skincare,Maybelline,3,1237,0,0,3711,
ITEM008529,ORD02888,PROD0008,Skincare,Forest Essentials,2,317,20,126.8,507.2,
ITEM008530,ORD04019,PROD0081,Bath & Body,L'Oreal Paris,3,767,30,690.3,1610.7,5
ITEM008531,ORD00699,PROD0085,Bath & Body,Sugar Cosmetics,1,329,15,49.35,279.65,2
ITEM008532,ORD00699,PROD0091,Men's Grooming,WOW Skin Science,1,530,0,0,530,5
ITEM008533,ORD00743,PROD0079,Bath & Body,L'Oreal Paris,2,653,5,65.3,1240.7,
ITEM008534,ORD01976,PROD0107,Wellness,Sugar Cosmetics,3,1156,10,346.8,3121.2,4
ITEM008535,ORD03817,PROD0026,Makeup,Biotique,1,267,0,0,267,5
ITEM008536,ORD03817,PROD0046,Makeup,The Ordinary,2,532,0,0,1064,5
ITEM008537,ORD03817,PROD0074,Fragrance,NIVEA,1,752,15,112.8,639.2,4
ITEM008538,ORD04269,PROD0093,Men's Grooming,Nykaa Cosmetics,1,245,10,24.5,220.5,2
ITEM008539,ORD04269,PROD0012,Skincare,Minimalist,1,428,10,42.8,385.2,5
ITEM008540,ORD04269,PROD0017,Skincare,WOW Skin Science,3,1699,20,1019.4,4077.6,4
ITEM008541,ORD01444,PROD0037,Makeup,Mamaearth,2,209,0,0,418,4
ITEM008542,ORD01734,PROD0032,Makeup,Maybelline,2,2207,10,441.4,3972.6,5
ITEM008543,ORD00473,PROD0068,Fragrance,Minimalist,1,1193,0,0,1193,
ITEM008544,ORD00473,PROD0078,Fragrance,Forest Essentials,2,1970,30,1182,2758,
ITEM008545,ORD01720,PROD0078,Fragrance,Forest Essentials,1,1970,5,98.5,1871.5,5
ITEM008546,ORD03224,PROD0089,Bath & Body,Biotique,1,384,15,57.6,326.4,4
ITEM008547,ORD02155,PROD0063,Haircare,Mamaearth,1,1105,5,55.25,1049.75,3
ITEM008548,ORD01772,PROD0051,Haircare,WOW Skin Science,2,847,10,169.4,1524.6,4
ITEM008549,ORD01772,PROD0025,Skincare,Forest Essentials,2,639,15,191.7,1086.3,3
ITEM008550,ORD00839,PROD0003,Skincare,MAC,1,1606,0,0,1606,4
ITEM008551,ORD02635,PROD0071,Fragrance,Maybelline,1,1416,15,212.4,1203.6,5
ITEM008552,ORD02635,PROD0056,Haircare,MAC,1,1009,30,302.7,706.3,3
ITEM008553,ORD02635,PROD0006,Skincare,Nykaa Cosmetics,2,1639,20,655.6,2622.4,5
ITEM008554,ORD02635,PROD0034,Makeup,WOW Skin Science,2,2004,0,0,4008,4
ITEM008555,ORD01568,PROD0102,Wellness,MAC,1,1278,15,191.7,1086.3,5
ITEM008556,ORD02237,PROD0049,Haircare,Forest Essentials,1,718,30,215.4,502.6,4
ITEM008557,ORD04723,PROD0042,Makeup,Sugar Cosmetics,1,647,30,194.1,452.9,2
ITEM008558,ORD04723,PROD0091,Men's Grooming,WOW Skin Science,2,530,10,106,954,2
ITEM008559,ORD00550,PROD0028,Makeup,L'Oreal Paris,1,844,5,42.2,801.8,3
ITEM008560,ORD01143,PROD0015,Skincare,Biotique,3,1295,20,777,3108,4
ITEM008561,ORD01143,PROD0092,Men's Grooming,Lakme,2,463,20,185.2,740.8,3
ITEM008562,ORD01143,PROD0065,Haircare,Forest Essentials,1,334,5,16.7,317.3,5
ITEM008563,ORD01143,PROD0104,Wellness,Nykaa Cosmetics,1,1259,5,62.95,1196.05,5
ITEM008564,ORD03815,PROD0024,Skincare,MAC,1,900,30,270,630,
ITEM008565,ORD03815,PROD0103,Wellness,Forest Essentials,2,1146,30,687.6,1604.4,
ITEM008566,ORD03815,PROD0084,Bath & Body,Mamaearth,2,750,30,450,1050,
ITEM008567,ORD04478,PROD0048,Haircare,Maybelline,3,775,0,0,2325,5
ITEM008568,ORD01820,PROD0073,Fragrance,Biotique,3,2226,15,1001.7,5676.3,
ITEM008569,ORD01820,PROD0002,Skincare,Dot & Key,1,483,15,72.45,410.55,
ITEM008570,ORD01820,PROD0026,Makeup,Biotique,1,267,5,13.35,253.65,
ITEM008571,ORD01820,PROD0015,Skincare,Biotique,1,1295,30,388.5,906.5,
ITEM008572,ORD04583,PROD0048,Haircare,Maybelline,1,775,10,77.5,697.5,5
ITEM008573,ORD04600,PROD0004,Skincare,Dot & Key,1,1072,15,160.8,911.2,4
ITEM008574,ORD00184,PROD0103,Wellness,Forest Essentials,1,1146,0,0,1146,3
ITEM008575,ORD04685,PROD0037,Makeup,Mamaearth,1,209,20,41.8,167.2,3
ITEM008576,ORD00787,PROD0094,Men's Grooming,MAC,3,243,30,218.7,510.3,1
ITEM008577,ORD00787,PROD0086,Bath & Body,Sugar Cosmetics,1,317,0,0,317,4
ITEM008578,ORD03554,PROD0002,Skincare,Dot & Key,1,483,5,24.15,458.85,5
ITEM008579,ORD03554,PROD0104,Wellness,Nykaa Cosmetics,1,1259,0,0,1259,2
ITEM008580,ORD00982,PROD0058,Haircare,Mamaearth,1,841,30,252.3,588.7,3
ITEM008581,ORD00982,PROD0077,Fragrance,Lakme,2,2406,20,962.4,3849.6,4
ITEM008582,ORD02393,PROD0005,Skincare,Biotique,1,893,5,44.65,848.35,5
ITEM008583,ORD02393,PROD0001,Skincare,Minimalist,1,1006,5,50.3,955.7,5
ITEM008584,ORD02393,PROD0081,Bath & Body,L'Oreal Paris,3,767,0,0,2301,3
ITEM008585,ORD02393,PROD0106,Wellness,Forest Essentials,2,762,30,457.2,1066.8,5
ITEM008586,ORD00484,PROD0023,Skincare,Biotique,1,1629,5,81.45,1547.55,5
ITEM008587,ORD00484,PROD0094,Men's Grooming,MAC,1,243,20,48.6,194.4,4
ITEM008588,ORD00484,PROD0102,Wellness,MAC,1,1278,0,0,1278,5
ITEM008589,ORD00484,PROD0030,Makeup,Nykaa Cosmetics,2,946,10,189.2,1702.8,5
ITEM008590,ORD04816,PROD0092,Men's Grooming,Lakme,1,463,15,69.45,393.55,2
ITEM008591,ORD04816,PROD0029,Makeup,Biotique,1,1007,15,151.05,855.95,3
ITEM008592,ORD01705,PROD0021,Skincare,Biotique,2,869,0,0,1738,4
ITEM008593,ORD01705,PROD0080,Bath & Body,Lakme,2,152,0,0,304,3
ITEM008594,ORD01705,PROD0093,Men's Grooming,Nykaa Cosmetics,2,245,0,0,490,5
ITEM008595,ORD01705,PROD0004,Skincare,Dot & Key,1,1072,5,53.6,1018.4,4
ITEM008596,ORD02420,PROD0022,Skincare,MAC,1,1685,5,84.25,1600.75,3
ITEM008597,ORD02420,PROD0016,Skincare,The Ordinary,3,1150,20,690,2760,2
ITEM008598,ORD00797,PROD0071,Fragrance,Maybelline,1,1416,15,212.4,1203.6,5
ITEM008599,ORD04422,PROD0025,Skincare,Forest Essentials,1,639,15,95.85,543.15,3
ITEM008600,ORD02233,PROD0087,Bath & Body,Dot & Key,2,222,0,0,444,4
ITEM008601,ORD02233,PROD0032,Makeup,Maybelline,1,2207,0,0,2207,4
ITEM008602,ORD01815,PROD0030,Makeup,Nykaa Cosmetics,1,946,0,0,946,3
ITEM008603,ORD02176,PROD0101,Wellness,Mamaearth,1,930,10,93,837,4
ITEM008604,ORD02176,PROD0091,Men's Grooming,WOW Skin Science,2,530,10,106,954,4
ITEM008605,ORD02176,PROD0019,Skincare,The Ordinary,2,1588,20,635.2,2540.8,5
ITEM008606,ORD03263,PROD0011,Skincare,Lakme,2,1528,20,611.2,2444.8,3
ITEM008607,ORD00295,PROD0030,Makeup,Nykaa Cosmetics,3,946,20,567.6,2270.4,4
ITEM008608,ORD00295,PROD0032,Makeup,Maybelline,1,2207,15,331.05,1875.95,4
ITEM008609,ORD00295,PROD0014,Skincare,Sugar Cosmetics,1,1200,5,60,1140,5
ITEM008610,ORD00721,PROD0069,Fragrance,Plum,1,1765,0,0,1765,5
ITEM008611,ORD00721,PROD0092,Men's Grooming,Lakme,2,463,20,185.2,740.8,5
ITEM008612,ORD02733,PROD0046,Makeup,The Ordinary,1,532,0,0,532,
ITEM008613,ORD00817,PROD0083,Bath & Body,Minimalist,2,446,10,89.2,802.8,2
ITEM008614,ORD04718,PROD0097,Men's Grooming,Maybelline,1,369,20,73.8,295.2,1
ITEM008615,ORD00381,PROD0006,Skincare,Nykaa Cosmetics,1,1639,10,163.9,1475.1,4
ITEM008616,ORD04057,PROD0006,Skincare,Nykaa Cosmetics,1,1639,30,491.7,1147.3,
ITEM008617,ORD00908,PROD0033,Makeup,Mamaearth,1,2384,15,357.6,2026.4,3
ITEM008618,ORD00908,PROD0098,Men's Grooming,The Ordinary,1,241,5,12.05,228.95,4
ITEM008619,ORD00908,PROD0093,Men's Grooming,Nykaa Cosmetics,1,245,0,0,245,5
ITEM008620,ORD02686,PROD0100,Men's Grooming,Minimalist,3,156,20,93.6,374.4,
ITEM008621,ORD02686,PROD0041,Makeup,Mamaearth,2,1516,15,454.8,2577.2,
ITEM008622,ORD02686,PROD0104,Wellness,Nykaa Cosmetics,1,1259,0,0,1259,
ITEM008623,ORD02686,PROD0002,Skincare,Dot & Key,1,483,5,24.15,458.85,
ITEM008624,ORD03379,PROD0086,Bath & Body,Sugar Cosmetics,3,317,20,190.2,760.8,2
ITEM008625,ORD03379,PROD0053,Haircare,Forest Essentials,1,1102,10,110.2,991.8,5
ITEM008626,ORD03379,PROD0005,Skincare,Biotique,1,893,0,0,893,3
ITEM008627,ORD03379,PROD0021,Skincare,Biotique,1,869,5,43.45,825.55,5
ITEM008628,ORD04549,PROD0083,Bath & Body,Minimalist,2,446,0,0,892,4
ITEM008629,ORD04549,PROD0052,Haircare,Nykaa Cosmetics,1,915,15,137.25,777.75,4
ITEM008630,ORD04549,PROD0071,Fragrance,Maybelline,1,1416,0,0,1416,2
ITEM008631,ORD01536,PROD0106,Wellness,Forest Essentials,2,762,30,457.2,1066.8,5
ITEM008632,ORD00990,PROD0048,Haircare,Maybelline,1,775,10,77.5,697.5,5
ITEM008633,ORD00990,PROD0042,Makeup,Sugar Cosmetics,2,647,15,194.1,1099.9,5
ITEM008634,ORD00990,PROD0079,Bath & Body,L'Oreal Paris,1,653,30,195.9,457.1,4
ITEM008635,ORD03538,PROD0080,Bath & Body,Lakme,1,152,5,7.6,144.4,5
ITEM008636,ORD03991,PROD0080,Bath & Body,Lakme,1,152,0,0,152,5
ITEM008637,ORD01809,PROD0085,Bath & Body,Sugar Cosmetics,1,329,10,32.9,296.1,3
ITEM008638,ORD01809,PROD0002,Skincare,Dot & Key,1,483,15,72.45,410.55,5
ITEM008639,ORD01629,PROD0033,Makeup,Mamaearth,1,2384,15,357.6,2026.4,
ITEM008640,ORD01629,PROD0097,Men's Grooming,Maybelline,2,369,15,110.7,627.3,
ITEM008641,ORD00334,PROD0028,Makeup,L'Oreal Paris,1,844,20,168.8,675.2,3
ITEM008642,ORD00334,PROD0022,Skincare,MAC,1,1685,5,84.25,1600.75,4
ITEM008643,ORD00334,PROD0099,Men's Grooming,Forest Essentials,1,554,15,83.1,470.9,2
ITEM008644,ORD01208,PROD0050,Haircare,Nykaa Cosmetics,1,762,0,0,762,4
ITEM008645,ORD01208,PROD0087,Bath & Body,Dot & Key,1,222,20,44.4,177.6,3
ITEM008646,ORD01208,PROD0048,Haircare,Maybelline,1,775,0,0,775,4
ITEM008647,ORD03828,PROD0072,Fragrance,The Ordinary,1,1765,15,264.75,1500.25,4
ITEM008648,ORD03828,PROD0034,Makeup,WOW Skin Science,1,2004,0,0,2004,5
ITEM008649,ORD03828,PROD0027,Makeup,Mamaearth,1,1454,15,218.1,1235.9,2
ITEM008650,ORD01113,PROD0095,Men's Grooming,The Ordinary,1,269,20,53.8,215.2,4
ITEM008651,ORD00945,PROD0015,Skincare,Biotique,1,1295,0,0,1295,4
ITEM008652,ORD04725,PROD0094,Men's Grooming,MAC,1,243,30,72.9,170.1,4
ITEM008653,ORD01363,PROD0005,Skincare,Biotique,1,893,0,0,893,
ITEM008654,ORD02480,PROD0061,Haircare,L'Oreal Paris,1,466,0,0,466,5
ITEM008655,ORD02480,PROD0079,Bath & Body,L'Oreal Paris,1,653,15,97.95,555.05,5
ITEM008656,ORD02480,PROD0078,Fragrance,Forest Essentials,3,1970,15,886.5,5023.5,4
ITEM008657,ORD02480,PROD0072,Fragrance,The Ordinary,1,1765,15,264.75,1500.25,5
ITEM008658,ORD00013,PROD0106,Wellness,Forest Essentials,2,762,5,76.2,1447.8,5
ITEM008659,ORD00013,PROD0047,Haircare,Biotique,1,665,20,133,532,4
ITEM008660,ORD00013,PROD0093,Men's Grooming,Nykaa Cosmetics,1,245,30,73.5,171.5,5
ITEM008661,ORD03495,PROD0069,Fragrance,Plum,1,1765,10,176.5,1588.5,
ITEM008662,ORD03495,PROD0062,Haircare,WOW Skin Science,1,769,15,115.35,653.65,
ITEM008663,ORD02727,PROD0053,Haircare,Forest Essentials,1,1102,30,330.6,771.4,3
ITEM008664,ORD02276,PROD0024,Skincare,MAC,1,900,30,270,630,5
ITEM008665,ORD02276,PROD0002,Skincare,Dot & Key,2,483,30,289.8,676.2,5
ITEM008666,ORD00230,PROD0074,Fragrance,NIVEA,1,752,0,0,752,5
ITEM008667,ORD00230,PROD0004,Skincare,Dot & Key,2,1072,20,428.8,1715.2,4
ITEM008668,ORD01644,PROD0051,Haircare,WOW Skin Science,3,847,0,0,2541,
ITEM008669,ORD03487,PROD0026,Makeup,Biotique,2,267,15,80.1,453.9,5
ITEM008670,ORD03487,PROD0064,Haircare,The Ordinary,1,642,0,0,642,5
ITEM008671,ORD02726,PROD0052,Haircare,Nykaa Cosmetics,1,915,30,274.5,640.5,
ITEM008672,ORD00615,PROD0036,Makeup,Dot & Key,1,988,20,197.6,790.4,2
ITEM008673,ORD00615,PROD0041,Makeup,Mamaearth,1,1516,5,75.8,1440.2,5
ITEM008674,ORD00615,PROD0082,Bath & Body,Sugar Cosmetics,2,621,15,186.3,1055.7,5
ITEM008675,ORD00255,PROD0097,Men's Grooming,Maybelline,1,369,30,110.7,258.3,2
ITEM008676,ORD02185,PROD0023,Skincare,Biotique,2,1629,20,651.6,2606.4,4
ITEM008677,ORD02185,PROD0040,Makeup,NIVEA,1,681,10,68.1,612.9,2
ITEM008678,ORD00360,PROD0080,Bath & Body,Lakme,1,152,20,30.4,121.6,4
ITEM008679,ORD03124,PROD0082,Bath & Body,Sugar Cosmetics,1,621,15,93.15,527.85,5
ITEM008680,ORD03124,PROD0016,Skincare,The Ordinary,2,1150,5,115,2185,4
ITEM008681,ORD03124,PROD0036,Makeup,Dot & Key,3,988,0,0,2964,4
ITEM008682,ORD03708,PROD0074,Fragrance,NIVEA,1,752,20,150.4,601.6,5
ITEM008683,ORD04339,PROD0043,Makeup,WOW Skin Science,1,1330,10,133,1197,5
ITEM008684,ORD04339,PROD0004,Skincare,Dot & Key,1,1072,10,107.2,964.8,3
ITEM008685,ORD04339,PROD0010,Skincare,The Ordinary,1,893,0,0,893,5
ITEM008686,ORD04339,PROD0105,Wellness,Minimalist,1,1068,5,53.4,1014.6,1
ITEM008687,ORD01892,PROD0026,Makeup,Biotique,1,267,0,0,267,
ITEM008688,ORD01892,PROD0076,Fragrance,Dot & Key,1,552,30,165.6,386.4,
ITEM008689,ORD01892,PROD0066,Fragrance,Forest Essentials,1,2975,5,148.75,2826.25,
ITEM008690,ORD01892,PROD0008,Skincare,Forest Essentials,1,317,30,95.1,221.9,
ITEM008691,ORD00707,PROD0032,Makeup,Maybelline,2,2207,15,662.1,3751.9,5
ITEM008692,ORD00707,PROD0051,Haircare,WOW Skin Science,1,847,0,0,847,5
ITEM008693,ORD00097,PROD0019,Skincare,The Ordinary,1,1588,0,0,1588,5
ITEM008694,ORD00097,PROD0064,Haircare,The Ordinary,1,642,30,192.6,449.4,4
ITEM008695,ORD04829,PROD0037,Makeup,Mamaearth,1,209,10,20.9,188.1,4
ITEM008696,ORD00683,PROD0059,Haircare,Minimalist,1,503,10,50.3,452.7,5
ITEM008697,ORD00683,PROD0050,Haircare,Nykaa Cosmetics,1,762,30,228.6,533.4,3
ITEM008698,ORD03727,PROD0003,Skincare,MAC,2,1606,20,642.4,2569.6,5
ITEM008699,ORD03727,PROD0094,Men's Grooming,MAC,1,243,30,72.9,170.1,5
ITEM008700,ORD03604,PROD0100,Men's Grooming,Minimalist,1,156,15,23.4,132.6,5
ITEM008701,ORD03604,PROD0071,Fragrance,Maybelline,1,1416,10,141.6,1274.4,3
ITEM008702,ORD03604,PROD0063,Haircare,Mamaearth,1,1105,0,0,1105,4
ITEM008703,ORD02788,PROD0046,Makeup,The Ordinary,2,532,10,106.4,957.6,5
ITEM008704,ORD02788,PROD0037,Makeup,Mamaearth,1,209,0,0,209,5
ITEM008705,ORD03583,PROD0070,Fragrance,NIVEA,3,2241,0,0,6723,
ITEM008706,ORD03583,PROD0048,Haircare,Maybelline,2,775,10,155,1395,
ITEM008707,ORD02535,PROD0002,Skincare,Dot & Key,2,483,30,289.8,676.2,
ITEM008708,ORD02535,PROD0042,Makeup,Sugar Cosmetics,1,647,10,64.7,582.3,
ITEM008709,ORD02535,PROD0110,Wellness,Nykaa Cosmetics,1,1400,10,140,1260,
ITEM008710,ORD01693,PROD0076,Fragrance,Dot & Key,1,552,20,110.4,441.6,3
ITEM008711,ORD01693,PROD0024,Skincare,MAC,1,900,20,180,720,5
ITEM008712,ORD02235,PROD0023,Skincare,Biotique,1,1629,15,244.35,1384.65,5
ITEM008713,ORD02235,PROD0102,Wellness,MAC,2,1278,30,766.8,1789.2,2
ITEM008714,ORD04284,PROD0040,Makeup,NIVEA,1,681,15,102.15,578.85,5
ITEM008715,ORD03795,PROD0037,Makeup,Mamaearth,2,209,5,20.9,397.1,4
ITEM008716,ORD02817,PROD0008,Skincare,Forest Essentials,3,317,10,95.1,855.9,5
ITEM008717,ORD02980,PROD0033,Makeup,Mamaearth,1,2384,5,119.2,2264.8,5
ITEM008718,ORD02980,PROD0065,Haircare,Forest Essentials,1,334,10,33.4,300.6,5
ITEM008719,ORD02980,PROD0001,Skincare,Minimalist,1,1006,30,301.8,704.2,5
ITEM008720,ORD03814,PROD0071,Fragrance,Maybelline,1,1416,10,141.6,1274.4,5
ITEM008721,ORD01947,PROD0029,Makeup,Biotique,1,1007,30,302.1,704.9,3
ITEM008722,ORD01947,PROD0037,Makeup,Mamaearth,1,209,20,41.8,167.2,3
ITEM008723,ORD04587,PROD0029,Makeup,Biotique,2,1007,10,201.4,1812.6,4
ITEM008724,ORD00740,PROD0102,Wellness,MAC,1,1278,0,0,1278,5
ITEM008725,ORD03607,PROD0110,Wellness,Nykaa Cosmetics,1,1400,30,420,980,4
ITEM008726,ORD03607,PROD0104,Wellness,Nykaa Cosmetics,1,1259,30,377.7,881.3,4
ITEM008727,ORD01142,PROD0017,Skincare,WOW Skin Science,1,1699,30,509.7,1189.3,4
ITEM008728,ORD02744,PROD0080,Bath & Body,Lakme,1,152,20,30.4,121.6,5
ITEM008729,ORD03091,PROD0059,Haircare,Minimalist,2,503,0,0,1006,
ITEM008730,ORD03091,PROD0019,Skincare,The Ordinary,2,1588,20,635.2,2540.8,
ITEM008731,ORD03091,PROD0104,Wellness,Nykaa Cosmetics,2,1259,30,755.4,1762.6,
ITEM008732,ORD01501,PROD0053,Haircare,Forest Essentials,2,1102,0,0,2204,5
ITEM008733,ORD02485,PROD0038,Makeup,The Ordinary,2,477,0,0,954,5
ITEM008734,ORD00644,PROD0101,Wellness,Mamaearth,1,930,0,0,930,3
ITEM008735,ORD00644,PROD0098,Men's Grooming,The Ordinary,1,241,10,24.1,216.9,5
ITEM008736,ORD04434,PROD0048,Haircare,Maybelline,1,775,0,0,775,5
ITEM008737,ORD04434,PROD0103,Wellness,Forest Essentials,1,1146,20,229.2,916.8,4
ITEM008738,ORD03032,PROD0112,Wellness,NIVEA,3,964,0,0,2892,5
ITEM008739,ORD02620,PROD0053,Haircare,Forest Essentials,1,1102,10,110.2,991.8,1
ITEM008740,ORD02811,PROD0017,Skincare,WOW Skin Science,1,1699,15,254.85,1444.15,4
ITEM008741,ORD02811,PROD0038,Makeup,The Ordinary,1,477,15,71.55,405.45,3
ITEM008742,ORD02811,PROD0005,Skincare,Biotique,1,893,10,89.3,803.7,5
ITEM008743,ORD02811,PROD0035,Makeup,Sugar Cosmetics,2,526,0,0,1052,4
ITEM008744,ORD01853,PROD0111,Wellness,Maybelline,1,489,30,146.7,342.3,5
ITEM008745,ORD01853,PROD0083,Bath & Body,Minimalist,1,446,20,89.2,356.8,1
ITEM008746,ORD01853,PROD0092,Men's Grooming,Lakme,2,463,0,0,926,5
ITEM008747,ORD01853,PROD0044,Makeup,Nykaa Cosmetics,3,701,0,0,2103,4
ITEM008748,ORD01579,PROD0005,Skincare,Biotique,1,893,20,178.6,714.4,3
ITEM008749,ORD02978,PROD0023,Skincare,Biotique,1,1629,0,0,1629,4
ITEM008750,ORD02978,PROD0064,Haircare,The Ordinary,1,642,30,192.6,449.4,4
ITEM008751,ORD02978,PROD0031,Makeup,WOW Skin Science,1,1892,5,94.6,1797.4,5
ITEM008752,ORD04392,PROD0018,Skincare,Dot & Key,1,1081,15,162.15,918.85,
ITEM008753,ORD04392,PROD0045,Makeup,WOW Skin Science,2,1690,5,169,3211,
ITEM008754,ORD03687,PROD0035,Makeup,Sugar Cosmetics,1,526,0,0,526,
ITEM008755,ORD03687,PROD0112,Wellness,NIVEA,1,964,20,192.8,771.2,
ITEM008756,ORD03687,PROD0062,Haircare,WOW Skin Science,1,769,15,115.35,653.65,
ITEM008757,ORD04687,PROD0068,Fragrance,Minimalist,1,1193,10,119.3,1073.7,5
ITEM008758,ORD00141,PROD0029,Makeup,Biotique,1,1007,30,302.1,704.9,5
ITEM008759,ORD04374,PROD0010,Skincare,The Ordinary,1,893,5,44.65,848.35,4
ITEM008760,ORD04374,PROD0092,Men's Grooming,Lakme,1,463,5,23.15,439.85,4
ITEM008761,ORD04242,PROD0059,Haircare,Minimalist,1,503,10,50.3,452.7,
ITEM008762,ORD04242,PROD0019,Skincare,The Ordinary,1,1588,0,0,1588,
ITEM008763,ORD01780,PROD0101,Wellness,Mamaearth,1,930,5,46.5,883.5,4
ITEM008764,ORD04015,PROD0098,Men's Grooming,The Ordinary,1,241,5,12.05,228.95,5
ITEM008765,ORD04015,PROD0066,Fragrance,Forest Essentials,1,2975,0,0,2975,4
ITEM008766,ORD03838,PROD0062,Haircare,WOW Skin Science,1,769,15,115.35,653.65,5
ITEM008767,ORD02024,PROD0006,Skincare,Nykaa Cosmetics,1,1639,0,0,1639,
ITEM008768,ORD02024,PROD0104,Wellness,Nykaa Cosmetics,1,1259,5,62.95,1196.05,
ITEM008769,ORD02024,PROD0063,Haircare,Mamaearth,2,1105,5,110.5,2099.5,
ITEM008770,ORD02024,PROD0110,Wellness,Nykaa Cosmetics,1,1400,30,420,980,
ITEM008771,ORD01236,PROD0020,Skincare,Maybelline,2,1237,0,0,2474,3
ITEM008772,ORD01541,PROD0061,Haircare,L'Oreal Paris,1,466,0,0,466,2
ITEM008773,ORD03055,PROD0111,Wellness,Maybelline,1,489,0,0,489,3
ITEM008774,ORD03065,PROD0102,Wellness,MAC,1,1278,10,127.8,1150.2,4
ITEM008775,ORD02081,PROD0028,Makeup,L'Oreal Paris,1,844,5,42.2,801.8,4
ITEM008776,ORD02265,PROD0019,Skincare,The Ordinary,3,1588,30,1429.2,3334.8,3
ITEM008777,ORD00415,PROD0065,Haircare,Forest Essentials,2,334,10,66.8,601.2,5
ITEM008778,ORD00415,PROD0002,Skincare,Dot & Key,1,483,10,48.3,434.7,2
ITEM008779,ORD02450,PROD0105,Wellness,Minimalist,1,1068,5,53.4,1014.6,4
ITEM008780,ORD02501,PROD0068,Fragrance,Minimalist,3,1193,15,536.85,3042.15,5
ITEM008781,ORD02501,PROD0030,Makeup,Nykaa Cosmetics,3,946,15,425.7,2412.3,2
ITEM008782,ORD02501,PROD0086,Bath & Body,Sugar Cosmetics,1,317,0,0,317,5
ITEM008783,ORD02501,PROD0095,Men's Grooming,The Ordinary,1,269,0,0,269,5
ITEM008784,ORD00182,PROD0074,Fragrance,NIVEA,1,752,30,225.6,526.4,5
ITEM008785,ORD00182,PROD0075,Fragrance,Forest Essentials,1,1648,0,0,1648,3
ITEM008786,ORD00182,PROD0051,Haircare,WOW Skin Science,1,847,0,0,847,1
ITEM008787,ORD04956,PROD0060,Haircare,Plum,1,512,0,0,512,
ITEM008788,ORD00597,PROD0112,Wellness,NIVEA,2,964,20,385.6,1542.4,5
ITEM008789,ORD00597,PROD0072,Fragrance,The Ordinary,1,1765,0,0,1765,5
ITEM008790,ORD00597,PROD0073,Fragrance,Biotique,2,2226,0,0,4452,5
ITEM008791,ORD00597,PROD0040,Makeup,NIVEA,1,681,15,102.15,578.85,3
ITEM008792,ORD01009,PROD0032,Makeup,Maybelline,2,2207,0,0,4414,2
ITEM008793,ORD04008,PROD0014,Skincare,Sugar Cosmetics,1,1200,5,60,1140,4
ITEM008794,ORD04008,PROD0020,Skincare,Maybelline,2,1237,0,0,2474,5
ITEM008795,ORD04008,PROD0047,Haircare,Biotique,2,665,30,399,931,3
ITEM008796,ORD00254,PROD0090,Men's Grooming,NIVEA,2,842,0,0,1684,4
ITEM008797,ORD00254,PROD0104,Wellness,Nykaa Cosmetics,2,1259,30,755.4,1762.6,5
ITEM008798,ORD04499,PROD0011,Skincare,Lakme,2,1528,0,0,3056,
ITEM008799,ORD04499,PROD0063,Haircare,Mamaearth,1,1105,30,331.5,773.5,
ITEM008800,ORD00086,PROD0075,Fragrance,Forest Essentials,1,1648,5,82.4,1565.6,2
ITEM008801,ORD00086,PROD0022,Skincare,MAC,1,1685,20,337,1348,2
ITEM008802,ORD00086,PROD0047,Haircare,Biotique,1,665,0,0,665,5
ITEM008803,ORD04321,PROD0058,Haircare,Mamaearth,2,841,10,168.2,1513.8,
ITEM008804,ORD04321,PROD0041,Makeup,Mamaearth,1,1516,15,227.4,1288.6,
ITEM008805,ORD04321,PROD0103,Wellness,Forest Essentials,1,1146,30,343.8,802.2,
ITEM008806,ORD04321,PROD0089,Bath & Body,Biotique,2,384,15,115.2,652.8,
ITEM008807,ORD02952,PROD0071,Fragrance,Maybelline,2,1416,15,424.8,2407.2,5
ITEM008808,ORD02952,PROD0073,Fragrance,Biotique,1,2226,20,445.2,1780.8,5
ITEM008809,ORD03010,PROD0058,Haircare,Mamaearth,1,841,5,42.05,798.95,5
ITEM008810,ORD03010,PROD0073,Fragrance,Biotique,1,2226,10,222.6,2003.4,5
ITEM008811,ORD01876,PROD0041,Makeup,Mamaearth,1,1516,10,151.6,1364.4,5
ITEM008812,ORD02524,PROD0090,Men's Grooming,NIVEA,1,842,15,126.3,715.7,5
ITEM008813,ORD02524,PROD0033,Makeup,Mamaearth,1,2384,30,715.2,1668.8,5
ITEM008814,ORD01330,PROD0103,Wellness,Forest Essentials,1,1146,0,0,1146,
ITEM008815,ORD01330,PROD0006,Skincare,Nykaa Cosmetics,2,1639,20,655.6,2622.4,
ITEM008816,ORD01330,PROD0020,Skincare,Maybelline,1,1237,20,247.4,989.6,
ITEM008817,ORD01269,PROD0042,Makeup,Sugar Cosmetics,1,647,0,0,647,
ITEM008818,ORD01269,PROD0017,Skincare,WOW Skin Science,2,1699,20,679.6,2718.4,
ITEM008819,ORD01864,PROD0034,Makeup,WOW Skin Science,1,2004,10,200.4,1803.6,5
ITEM008820,ORD01864,PROD0064,Haircare,The Ordinary,1,642,10,64.2,577.8,4
ITEM008821,ORD04189,PROD0070,Fragrance,NIVEA,1,2241,30,672.3,1568.7,4
ITEM008822,ORD04189,PROD0042,Makeup,Sugar Cosmetics,2,647,15,194.1,1099.9,4
ITEM008823,ORD04189,PROD0089,Bath & Body,Biotique,1,384,10,38.4,345.6,3
ITEM008824,ORD01253,PROD0080,Bath & Body,Lakme,3,152,0,0,456,4
ITEM008825,ORD04459,PROD0101,Wellness,Mamaearth,1,930,5,46.5,883.5,5
ITEM008826,ORD04459,PROD0103,Wellness,Forest Essentials,1,1146,15,171.9,974.1,4
ITEM008827,ORD04238,PROD0006,Skincare,Nykaa Cosmetics,1,1639,30,491.7,1147.3,5
ITEM008828,ORD04238,PROD0059,Haircare,Minimalist,1,503,0,0,503,3
ITEM008829,ORD03489,PROD0026,Makeup,Biotique,2,267,0,0,534,1
ITEM008830,ORD03489,PROD0020,Skincare,Maybelline,2,1237,20,494.8,1979.2,5
ITEM008831,ORD04823,PROD0092,Men's Grooming,Lakme,1,463,20,92.6,370.4,2
ITEM008832,ORD04823,PROD0027,Makeup,Mamaearth,2,1454,20,581.6,2326.4,3
ITEM008833,ORD04859,PROD0045,Makeup,WOW Skin Science,1,1690,30,507,1183,
ITEM008834,ORD04859,PROD0095,Men's Grooming,The Ordinary,1,269,0,0,269,
ITEM008835,ORD04859,PROD0066,Fragrance,Forest Essentials,1,2975,0,0,2975,
ITEM008836,ORD02976,PROD0002,Skincare,Dot & Key,3,483,30,434.7,1014.3,2
ITEM008837,ORD02976,PROD0090,Men's Grooming,NIVEA,1,842,5,42.1,799.9,5
ITEM008838,ORD00498,PROD0009,Skincare,NIVEA,2,720,0,0,1440,
ITEM008839,ORD00498,PROD0032,Makeup,Maybelline,2,2207,5,220.7,4193.3,
ITEM008840,ORD00498,PROD0090,Men's Grooming,NIVEA,1,842,5,42.1,799.9,
ITEM008841,ORD02656,PROD0093,Men's Grooming,Nykaa Cosmetics,2,245,20,98,392,3
ITEM008842,ORD02656,PROD0003,Skincare,MAC,2,1606,5,160.6,3051.4,3
ITEM008843,ORD04654,PROD0071,Fragrance,Maybelline,1,1416,20,283.2,1132.8,4
ITEM008844,ORD03953,PROD0077,Fragrance,Lakme,1,2406,30,721.8,1684.2,
ITEM008845,ORD03953,PROD0056,Haircare,MAC,1,1009,15,151.35,857.65,
ITEM008846,ORD00751,PROD0033,Makeup,Mamaearth,1,2384,30,715.2,1668.8,4
ITEM008847,ORD00751,PROD0102,Wellness,MAC,1,1278,0,0,1278,5
ITEM008848,ORD02994,PROD0028,Makeup,L'Oreal Paris,1,844,0,0,844,4
ITEM008849,ORD02994,PROD0045,Makeup,WOW Skin Science,1,1690,20,338,1352,5
ITEM008850,ORD02994,PROD0062,Haircare,WOW Skin Science,1,769,15,115.35,653.65,4
ITEM008851,ORD02994,PROD0098,Men's Grooming,The Ordinary,1,241,20,48.2,192.8,5
ITEM008852,ORD01286,PROD0022,Skincare,MAC,1,1685,15,252.75,1432.25,3
ITEM008853,ORD01286,PROD0052,Haircare,Nykaa Cosmetics,1,915,30,274.5,640.5,5
ITEM008854,ORD00269,PROD0039,Makeup,Nykaa Cosmetics,1,864,0,0,864,5
ITEM008855,ORD04789,PROD0055,Haircare,Minimalist,1,967,10,96.7,870.3,
ITEM008856,ORD04789,PROD0008,Skincare,Forest Essentials,1,317,15,47.55,269.45,
ITEM008857,ORD04789,PROD0035,Makeup,Sugar Cosmetics,1,526,0,0,526,
ITEM008858,ORD04789,PROD0069,Fragrance,Plum,1,1765,0,0,1765,
ITEM008859,ORD03468,PROD0068,Fragrance,Minimalist,2,1193,15,357.9,2028.1,3
ITEM008860,ORD03468,PROD0018,Skincare,Dot & Key,2,1081,20,432.4,1729.6,5
ITEM008861,ORD03468,PROD0075,Fragrance,Forest Essentials,1,1648,5,82.4,1565.6,4
ITEM008862,ORD01966,PROD0067,Fragrance,Biotique,1,1488,0,0,1488,2
ITEM008863,ORD01171,PROD0069,Fragrance,Plum,1,1765,20,353,1412,
ITEM008864,ORD01171,PROD0084,Bath & Body,Mamaearth,1,750,0,0,750,
ITEM008865,ORD01171,PROD0044,Makeup,Nykaa Cosmetics,2,701,30,420.6,981.4,
ITEM008866,ORD03220,PROD0013,Skincare,Nykaa Cosmetics,3,716,15,322.2,1825.8,3
ITEM008867,ORD04860,PROD0042,Makeup,Sugar Cosmetics,1,647,0,0,647,4
ITEM008868,ORD04860,PROD0058,Haircare,Mamaearth,1,841,10,84.1,756.9,4
ITEM008869,ORD04123,PROD0054,Haircare,Dot & Key,1,181,15,27.15,153.85,5
ITEM008870,ORD04123,PROD0065,Haircare,Forest Essentials,1,334,20,66.8,267.2,5
ITEM008871,ORD04235,PROD0006,Skincare,Nykaa Cosmetics,2,1639,30,983.4,2294.6,5
ITEM008872,ORD02220,PROD0023,Skincare,Biotique,1,1629,5,81.45,1547.55,4
ITEM008873,ORD03615,PROD0089,Bath & Body,Biotique,1,384,10,38.4,345.6,5
ITEM008874,ORD03615,PROD0037,Makeup,Mamaearth,2,209,30,125.4,292.6,5
ITEM008875,ORD03615,PROD0086,Bath & Body,Sugar Cosmetics,3,317,0,0,951,5
ITEM008876,ORD03615,PROD0028,Makeup,L'Oreal Paris,2,844,30,506.4,1181.6,2
ITEM008877,ORD00219,PROD0029,Makeup,Biotique,1,1007,5,50.35,956.65,5
ITEM008878,ORD02652,PROD0030,Makeup,Nykaa Cosmetics,2,946,30,567.6,1324.4,5
ITEM008879,ORD00142,PROD0047,Haircare,Biotique,1,665,0,0,665,1
ITEM008880,ORD04173,PROD0067,Fragrance,Biotique,3,1488,20,892.8,3571.2,4
ITEM008881,ORD01283,PROD0033,Makeup,Mamaearth,1,2384,15,357.6,2026.4,2
ITEM008882,ORD03042,PROD0001,Skincare,Minimalist,2,1006,10,201.2,1810.8,
ITEM008883,ORD03042,PROD0073,Fragrance,Biotique,1,2226,5,111.3,2114.7,
ITEM008884,ORD03042,PROD0028,Makeup,L'Oreal Paris,1,844,30,253.2,590.8,
ITEM008885,ORD03042,PROD0080,Bath & Body,Lakme,3,152,5,22.8,433.2,
ITEM008886,ORD03261,PROD0028,Makeup,L'Oreal Paris,1,844,30,253.2,590.8,4
ITEM008887,ORD03188,PROD0037,Makeup,Mamaearth,2,209,15,62.7,355.3,5
ITEM008888,ORD03188,PROD0088,Bath & Body,Sugar Cosmetics,2,669,10,133.8,1204.2,2
ITEM008889,ORD03350,PROD0067,Fragrance,Biotique,1,1488,20,297.6,1190.4,
ITEM008890,ORD04704,PROD0046,Makeup,The Ordinary,2,532,0,0,1064,4
ITEM008891,ORD04704,PROD0096,Men's Grooming,The Ordinary,1,520,5,26,494,3
ITEM008892,ORD00233,PROD0011,Skincare,Lakme,1,1528,30,458.4,1069.6,5
ITEM008893,ORD00233,PROD0095,Men's Grooming,The Ordinary,1,269,0,0,269,3
ITEM008894,ORD00233,PROD0030,Makeup,Nykaa Cosmetics,1,946,10,94.6,851.4,4
ITEM008895,ORD00233,PROD0078,Fragrance,Forest Essentials,2,1970,30,1182,2758,4
ITEM008896,ORD02274,PROD0010,Skincare,The Ordinary,1,893,30,267.9,625.1,
ITEM008897,ORD03083,PROD0088,Bath & Body,Sugar Cosmetics,1,669,20,133.8,535.2,
ITEM008898,ORD03083,PROD0112,Wellness,NIVEA,2,964,0,0,1928,
ITEM008899,ORD03083,PROD0072,Fragrance,The Ordinary,1,1765,20,353,1412,
ITEM008900,ORD03438,PROD0029,Makeup,Biotique,1,1007,15,151.05,855.95,5
ITEM008901,ORD03438,PROD0017,Skincare,WOW Skin Science,1,1699,0,0,1699,4
ITEM008902,ORD04709,PROD0023,Skincare,Biotique,1,1629,10,162.9,1466.1,2
ITEM008903,ORD04709,PROD0109,Wellness,L'Oreal Paris,1,625,5,31.25,593.75,5
ITEM008904,ORD04709,PROD0002,Skincare,Dot & Key,2,483,0,0,966,3
ITEM008905,ORD04052,PROD0089,Bath & Body,Biotique,1,384,10,38.4,345.6,
ITEM008906,ORD01145,PROD0002,Skincare,Dot & Key,1,483,0,0,483,
ITEM008907,ORD01145,PROD0103,Wellness,Forest Essentials,1,1146,10,114.6,1031.4,
ITEM008908,ORD01145,PROD0011,Skincare,Lakme,3,1528,0,0,4584,
ITEM008909,ORD04765,PROD0112,Wellness,NIVEA,1,964,20,192.8,771.2,5
ITEM008910,ORD04765,PROD0050,Haircare,Nykaa Cosmetics,2,762,0,0,1524,3
ITEM008911,ORD04765,PROD0022,Skincare,MAC,1,1685,30,505.5,1179.5,3
ITEM008912,ORD04765,PROD0069,Fragrance,Plum,1,1765,0,0,1765,4
ITEM008913,ORD04743,PROD0070,Fragrance,NIVEA,3,2241,20,1344.6,5378.4,4
ITEM008914,ORD04743,PROD0094,Men's Grooming,MAC,1,243,0,0,243,1
ITEM008915,ORD04743,PROD0035,Makeup,Sugar Cosmetics,1,526,0,0,526,2
ITEM008916,ORD01694,PROD0094,Men's Grooming,MAC,1,243,0,0,243,5
ITEM008917,ORD01694,PROD0063,Haircare,Mamaearth,1,1105,5,55.25,1049.75,5
ITEM008918,ORD01831,PROD0029,Makeup,Biotique,1,1007,30,302.1,704.9,4
ITEM008919,ORD00531,PROD0040,Makeup,NIVEA,2,681,0,0,1362,5
ITEM008920,ORD00531,PROD0003,Skincare,MAC,1,1606,10,160.6,1445.4,5
ITEM008921,ORD04095,PROD0077,Fragrance,Lakme,1,2406,0,0,2406,3
ITEM008922,ORD04095,PROD0112,Wellness,NIVEA,1,964,0,0,964,5
ITEM008923,ORD04900,PROD0042,Makeup,Sugar Cosmetics,1,647,30,194.1,452.9,5
ITEM008924,ORD04900,PROD0045,Makeup,WOW Skin Science,2,1690,15,507,2873,4
ITEM008925,ORD04900,PROD0012,Skincare,Minimalist,1,428,10,42.8,385.2,2
ITEM008926,ORD01378,PROD0071,Fragrance,Maybelline,1,1416,30,424.8,991.2,3
ITEM008927,ORD03197,PROD0070,Fragrance,NIVEA,3,2241,10,672.3,6050.7,4
ITEM008928,ORD04953,PROD0052,Haircare,Nykaa Cosmetics,3,915,0,0,2745,
ITEM008929,ORD03476,PROD0078,Fragrance,Forest Essentials,1,1970,30,591,1379,5
ITEM008930,ORD03476,PROD0031,Makeup,WOW Skin Science,1,1892,30,567.6,1324.4,4
ITEM008931,ORD03476,PROD0011,Skincare,Lakme,2,1528,0,0,3056,4
ITEM008932,ORD01620,PROD0008,Skincare,Forest Essentials,1,317,30,95.1,221.9,5
ITEM008933,ORD03149,PROD0020,Skincare,Maybelline,2,1237,20,494.8,1979.2,4
ITEM008934,ORD03806,PROD0012,Skincare,Minimalist,1,428,5,21.4,406.6,5
ITEM008935,ORD00220,PROD0027,Makeup,Mamaearth,2,1454,0,0,2908,5
ITEM008936,ORD02370,PROD0109,Wellness,L'Oreal Paris,1,625,0,0,625,4
ITEM008937,ORD02776,PROD0002,Skincare,Dot & Key,1,483,0,0,483,
ITEM008938,ORD04315,PROD0029,Makeup,Biotique,1,1007,30,302.1,704.9,5
ITEM008939,ORD03344,PROD0072,Fragrance,The Ordinary,2,1765,20,706,2824,
ITEM008940,ORD04942,PROD0002,Skincare,Dot & Key,1,483,5,24.15,458.85,5
ITEM008941,ORD02752,PROD0016,Skincare,The Ordinary,1,1150,10,115,1035,5
ITEM008942,ORD02752,PROD0106,Wellness,Forest Essentials,1,762,0,0,762,3
ITEM008943,ORD02942,PROD0029,Makeup,Biotique,1,1007,0,0,1007,3
ITEM008944,ORD01088,PROD0054,Haircare,Dot & Key,1,181,0,0,181,5
ITEM008945,ORD00919,PROD0055,Haircare,Minimalist,1,967,5,48.35,918.65,2
ITEM008946,ORD00919,PROD0049,Haircare,Forest Essentials,1,718,15,107.7,610.3,5
ITEM008947,ORD00919,PROD0087,Bath & Body,Dot & Key,1,222,20,44.4,177.6,3
ITEM008948,ORD00919,PROD0014,Skincare,Sugar Cosmetics,1,1200,15,180,1020,5
ITEM008949,ORD00587,PROD0006,Skincare,Nykaa Cosmetics,1,1639,30,491.7,1147.3,3
ITEM008950,ORD04014,PROD0086,Bath & Body,Sugar Cosmetics,1,317,30,95.1,221.9,4
ITEM008951,ORD04014,PROD0008,Skincare,Forest Essentials,2,317,0,0,634,5
ITEM008952,ORD01168,PROD0019,Skincare,The Ordinary,1,1588,0,0,1588,5
ITEM008953,ORD01011,PROD0008,Skincare,Forest Essentials,1,317,15,47.55,269.45,4
ITEM008954,ORD01530,PROD0022,Skincare,MAC,1,1685,30,505.5,1179.5,
ITEM008955,ORD01530,PROD0025,Skincare,Forest Essentials,2,639,20,255.6,1022.4,
ITEM008956,ORD00934,PROD0007,Skincare,Biotique,1,995,30,298.5,696.5,4
ITEM008957,ORD00934,PROD0053,Haircare,Forest Essentials,1,1102,10,110.2,991.8,3
ITEM008958,ORD01672,PROD0084,Bath & Body,Mamaearth,2,750,5,75,1425,5
ITEM008959,ORD01759,PROD0065,Haircare,Forest Essentials,1,334,20,66.8,267.2,5
ITEM008960,ORD03253,PROD0009,Skincare,NIVEA,2,720,10,144,1296,5
ITEM008961,ORD03253,PROD0097,Men's Grooming,Maybelline,1,369,0,0,369,5
ITEM008962,ORD03253,PROD0100,Men's Grooming,Minimalist,1,156,10,15.6,140.4,3
ITEM008963,ORD03253,PROD0023,Skincare,Biotique,3,1629,15,733.05,4153.95,5
ITEM008964,ORD00633,PROD0012,Skincare,Minimalist,1,428,15,64.2,363.8,4
ITEM008965,ORD00633,PROD0064,Haircare,The Ordinary,1,642,0,0,642,3
ITEM008966,ORD00633,PROD0032,Makeup,Maybelline,3,2207,10,662.1,5958.9,5
ITEM008967,ORD04119,PROD0005,Skincare,Biotique,3,893,0,0,2679,1
ITEM008968,ORD01609,PROD0027,Makeup,Mamaearth,2,1454,0,0,2908,4
ITEM008969,ORD03810,PROD0061,Haircare,L'Oreal Paris,1,466,20,93.2,372.8,3
ITEM008970,ORD03810,PROD0080,Bath & Body,Lakme,2,152,0,0,304,5
ITEM008971,ORD04322,PROD0033,Makeup,Mamaearth,1,2384,5,119.2,2264.8,5
ITEM008972,ORD04322,PROD0037,Makeup,Mamaearth,1,209,10,20.9,188.1,5
ITEM008973,ORD04322,PROD0001,Skincare,Minimalist,1,1006,20,201.2,804.8,5
ITEM008974,ORD02617,PROD0062,Haircare,WOW Skin Science,1,769,5,38.45,730.55,5
ITEM008975,ORD00018,PROD0049,Haircare,Forest Essentials,2,718,10,143.6,1292.4,5
ITEM008976,ORD00018,PROD0018,Skincare,Dot & Key,2,1081,20,432.4,1729.6,5
ITEM008977,ORD00972,PROD0051,Haircare,WOW Skin Science,1,847,15,127.05,719.95,3
ITEM008978,ORD03264,PROD0039,Makeup,Nykaa Cosmetics,1,864,20,172.8,691.2,4
ITEM008979,ORD00770,PROD0105,Wellness,Minimalist,1,1068,20,213.6,854.4,4
ITEM008980,ORD00770,PROD0035,Makeup,Sugar Cosmetics,1,526,0,0,526,4
ITEM008981,ORD00677,PROD0015,Skincare,Biotique,1,1295,5,64.75,1230.25,4
ITEM008982,ORD00677,PROD0028,Makeup,L'Oreal Paris,1,844,0,0,844,5
ITEM008983,ORD00677,PROD0009,Skincare,NIVEA,1,720,15,108,612,5
ITEM008984,ORD00632,PROD0059,Haircare,Minimalist,1,503,20,100.6,402.4,5
ITEM008985,ORD03417,PROD0025,Skincare,Forest Essentials,1,639,5,31.95,607.05,
ITEM008986,ORD02073,PROD0022,Skincare,MAC,1,1685,30,505.5,1179.5,4
ITEM008987,ORD00600,PROD0049,Haircare,Forest Essentials,1,718,5,35.9,682.1,5
ITEM008988,ORD02281,PROD0087,Bath & Body,Dot & Key,1,222,20,44.4,177.6,5
ITEM008989,ORD02693,PROD0040,Makeup,NIVEA,3,681,30,612.9,1430.1,4
ITEM008990,ORD04373,PROD0010,Skincare,The Ordinary,1,893,0,0,893,5
ITEM008991,ORD02032,PROD0049,Haircare,Forest Essentials,1,718,5,35.9,682.1,5
ITEM008992,ORD02032,PROD0089,Bath & Body,Biotique,1,384,30,115.2,268.8,5
ITEM008993,ORD04938,PROD0111,Wellness,Maybelline,3,489,0,0,1467,5
ITEM008994,ORD02419,PROD0088,Bath & Body,Sugar Cosmetics,1,669,10,66.9,602.1,5
ITEM008995,ORD02419,PROD0050,Haircare,Nykaa Cosmetics,2,762,20,304.8,1219.2,4
ITEM008996,ORD02419,PROD0105,Wellness,Minimalist,1,1068,10,106.8,961.2,4
ITEM008997,ORD02419,PROD0006,Skincare,Nykaa Cosmetics,1,1639,5,81.95,1557.05,3
ITEM008998,ORD03094,PROD0101,Wellness,Mamaearth,1,930,0,0,930,
ITEM008999,ORD01954,PROD0059,Haircare,Minimalist,2,503,15,150.9,855.1,3
ITEM009000,ORD01954,PROD0031,Makeup,WOW Skin Science,1,1892,5,94.6,1797.4,5
ITEM009001,ORD00711,PROD0063,Haircare,Mamaearth,1,1105,30,331.5,773.5,5
ITEM009002,ORD00280,PROD0019,Skincare,The Ordinary,1,1588,10,158.8,1429.2,4
ITEM009003,ORD00280,PROD0035,Makeup,Sugar Cosmetics,2,526,20,210.4,841.6,5
ITEM009004,ORD04144,PROD0026,Makeup,Biotique,1,267,5,13.35,253.65,
ITEM009005,ORD03768,PROD0065,Haircare,Forest Essentials,3,334,10,100.2,901.8,5
ITEM009006,ORD03768,PROD0100,Men's Grooming,Minimalist,1,156,20,31.2,124.8,4
ITEM009007,ORD04943,PROD0067,Fragrance,Biotique,2,1488,15,446.4,2529.6,5
ITEM009008,ORD00110,PROD0096,Men's Grooming,The Ordinary,1,520,5,26,494,5
ITEM009009,ORD00110,PROD0008,Skincare,Forest Essentials,1,317,20,63.4,253.6,5
ITEM009010,ORD04817,PROD0079,Bath & Body,L'Oreal Paris,1,653,0,0,653,
ITEM009011,ORD01701,PROD0069,Fragrance,Plum,1,1765,15,264.75,1500.25,4
ITEM009012,ORD01701,PROD0049,Haircare,Forest Essentials,1,718,5,35.9,682.1,5
ITEM009013,ORD03567,PROD0039,Makeup,Nykaa Cosmetics,1,864,0,0,864,
ITEM009014,ORD03567,PROD0041,Makeup,Mamaearth,1,1516,5,75.8,1440.2,
ITEM009015,ORD03077,PROD0024,Skincare,MAC,2,900,0,0,1800,2
ITEM009016,ORD03077,PROD0080,Bath & Body,Lakme,1,152,20,30.4,121.6,4
ITEM009017,ORD02944,PROD0033,Makeup,Mamaearth,1,2384,0,0,2384,
ITEM009018,ORD00153,PROD0073,Fragrance,Biotique,1,2226,0,0,2226,3
ITEM009019,ORD03870,PROD0070,Fragrance,NIVEA,1,2241,30,672.3,1568.7,4
ITEM009020,ORD03870,PROD0012,Skincare,Minimalist,1,428,10,42.8,385.2,4
ITEM009021,ORD00157,PROD0069,Fragrance,Plum,2,1765,20,706,2824,1
ITEM009022,ORD00157,PROD0066,Fragrance,Forest Essentials,1,2975,0,0,2975,5
ITEM009023,ORD01350,PROD0101,Wellness,Mamaearth,1,930,0,0,930,
ITEM009024,ORD01350,PROD0094,Men's Grooming,MAC,1,243,15,36.45,206.55,
ITEM009025,ORD01662,PROD0111,Wellness,Maybelline,3,489,30,440.1,1026.9,
ITEM009026,ORD01662,PROD0071,Fragrance,Maybelline,1,1416,0,0,1416,
ITEM009027,ORD02025,PROD0002,Skincare,Dot & Key,1,483,0,0,483,3
ITEM009028,ORD04818,PROD0071,Fragrance,Maybelline,2,1416,10,283.2,2548.8,5
ITEM009029,ORD01630,PROD0021,Skincare,Biotique,1,869,10,86.9,782.1,5
ITEM009030,ORD00672,PROD0105,Wellness,Minimalist,1,1068,10,106.8,961.2,4
ITEM009031,ORD00672,PROD0029,Makeup,Biotique,3,1007,30,906.3,2114.7,5
ITEM009032,ORD03856,PROD0082,Bath & Body,Sugar Cosmetics,2,621,15,186.3,1055.7,4
ITEM009033,ORD03856,PROD0033,Makeup,Mamaearth,1,2384,0,0,2384,3
ITEM009034,ORD03856,PROD0065,Haircare,Forest Essentials,1,334,0,0,334,5
ITEM009035,ORD03856,PROD0111,Wellness,Maybelline,1,489,20,97.8,391.2,5
ITEM009036,ORD02894,PROD0082,Bath & Body,Sugar Cosmetics,1,621,30,186.3,434.7,
ITEM009037,ORD02894,PROD0009,Skincare,NIVEA,1,720,0,0,720,
ITEM009038,ORD03272,PROD0104,Wellness,Nykaa Cosmetics,2,1259,0,0,2518,5
ITEM009039,ORD03272,PROD0091,Men's Grooming,WOW Skin Science,1,530,5,26.5,503.5,5
ITEM009040,ORD04848,PROD0003,Skincare,MAC,1,1606,10,160.6,1445.4,3
ITEM009041,ORD04837,PROD0012,Skincare,Minimalist,2,428,15,128.4,727.6,5
ITEM009042,ORD02201,PROD0007,Skincare,Biotique,3,995,15,447.75,2537.25,
ITEM009043,ORD02201,PROD0081,Bath & Body,L'Oreal Paris,1,767,10,76.7,690.3,
ITEM009044,ORD02867,PROD0112,Wellness,NIVEA,2,964,15,289.2,1638.8,5
ITEM009045,ORD02867,PROD0025,Skincare,Forest Essentials,1,639,10,63.9,575.1,4
ITEM009046,ORD02867,PROD0062,Haircare,WOW Skin Science,1,769,20,153.8,615.2,4
ITEM009047,ORD01038,PROD0014,Skincare,Sugar Cosmetics,2,1200,30,720,1680,2
ITEM009048,ORD00889,PROD0022,Skincare,MAC,3,1685,0,0,5055,4
ITEM009049,ORD04383,PROD0081,Bath & Body,L'Oreal Paris,2,767,20,306.8,1227.2,5
ITEM009050,ORD04383,PROD0075,Fragrance,Forest Essentials,1,1648,10,164.8,1483.2,4
ITEM009051,ORD04795,PROD0112,Wellness,NIVEA,1,964,0,0,964,5
ITEM009052,ORD03458,PROD0033,Makeup,Mamaearth,1,2384,30,715.2,1668.8,1
ITEM009053,ORD01814,PROD0110,Wellness,Nykaa Cosmetics,3,1400,10,420,3780,
ITEM009054,ORD01814,PROD0017,Skincare,WOW Skin Science,1,1699,20,339.8,1359.2,
ITEM009055,ORD01814,PROD0036,Makeup,Dot & Key,2,988,15,296.4,1679.6,
ITEM009056,ORD01814,PROD0092,Men's Grooming,Lakme,1,463,20,92.6,370.4,
ITEM009057,ORD01675,PROD0047,Haircare,Biotique,2,665,20,266,1064,
ITEM009058,ORD02561,PROD0060,Haircare,Plum,1,512,10,51.2,460.8,4
ITEM009059,ORD02561,PROD0112,Wellness,NIVEA,1,964,0,0,964,4
ITEM009060,ORD02561,PROD0071,Fragrance,Maybelline,1,1416,0,0,1416,4
ITEM009061,ORD02985,PROD0042,Makeup,Sugar Cosmetics,1,647,15,97.05,549.95,3
ITEM009062,ORD02985,PROD0105,Wellness,Minimalist,1,1068,10,106.8,961.2,4
ITEM009063,ORD02985,PROD0034,Makeup,WOW Skin Science,1,2004,10,200.4,1803.6,5
ITEM009064,ORD02985,PROD0088,Bath & Body,Sugar Cosmetics,2,669,0,0,1338,5
ITEM009065,ORD03608,PROD0108,Wellness,The Ordinary,1,945,15,141.75,803.25,
ITEM009066,ORD02516,PROD0080,Bath & Body,Lakme,1,152,0,0,152,5
ITEM009067,ORD02516,PROD0109,Wellness,L'Oreal Paris,1,625,20,125,500,4
ITEM009068,ORD02516,PROD0042,Makeup,Sugar Cosmetics,1,647,5,32.35,614.65,5
ITEM009069,ORD01380,PROD0055,Haircare,Minimalist,2,967,0,0,1934,3
ITEM009070,ORD03919,PROD0109,Wellness,L'Oreal Paris,1,625,20,125,500,5
ITEM009071,ORD03919,PROD0042,Makeup,Sugar Cosmetics,1,647,30,194.1,452.9,5
ITEM009072,ORD03919,PROD0107,Wellness,Sugar Cosmetics,1,1156,0,0,1156,3
ITEM009073,ORD03635,PROD0028,Makeup,L'Oreal Paris,1,844,30,253.2,590.8,
ITEM009074,ORD03635,PROD0010,Skincare,The Ordinary,1,893,10,89.3,803.7,
ITEM009075,ORD03635,PROD0099,Men's Grooming,Forest Essentials,1,554,0,0,554,
ITEM009076,ORD03635,PROD0049,Haircare,Forest Essentials,1,718,0,0,718,
ITEM009077,ORD04929,PROD0077,Fragrance,Lakme,1,2406,5,120.3,2285.7,4
ITEM009078,ORD00704,PROD0109,Wellness,L'Oreal Paris,1,625,0,0,625,
ITEM009079,ORD00704,PROD0110,Wellness,Nykaa Cosmetics,3,1400,15,630,3570,
ITEM009080,ORD00704,PROD0026,Makeup,Biotique,1,267,30,80.1,186.9,
ITEM009081,ORD04997,PROD0047,Haircare,Biotique,2,665,20,266,1064,3
ITEM009082,ORD04997,PROD0075,Fragrance,Forest Essentials,1,1648,10,164.8,1483.2,3
ITEM009083,ORD04997,PROD0043,Makeup,WOW Skin Science,2,1330,5,133,2527,2
ITEM009084,ORD04997,PROD0097,Men's Grooming,Maybelline,1,369,0,0,369,4
ITEM009085,ORD00747,PROD0091,Men's Grooming,WOW Skin Science,3,530,30,477,1113,
ITEM009086,ORD00747,PROD0078,Fragrance,Forest Essentials,1,1970,0,0,1970,
ITEM009087,ORD00747,PROD0012,Skincare,Minimalist,1,428,0,0,428,
ITEM009088,ORD03265,PROD0039,Makeup,Nykaa Cosmetics,1,864,10,86.4,777.6,5
ITEM009089,ORD03265,PROD0104,Wellness,Nykaa Cosmetics,1,1259,0,0,1259,5
ITEM009090,ORD04324,PROD0038,Makeup,The Ordinary,1,477,0,0,477,3
ITEM009091,ORD04324,PROD0107,Wellness,Sugar Cosmetics,1,1156,0,0,1156,2
ITEM009092,ORD04324,PROD0077,Fragrance,Lakme,1,2406,0,0,2406,5
ITEM009093,ORD00419,PROD0015,Skincare,Biotique,2,1295,15,388.5,2201.5,5
ITEM009094,ORD03312,PROD0057,Haircare,The Ordinary,1,735,5,36.75,698.25,4
ITEM009095,ORD01526,PROD0007,Skincare,Biotique,2,995,10,199,1791,5
ITEM009096,ORD01526,PROD0033,Makeup,Mamaearth,1,2384,5,119.2,2264.8,3
ITEM009097,ORD01526,PROD0085,Bath & Body,Sugar Cosmetics,2,329,30,197.4,460.6,4
ITEM009098,ORD01526,PROD0008,Skincare,Forest Essentials,1,317,0,0,317,4
ITEM009099,ORD01524,PROD0025,Skincare,Forest Essentials,1,639,0,0,639,4
ITEM009100,ORD01524,PROD0045,Makeup,WOW Skin Science,1,1690,15,253.5,1436.5,2
ITEM009101,ORD00407,PROD0079,Bath & Body,L'Oreal Paris,1,653,0,0,653,3
ITEM009102,ORD00407,PROD0086,Bath & Body,Sugar Cosmetics,1,317,5,15.85,301.15,1
ITEM009103,ORD00407,PROD0029,Makeup,Biotique,1,1007,0,0,1007,5
ITEM009104,ORD01214,PROD0093,Men's Grooming,Nykaa Cosmetics,1,245,10,24.5,220.5,
ITEM009105,ORD03673,PROD0089,Bath & Body,Biotique,1,384,10,38.4,345.6,
ITEM009106,ORD00028,PROD0094,Men's Grooming,MAC,1,243,0,0,243,
ITEM009107,ORD00028,PROD0104,Wellness,Nykaa Cosmetics,2,1259,15,377.7,2140.3,
ITEM009108,ORD04550,PROD0053,Haircare,Forest Essentials,1,1102,0,0,1102,
ITEM009109,ORD04550,PROD0063,Haircare,Mamaearth,2,1105,30,663,1547,
ITEM009110,ORD00404,PROD0093,Men's Grooming,Nykaa Cosmetics,3,245,10,73.5,661.5,3
ITEM009111,ORD01164,PROD0062,Haircare,WOW Skin Science,3,769,0,0,2307,
ITEM009112,ORD01106,PROD0097,Men's Grooming,Maybelline,1,369,30,110.7,258.3,4
ITEM009113,ORD01106,PROD0099,Men's Grooming,Forest Essentials,1,554,30,166.2,387.8,5
ITEM009114,ORD01106,PROD0022,Skincare,MAC,2,1685,0,0,3370,5
ITEM009115,ORD00037,PROD0110,Wellness,Nykaa Cosmetics,1,1400,5,70,1330,2
ITEM009116,ORD04471,PROD0021,Skincare,Biotique,2,869,30,521.4,1216.6,3
ITEM009117,ORD04471,PROD0052,Haircare,Nykaa Cosmetics,1,915,0,0,915,3
ITEM009118,ORD04471,PROD0074,Fragrance,NIVEA,1,752,5,37.6,714.4,5
ITEM009119,ORD01449,PROD0103,Wellness,Forest Essentials,3,1146,20,687.6,2750.4,5
ITEM009120,ORD03682,PROD0077,Fragrance,Lakme,2,2406,10,481.2,4330.8,4
ITEM009121,ORD01977,PROD0061,Haircare,L'Oreal Paris,3,466,0,0,1398,5
ITEM009122,ORD03140,PROD0053,Haircare,Forest Essentials,1,1102,15,165.3,936.7,4
ITEM009123,ORD03140,PROD0025,Skincare,Forest Essentials,3,639,0,0,1917,5
ITEM009124,ORD03140,PROD0063,Haircare,Mamaearth,2,1105,5,110.5,2099.5,5
ITEM009125,ORD01173,PROD0103,Wellness,Forest Essentials,1,1146,10,114.6,1031.4,
ITEM009126,ORD01080,PROD0105,Wellness,Minimalist,1,1068,30,320.4,747.6,4
ITEM009127,ORD01080,PROD0035,Makeup,Sugar Cosmetics,2,526,5,52.6,999.4,4
ITEM009128,ORD01080,PROD0057,Haircare,The Ordinary,1,735,0,0,735,5
ITEM009129,ORD01080,PROD0032,Makeup,Maybelline,1,2207,15,331.05,1875.95,4
ITEM009130,ORD04716,PROD0030,Makeup,Nykaa Cosmetics,1,946,15,141.9,804.1,
ITEM009131,ORD04716,PROD0020,Skincare,Maybelline,1,1237,20,247.4,989.6,
ITEM009132,ORD02131,PROD0027,Makeup,Mamaearth,1,1454,15,218.1,1235.9,
ITEM009133,ORD02131,PROD0094,Men's Grooming,MAC,1,243,20,48.6,194.4,
ITEM009134,ORD02134,PROD0109,Wellness,L'Oreal Paris,1,625,15,93.75,531.25,3
ITEM009135,ORD02134,PROD0097,Men's Grooming,Maybelline,1,369,15,55.35,313.65,5
ITEM009136,ORD02134,PROD0079,Bath & Body,L'Oreal Paris,1,653,0,0,653,5
ITEM009137,ORD03472,PROD0010,Skincare,The Ordinary,1,893,20,178.6,714.4,5
ITEM009138,ORD03472,PROD0109,Wellness,L'Oreal Paris,1,625,20,125,500,5
ITEM009139,ORD00019,PROD0039,Makeup,Nykaa Cosmetics,1,864,20,172.8,691.2,4
ITEM009140,ORD00019,PROD0064,Haircare,The Ordinary,1,642,5,32.1,609.9,4
ITEM009141,ORD00019,PROD0022,Skincare,MAC,1,1685,10,168.5,1516.5,4
ITEM009142,ORD00019,PROD0082,Bath & Body,Sugar Cosmetics,1,621,20,124.2,496.8,5
ITEM009143,ORD03771,PROD0040,Makeup,NIVEA,2,681,5,68.1,1293.9,
ITEM009144,ORD04560,PROD0016,Skincare,The Ordinary,1,1150,5,57.5,1092.5,
ITEM009145,ORD04560,PROD0075,Fragrance,Forest Essentials,1,1648,0,0,1648,
ITEM009146,ORD04560,PROD0066,Fragrance,Forest Essentials,3,2975,20,1785,7140,
ITEM009147,ORD03799,PROD0041,Makeup,Mamaearth,2,1516,20,606.4,2425.6,4
ITEM009148,ORD00161,PROD0040,Makeup,NIVEA,2,681,20,272.4,1089.6,4
ITEM009149,ORD00161,PROD0094,Men's Grooming,MAC,1,243,0,0,243,2
ITEM009150,ORD02884,PROD0078,Fragrance,Forest Essentials,1,1970,20,394,1576,3
ITEM009151,ORD02884,PROD0063,Haircare,Mamaearth,2,1105,5,110.5,2099.5,4
ITEM009152,ORD02884,PROD0048,Haircare,Maybelline,1,775,5,38.75,736.25,4
ITEM009153,ORD04354,PROD0091,Men's Grooming,WOW Skin Science,1,530,30,159,371,5
ITEM009154,ORD04461,PROD0055,Haircare,Minimalist,1,967,5,48.35,918.65,
ITEM009155,ORD03274,PROD0018,Skincare,Dot & Key,1,1081,15,162.15,918.85,5
ITEM009156,ORD01654,PROD0007,Skincare,Biotique,1,995,10,99.5,895.5,3
ITEM009157,ORD04375,PROD0086,Bath & Body,Sugar Cosmetics,2,317,15,95.1,538.9,4
ITEM009158,ORD04375,PROD0062,Haircare,WOW Skin Science,1,769,10,76.9,692.1,4
ITEM009159,ORD02830,PROD0071,Fragrance,Maybelline,1,1416,20,283.2,1132.8,5
ITEM009160,ORD04787,PROD0031,Makeup,WOW Skin Science,1,1892,30,567.6,1324.4,5
ITEM009161,ORD02205,PROD0042,Makeup,Sugar Cosmetics,1,647,30,194.1,452.9,
ITEM009162,ORD03373,PROD0094,Men's Grooming,MAC,1,243,5,12.15,230.85,2
ITEM009163,ORD03373,PROD0104,Wellness,Nykaa Cosmetics,1,1259,15,188.85,1070.15,5
ITEM009164,ORD03373,PROD0023,Skincare,Biotique,2,1629,15,488.7,2769.3,5
ITEM009165,ORD03796,PROD0092,Men's Grooming,Lakme,1,463,0,0,463,5
ITEM009166,ORD03796,PROD0011,Skincare,Lakme,2,1528,0,0,3056,5
ITEM009167,ORD03796,PROD0063,Haircare,Mamaearth,1,1105,5,55.25,1049.75,4
ITEM009168,ORD03796,PROD0030,Makeup,Nykaa Cosmetics,1,946,5,47.3,898.7,5
ITEM009169,ORD02492,PROD0044,Makeup,Nykaa Cosmetics,1,701,5,35.05,665.95,4
ITEM009170,ORD03478,PROD0047,Haircare,Biotique,1,665,0,0,665,3
ITEM009171,ORD03478,PROD0017,Skincare,WOW Skin Science,1,1699,10,169.9,1529.1,5
ITEM009172,ORD04670,PROD0106,Wellness,Forest Essentials,1,762,15,114.3,647.7,1
ITEM009173,ORD04713,PROD0025,Skincare,Forest Essentials,1,639,30,191.7,447.3,
ITEM009174,ORD04713,PROD0001,Skincare,Minimalist,2,1006,0,0,2012,
ITEM009175,ORD02319,PROD0006,Skincare,Nykaa Cosmetics,2,1639,0,0,3278,3
ITEM009176,ORD01916,PROD0040,Makeup,NIVEA,1,681,5,34.05,646.95,
ITEM009177,ORD03649,PROD0052,Haircare,Nykaa Cosmetics,2,915,15,274.5,1555.5,5
ITEM009178,ORD04524,PROD0103,Wellness,Forest Essentials,1,1146,5,57.3,1088.7,
ITEM009179,ORD04524,PROD0001,Skincare,Minimalist,1,1006,5,50.3,955.7,
ITEM009180,ORD02908,PROD0070,Fragrance,NIVEA,1,2241,0,0,2241,4
ITEM009181,ORD02908,PROD0094,Men's Grooming,MAC,1,243,15,36.45,206.55,1
ITEM009182,ORD02908,PROD0008,Skincare,Forest Essentials,1,317,30,95.1,221.9,2
ITEM009183,ORD03537,PROD0112,Wellness,NIVEA,2,964,15,289.2,1638.8,5
ITEM009184,ORD02582,PROD0112,Wellness,NIVEA,1,964,30,289.2,674.8,
ITEM009185,ORD04134,PROD0028,Makeup,L'Oreal Paris,2,844,0,0,1688,
ITEM009186,ORD04134,PROD0057,Haircare,The Ordinary,1,735,30,220.5,514.5,
ITEM009187,ORD02770,PROD0070,Fragrance,NIVEA,1,2241,10,224.1,2016.9,3
ITEM009188,ORD02770,PROD0011,Skincare,Lakme,1,1528,0,0,1528,5
ITEM009189,ORD03320,PROD0092,Men's Grooming,Lakme,1,463,15,69.45,393.55,3
ITEM009190,ORD03320,PROD0100,Men's Grooming,Minimalist,1,156,10,15.6,140.4,5
ITEM009191,ORD03320,PROD0070,Fragrance,NIVEA,1,2241,0,0,2241,1
ITEM009192,ORD03320,PROD0008,Skincare,Forest Essentials,2,317,0,0,634,5
ITEM009193,ORD04347,PROD0033,Makeup,Mamaearth,1,2384,10,238.4,2145.6,
ITEM009194,ORD00380,PROD0056,Haircare,MAC,1,1009,15,151.35,857.65,5
ITEM009195,ORD03245,PROD0057,Haircare,The Ordinary,2,735,0,0,1470,4
ITEM009196,ORD03245,PROD0112,Wellness,NIVEA,2,964,5,96.4,1831.6,5
ITEM009197,ORD03245,PROD0110,Wellness,Nykaa Cosmetics,1,1400,15,210,1190,4
ITEM009198,ORD00375,PROD0098,Men's Grooming,The Ordinary,1,241,20,48.2,192.8,4
ITEM009199,ORD01126,PROD0041,Makeup,Mamaearth,1,1516,5,75.8,1440.2,4
ITEM009200,ORD04067,PROD0091,Men's Grooming,WOW Skin Science,2,530,20,212,848,3
ITEM009201,ORD04067,PROD0073,Fragrance,Biotique,1,2226,30,667.8,1558.2,1
ITEM009202,ORD04379,PROD0027,Makeup,Mamaearth,3,1454,10,436.2,3925.8,
ITEM009203,ORD02745,PROD0095,Men's Grooming,The Ordinary,1,269,0,0,269,5
ITEM009204,ORD02745,PROD0061,Haircare,L'Oreal Paris,2,466,5,46.6,885.4,4
ITEM009205,ORD03002,PROD0111,Wellness,Maybelline,1,489,10,48.9,440.1,3
ITEM009206,ORD03002,PROD0081,Bath & Body,L'Oreal Paris,1,767,0,0,767,4
ITEM009207,ORD03959,PROD0057,Haircare,The Ordinary,1,735,30,220.5,514.5,5
ITEM009208,ORD03959,PROD0045,Makeup,WOW Skin Science,1,1690,15,253.5,1436.5,4
ITEM009209,ORD03959,PROD0037,Makeup,Mamaearth,1,209,30,62.7,146.3,5
ITEM009210,ORD01912,PROD0086,Bath & Body,Sugar Cosmetics,1,317,5,15.85,301.15,
ITEM009211,ORD01912,PROD0016,Skincare,The Ordinary,2,1150,20,460,1840,
ITEM009212,ORD03504,PROD0085,Bath & Body,Sugar Cosmetics,2,329,30,197.4,460.6,5
ITEM009213,ORD03504,PROD0103,Wellness,Forest Essentials,1,1146,20,229.2,916.8,3
ITEM009214,ORD03437,PROD0002,Skincare,Dot & Key,1,483,10,48.3,434.7,5
ITEM009215,ORD01155,PROD0026,Makeup,Biotique,1,267,15,40.05,226.95,5
ITEM009216,ORD01155,PROD0048,Haircare,Maybelline,1,775,0,0,775,5
ITEM009217,ORD04642,PROD0081,Bath & Body,L'Oreal Paris,1,767,15,115.05,651.95,5
ITEM009218,ORD03021,PROD0036,Makeup,Dot & Key,1,988,20,197.6,790.4,5
ITEM009219,ORD03021,PROD0102,Wellness,MAC,1,1278,30,383.4,894.6,4
ITEM009220,ORD03021,PROD0011,Skincare,Lakme,1,1528,10,152.8,1375.2,3
ITEM009221,ORD03021,PROD0020,Skincare,Maybelline,1,1237,0,0,1237,4
ITEM009222,ORD02020,PROD0014,Skincare,Sugar Cosmetics,2,1200,0,0,2400,5
ITEM009223,ORD03521,PROD0104,Wellness,Nykaa Cosmetics,1,1259,0,0,1259,4
ITEM009224,ORD01699,PROD0016,Skincare,The Ordinary,1,1150,20,230,920,
ITEM009225,ORD04350,PROD0026,Makeup,Biotique,1,267,5,13.35,253.65,4
ITEM009226,ORD01656,PROD0068,Fragrance,Minimalist,1,1193,20,238.6,954.4,5
ITEM009227,ORD01725,PROD0038,Makeup,The Ordinary,1,477,10,47.7,429.3,5
ITEM009228,ORD01725,PROD0060,Haircare,Plum,1,512,20,102.4,409.6,5
ITEM009229,ORD01725,PROD0112,Wellness,NIVEA,1,964,15,144.6,819.4,4
ITEM009230,ORD00426,PROD0071,Fragrance,Maybelline,2,1416,5,141.6,2690.4,5
ITEM009231,ORD00426,PROD0012,Skincare,Minimalist,1,428,20,85.6,342.4,5
ITEM009232,ORD00426,PROD0035,Makeup,Sugar Cosmetics,1,526,10,52.6,473.4,2
ITEM009233,ORD04796,PROD0028,Makeup,L'Oreal Paris,1,844,10,84.4,759.6,5
ITEM009234,ORD02579,PROD0050,Haircare,Nykaa Cosmetics,1,762,0,0,762,5
ITEM009235,ORD02579,PROD0049,Haircare,Forest Essentials,1,718,15,107.7,610.3,4
ITEM009236,ORD00944,PROD0094,Men's Grooming,MAC,1,243,5,12.15,230.85,5
ITEM009237,ORD00944,PROD0002,Skincare,Dot & Key,2,483,30,289.8,676.2,3
ITEM009238,ORD02504,PROD0015,Skincare,Biotique,1,1295,0,0,1295,4
ITEM009239,ORD02504,PROD0051,Haircare,WOW Skin Science,1,847,0,0,847,4
ITEM009240,ORD02504,PROD0076,Fragrance,Dot & Key,1,552,20,110.4,441.6,2
ITEM009241,ORD02504,PROD0026,Makeup,Biotique,1,267,0,0,267,5
ITEM009242,ORD00423,PROD0110,Wellness,Nykaa Cosmetics,1,1400,0,0,1400,4
ITEM009243,ORD00423,PROD0095,Men's Grooming,The Ordinary,2,269,30,161.4,376.6,5
ITEM009244,ORD00423,PROD0038,Makeup,The Ordinary,1,477,30,143.1,333.9,5
ITEM009245,ORD04454,PROD0078,Fragrance,Forest Essentials,1,1970,15,295.5,1674.5,2
ITEM009246,ORD00779,PROD0046,Makeup,The Ordinary,1,532,10,53.2,478.8,5
ITEM009247,ORD00779,PROD0067,Fragrance,Biotique,3,1488,5,223.2,4240.8,5
ITEM009248,ORD00779,PROD0106,Wellness,Forest Essentials,2,762,30,457.2,1066.8,2
ITEM009249,ORD00949,PROD0022,Skincare,MAC,1,1685,30,505.5,1179.5,5
ITEM009250,ORD01607,PROD0057,Haircare,The Ordinary,1,735,10,73.5,661.5,5
ITEM009251,ORD01607,PROD0067,Fragrance,Biotique,2,1488,5,148.8,2827.2,4
ITEM009252,ORD01607,PROD0048,Haircare,Maybelline,2,775,15,232.5,1317.5,4
ITEM009253,ORD01607,PROD0004,Skincare,Dot & Key,3,1072,20,643.2,2572.8,3
ITEM009254,ORD00503,PROD0030,Makeup,Nykaa Cosmetics,1,946,10,94.6,851.4,
ITEM009255,ORD04532,PROD0092,Men's Grooming,Lakme,1,463,10,46.3,416.7,5
ITEM009256,ORD03626,PROD0064,Haircare,The Ordinary,1,642,30,192.6,449.4,1
ITEM009257,ORD03797,PROD0047,Haircare,Biotique,1,665,15,99.75,565.25,
ITEM009258,ORD03275,PROD0102,Wellness,MAC,1,1278,30,383.4,894.6,3
ITEM009259,ORD04027,PROD0107,Wellness,Sugar Cosmetics,1,1156,30,346.8,809.2,5
ITEM009260,ORD04027,PROD0039,Makeup,Nykaa Cosmetics,1,864,0,0,864,2
ITEM009261,ORD01149,PROD0034,Makeup,WOW Skin Science,2,2004,0,0,4008,4
ITEM009262,ORD01196,PROD0058,Haircare,Mamaearth,1,841,20,168.2,672.8,5
ITEM009263,ORD01196,PROD0034,Makeup,WOW Skin Science,1,2004,10,200.4,1803.6,5
ITEM009264,ORD00340,PROD0022,Skincare,MAC,1,1685,0,0,1685,5
ITEM009265,ORD00340,PROD0020,Skincare,Maybelline,1,1237,15,185.55,1051.45,4
ITEM009266,ORD00340,PROD0072,Fragrance,The Ordinary,1,1765,20,353,1412,4
ITEM009267,ORD00340,PROD0077,Fragrance,Lakme,1,2406,10,240.6,2165.4,3
ITEM009268,ORD04792,PROD0035,Makeup,Sugar Cosmetics,1,526,20,105.2,420.8,1
ITEM009269,ORD04792,PROD0023,Skincare,Biotique,1,1629,10,162.9,1466.1,5
ITEM009270,ORD00318,PROD0075,Fragrance,Forest Essentials,1,1648,15,247.2,1400.8,5
ITEM009271,ORD00909,PROD0037,Makeup,Mamaearth,1,209,0,0,209,5
ITEM009272,ORD01263,PROD0089,Bath & Body,Biotique,1,384,15,57.6,326.4,5
ITEM009273,ORD01263,PROD0013,Skincare,Nykaa Cosmetics,1,716,15,107.4,608.6,5
ITEM009274,ORD01263,PROD0002,Skincare,Dot & Key,1,483,20,96.6,386.4,3
ITEM009275,ORD01263,PROD0111,Wellness,Maybelline,1,489,20,97.8,391.2,3
ITEM009276,ORD00826,PROD0024,Skincare,MAC,3,900,0,0,2700,5
ITEM009277,ORD00826,PROD0100,Men's Grooming,Minimalist,1,156,10,15.6,140.4,5
ITEM009278,ORD01983,PROD0027,Makeup,Mamaearth,1,1454,5,72.7,1381.3,4
ITEM009279,ORD01983,PROD0090,Men's Grooming,NIVEA,1,842,10,84.2,757.8,5
ITEM009280,ORD01983,PROD0045,Makeup,WOW Skin Science,1,1690,15,253.5,1436.5,3
ITEM009281,ORD00653,PROD0045,Makeup,WOW Skin Science,1,1690,30,507,1183,4
ITEM009282,ORD00653,PROD0046,Makeup,The Ordinary,1,532,30,159.6,372.4,3
ITEM009283,ORD00653,PROD0007,Skincare,Biotique,2,995,0,0,1990,5
ITEM009284,ORD01918,PROD0103,Wellness,Forest Essentials,1,1146,30,343.8,802.2,1
ITEM009285,ORD01918,PROD0052,Haircare,Nykaa Cosmetics,1,915,0,0,915,4
ITEM009286,ORD01918,PROD0038,Makeup,The Ordinary,2,477,10,95.4,858.6,5
ITEM009287,ORD04885,PROD0075,Fragrance,Forest Essentials,1,1648,0,0,1648,5
ITEM009288,ORD03215,PROD0108,Wellness,The Ordinary,1,945,20,189,756,2
ITEM009289,ORD03215,PROD0053,Haircare,Forest Essentials,1,1102,0,0,1102,4
ITEM009290,ORD03215,PROD0088,Bath & Body,Sugar Cosmetics,1,669,10,66.9,602.1,5
ITEM009291,ORD03994,PROD0015,Skincare,Biotique,2,1295,0,0,2590,
ITEM009292,ORD03994,PROD0022,Skincare,MAC,1,1685,15,252.75,1432.25,
ITEM009293,ORD03994,PROD0032,Makeup,Maybelline,3,2207,30,1986.3,4634.7,
ITEM009294,ORD04179,PROD0089,Bath & Body,Biotique,2,384,15,115.2,652.8,3
ITEM009295,ORD03466,PROD0103,Wellness,Forest Essentials,1,1146,10,114.6,1031.4,5
ITEM009296,ORD03466,PROD0041,Makeup,Mamaearth,2,1516,20,606.4,2425.6,5
ITEM009297,ORD04935,PROD0079,Bath & Body,L'Oreal Paris,1,653,10,65.3,587.7,4
ITEM009298,ORD04735,PROD0102,Wellness,MAC,1,1278,10,127.8,1150.2,
ITEM009299,ORD03439,PROD0097,Men's Grooming,Maybelline,1,369,5,18.45,350.55,4
ITEM009300,ORD03439,PROD0037,Makeup,Mamaearth,3,209,10,62.7,564.3,5
ITEM009301,ORD03439,PROD0089,Bath & Body,Biotique,2,384,5,38.4,729.6,5
ITEM009302,ORD03439,PROD0007,Skincare,Biotique,1,995,30,298.5,696.5,3
ITEM009303,ORD02243,PROD0074,Fragrance,NIVEA,1,752,20,150.4,601.6,
ITEM009304,ORD02243,PROD0083,Bath & Body,Minimalist,1,446,30,133.8,312.2,
ITEM009305,ORD02243,PROD0016,Skincare,The Ordinary,2,1150,0,0,2300,
ITEM009306,ORD00424,PROD0108,Wellness,The Ordinary,1,945,10,94.5,850.5,4
ITEM009307,ORD00424,PROD0062,Haircare,WOW Skin Science,2,769,20,307.6,1230.4,4
ITEM009308,ORD00424,PROD0087,Bath & Body,Dot & Key,2,222,10,44.4,399.6,4
ITEM009309,ORD05000,PROD0017,Skincare,WOW Skin Science,1,1699,5,84.95,1614.05,5
ITEM009310,ORD04266,PROD0073,Fragrance,Biotique,2,2226,20,890.4,3561.6,5
ITEM009311,ORD04266,PROD0002,Skincare,Dot & Key,2,483,20,193.2,772.8,3
ITEM009312,ORD04266,PROD0082,Bath & Body,Sugar Cosmetics,1,621,0,0,621,4
ITEM009313,ORD01527,PROD0037,Makeup,Mamaearth,2,209,0,0,418,5
ITEM009314,ORD01527,PROD0093,Men's Grooming,Nykaa Cosmetics,2,245,20,98,392,3
ITEM009315,ORD01527,PROD0099,Men's Grooming,Forest Essentials,1,554,20,110.8,443.2,5
ITEM009316,ORD01021,PROD0014,Skincare,Sugar Cosmetics,1,1200,15,180,1020,
ITEM009317,ORD01021,PROD0075,Fragrance,Forest Essentials,1,1648,0,0,1648,
ITEM009318,ORD00710,PROD0096,Men's Grooming,The Ordinary,1,520,30,156,364,
ITEM009319,ORD00710,PROD0090,Men's Grooming,NIVEA,1,842,0,0,842,
ITEM009320,ORD02018,PROD0089,Bath & Body,Biotique,2,384,20,153.6,614.4,5
ITEM009321,ORD02018,PROD0020,Skincare,Maybelline,1,1237,30,371.1,865.9,5
ITEM009322,ORD04217,PROD0056,Haircare,MAC,2,1009,0,0,2018,
ITEM009323,ORD04217,PROD0082,Bath & Body,Sugar Cosmetics,1,621,5,31.05,589.95,
ITEM009324,ORD04217,PROD0015,Skincare,Biotique,1,1295,0,0,1295,
ITEM009325,ORD02242,PROD0041,Makeup,Mamaearth,1,1516,15,227.4,1288.6,5
ITEM009326,ORD02242,PROD0084,Bath & Body,Mamaearth,1,750,30,225,525,3
ITEM009327,ORD02242,PROD0071,Fragrance,Maybelline,1,1416,15,212.4,1203.6,5
ITEM009328,ORD02242,PROD0068,Fragrance,Minimalist,2,1193,0,0,2386,3
ITEM009329,ORD03159,PROD0074,Fragrance,NIVEA,1,752,30,225.6,526.4,5
ITEM009330,ORD02192,PROD0048,Haircare,Maybelline,1,775,30,232.5,542.5,4
ITEM009331,ORD02192,PROD0037,Makeup,Mamaearth,1,209,20,41.8,167.2,2
ITEM009332,ORD02192,PROD0053,Haircare,Forest Essentials,1,1102,5,55.1,1046.9,5
ITEM009333,ORD01748,PROD0070,Fragrance,NIVEA,1,2241,0,0,2241,4
ITEM009334,ORD02786,PROD0100,Men's Grooming,Minimalist,3,156,10,46.8,421.2,5
ITEM009335,ORD02786,PROD0080,Bath & Body,Lakme,1,152,0,0,152,3
ITEM009336,ORD04666,PROD0078,Fragrance,Forest Essentials,1,1970,10,197,1773,
ITEM009337,ORD04666,PROD0086,Bath & Body,Sugar Cosmetics,2,317,15,95.1,538.9,
ITEM009338,ORD04666,PROD0026,Makeup,Biotique,1,267,15,40.05,226.95,
ITEM009339,ORD04105,PROD0084,Bath & Body,Mamaearth,2,750,10,150,1350,4
ITEM009340,ORD04105,PROD0055,Haircare,Minimalist,1,967,20,193.4,773.6,5
ITEM009341,ORD04105,PROD0006,Skincare,Nykaa Cosmetics,1,1639,0,0,1639,5
ITEM009342,ORD04105,PROD0068,Fragrance,Minimalist,1,1193,30,357.9,835.1,5
ITEM009343,ORD04110,PROD0107,Wellness,Sugar Cosmetics,1,1156,30,346.8,809.2,3
ITEM009344,ORD04110,PROD0006,Skincare,Nykaa Cosmetics,1,1639,10,163.9,1475.1,1
ITEM009345,ORD04110,PROD0089,Bath & Body,Biotique,1,384,30,115.2,268.8,2
ITEM009346,ORD02804,PROD0031,Makeup,WOW Skin Science,2,1892,15,567.6,3216.4,
ITEM009347,ORD02804,PROD0021,Skincare,Biotique,1,869,5,43.45,825.55,
ITEM009348,ORD02804,PROD0099,Men's Grooming,Forest Essentials,2,554,20,221.6,886.4,
ITEM009349,ORD03341,PROD0048,Haircare,Maybelline,2,775,20,310,1240,5
ITEM009350,ORD01764,PROD0059,Haircare,Minimalist,2,503,10,100.6,905.4,4
ITEM009351,ORD01764,PROD0104,Wellness,Nykaa Cosmetics,2,1259,20,503.6,2014.4,4
ITEM009352,ORD02814,PROD0061,Haircare,L'Oreal Paris,1,466,5,23.3,442.7,
ITEM009353,ORD02814,PROD0042,Makeup,Sugar Cosmetics,1,647,0,0,647,
ITEM009354,ORD02814,PROD0097,Men's Grooming,Maybelline,1,369,15,55.35,313.65,
ITEM009355,ORD02814,PROD0025,Skincare,Forest Essentials,1,639,5,31.95,607.05,
ITEM009356,ORD03691,PROD0102,Wellness,MAC,2,1278,20,511.2,2044.8,5
ITEM009357,ORD04142,PROD0017,Skincare,WOW Skin Science,1,1699,15,254.85,1444.15,4
ITEM009358,ORD04408,PROD0025,Skincare,Forest Essentials,2,639,15,191.7,1086.3,5
ITEM009359,ORD04408,PROD0007,Skincare,Biotique,1,995,15,149.25,845.75,3
ITEM009360,ORD04408,PROD0087,Bath & Body,Dot & Key,1,222,10,22.2,199.8,4
ITEM009361,ORD02464,PROD0092,Men's Grooming,Lakme,1,463,20,92.6,370.4,4
ITEM009362,ORD02464,PROD0073,Fragrance,Biotique,1,2226,5,111.3,2114.7,2
ITEM009363,ORD03105,PROD0042,Makeup,Sugar Cosmetics,1,647,20,129.4,517.6,3
ITEM009364,ORD03105,PROD0087,Bath & Body,Dot & Key,2,222,15,66.6,377.4,4
ITEM009365,ORD00062,PROD0108,Wellness,The Ordinary,1,945,30,283.5,661.5,4
ITEM009366,ORD01422,PROD0108,Wellness,The Ordinary,3,945,0,0,2835,2
ITEM009367,ORD01422,PROD0053,Haircare,Forest Essentials,1,1102,0,0,1102,5
ITEM009368,ORD01422,PROD0095,Men's Grooming,The Ordinary,1,269,0,0,269,2
ITEM009369,ORD01422,PROD0104,Wellness,Nykaa Cosmetics,1,1259,10,125.9,1133.1,5
ITEM009370,ORD04810,PROD0046,Makeup,The Ordinary,1,532,20,106.4,425.6,5
ITEM009371,ORD00070,PROD0028,Makeup,L'Oreal Paris,1,844,0,0,844,5
ITEM009372,ORD00070,PROD0042,Makeup,Sugar Cosmetics,2,647,10,129.4,1164.6,5
ITEM009373,ORD00070,PROD0025,Skincare,Forest Essentials,1,639,10,63.9,575.1,4
ITEM009374,ORD00085,PROD0063,Haircare,Mamaearth,2,1105,0,0,2210,
ITEM009375,ORD02059,PROD0103,Wellness,Forest Essentials,1,1146,0,0,1146,
ITEM009376,ORD02005,PROD0106,Wellness,Forest Essentials,1,762,10,76.2,685.8,5
ITEM009377,ORD02005,PROD0088,Bath & Body,Sugar Cosmetics,1,669,20,133.8,535.2,3
ITEM009378,ORD03252,PROD0078,Fragrance,Forest Essentials,2,1970,20,788,3152,
ITEM009379,ORD03252,PROD0070,Fragrance,NIVEA,1,2241,20,448.2,1792.8,
ITEM009380,ORD03252,PROD0107,Wellness,Sugar Cosmetics,2,1156,30,693.6,1618.4,
ITEM009381,ORD03883,PROD0044,Makeup,Nykaa Cosmetics,1,701,20,140.2,560.8,4
ITEM009382,ORD01561,PROD0049,Haircare,Forest Essentials,1,718,30,215.4,502.6,5
ITEM009383,ORD03179,PROD0068,Fragrance,Minimalist,1,1193,15,178.95,1014.05,4
ITEM009384,ORD02414,PROD0016,Skincare,The Ordinary,1,1150,15,172.5,977.5,
ITEM009385,ORD02414,PROD0008,Skincare,Forest Essentials,1,317,15,47.55,269.45,
ITEM009386,ORD02414,PROD0090,Men's Grooming,NIVEA,1,842,10,84.2,757.8,
ITEM009387,ORD04910,PROD0014,Skincare,Sugar Cosmetics,1,1200,20,240,960,
ITEM009388,ORD02824,PROD0046,Makeup,The Ordinary,2,532,0,0,1064,
ITEM009389,ORD02824,PROD0005,Skincare,Biotique,1,893,30,267.9,625.1,
ITEM009390,ORD02824,PROD0034,Makeup,WOW Skin Science,1,2004,0,0,2004,
ITEM009391,ORD01342,PROD0056,Haircare,MAC,1,1009,20,201.8,807.2,4
ITEM009392,ORD01342,PROD0087,Bath & Body,Dot & Key,1,222,0,0,222,5
ITEM009393,ORD01342,PROD0046,Makeup,The Ordinary,1,532,20,106.4,425.6,3
ITEM009394,ORD04320,PROD0033,Makeup,Mamaearth,2,2384,20,953.6,3814.4,4
ITEM009395,ORD04616,PROD0027,Makeup,Mamaearth,2,1454,15,436.2,2471.8,5
ITEM009396,ORD04616,PROD0090,Men's Grooming,NIVEA,1,842,15,126.3,715.7,2
ITEM009397,ORD04616,PROD0092,Men's Grooming,Lakme,2,463,20,185.2,740.8,5
ITEM009398,ORD02836,PROD0090,Men's Grooming,NIVEA,1,842,20,168.4,673.6,
ITEM009399,ORD01756,PROD0029,Makeup,Biotique,1,1007,0,0,1007,2
ITEM009400,ORD03048,PROD0089,Bath & Body,Biotique,1,384,0,0,384,4
ITEM009401,ORD03048,PROD0034,Makeup,WOW Skin Science,1,2004,20,400.8,1603.2,5
ITEM009402,ORD00548,PROD0081,Bath & Body,L'Oreal Paris,1,767,0,0,767,5
ITEM009403,ORD02639,PROD0088,Bath & Body,Sugar Cosmetics,1,669,0,0,669,3
ITEM009404,ORD02639,PROD0018,Skincare,Dot & Key,2,1081,0,0,2162,4
ITEM009405,ORD03928,PROD0049,Haircare,Forest Essentials,1,718,30,215.4,502.6,5
ITEM009406,ORD03928,PROD0031,Makeup,WOW Skin Science,1,1892,30,567.6,1324.4,5
ITEM009407,ORD02120,PROD0059,Haircare,Minimalist,1,503,5,25.15,477.85,5
ITEM009408,ORD02120,PROD0004,Skincare,Dot & Key,1,1072,5,53.6,1018.4,2
ITEM009409,ORD01471,PROD0061,Haircare,L'Oreal Paris,1,466,5,23.3,442.7,
ITEM009410,ORD01471,PROD0085,Bath & Body,Sugar Cosmetics,1,329,5,16.45,312.55,
ITEM009411,ORD01471,PROD0049,Haircare,Forest Essentials,1,718,10,71.8,646.2,
ITEM009412,ORD04492,PROD0078,Fragrance,Forest Essentials,3,1970,10,591,5319,
ITEM009413,ORD04492,PROD0057,Haircare,The Ordinary,1,735,30,220.5,514.5,
ITEM009414,ORD04492,PROD0103,Wellness,Forest Essentials,1,1146,10,114.6,1031.4,
ITEM009415,ORD01266,PROD0043,Makeup,WOW Skin Science,1,1330,5,66.5,1263.5,
ITEM009416,ORD01266,PROD0102,Wellness,MAC,1,1278,0,0,1278,
ITEM009417,ORD02481,PROD0094,Men's Grooming,MAC,1,243,10,24.3,218.7,4
ITEM009418,ORD02481,PROD0060,Haircare,Plum,1,512,0,0,512,4
ITEM009419,ORD02481,PROD0018,Skincare,Dot & Key,2,1081,0,0,2162,4
ITEM009420,ORD02481,PROD0006,Skincare,Nykaa Cosmetics,1,1639,15,245.85,1393.15,4
ITEM009421,ORD01207,PROD0010,Skincare,The Ordinary,1,893,30,267.9,625.1,4
ITEM009422,ORD03826,PROD0102,Wellness,MAC,2,1278,30,766.8,1789.2,5
ITEM009423,ORD03826,PROD0018,Skincare,Dot & Key,1,1081,5,54.05,1026.95,5
ITEM009424,ORD03826,PROD0069,Fragrance,Plum,2,1765,30,1059,2471,4
ITEM009425,ORD01470,PROD0028,Makeup,L'Oreal Paris,3,844,30,759.6,1772.4,4
ITEM009426,ORD03419,PROD0086,Bath & Body,Sugar Cosmetics,2,317,5,31.7,602.3,5
ITEM009427,ORD03419,PROD0098,Men's Grooming,The Ordinary,2,241,20,96.4,385.6,3
ITEM009428,ORD03419,PROD0044,Makeup,Nykaa Cosmetics,1,701,5,35.05,665.95,5
ITEM009429,ORD01040,PROD0075,Fragrance,Forest Essentials,2,1648,0,0,3296,5
ITEM009430,ORD01040,PROD0015,Skincare,Biotique,3,1295,15,582.75,3302.25,5
ITEM009431,ORD04129,PROD0037,Makeup,Mamaearth,1,209,15,31.35,177.65,5
ITEM009432,ORD00189,PROD0110,Wellness,Nykaa Cosmetics,3,1400,5,210,3990,4
ITEM009433,ORD00189,PROD0037,Makeup,Mamaearth,1,209,0,0,209,5
ITEM009434,ORD00189,PROD0027,Makeup,Mamaearth,1,1454,10,145.4,1308.6,5
ITEM009435,ORD00189,PROD0079,Bath & Body,L'Oreal Paris,1,653,0,0,653,5
ITEM009436,ORD00510,PROD0094,Men's Grooming,MAC,1,243,15,36.45,206.55,5
ITEM009437,ORD01390,PROD0044,Makeup,Nykaa Cosmetics,1,701,10,70.1,630.9,
ITEM009438,ORD01289,PROD0111,Wellness,Maybelline,1,489,0,0,489,5
ITEM009439,ORD01289,PROD0041,Makeup,Mamaearth,1,1516,10,151.6,1364.4,3
ITEM009440,ORD01289,PROD0043,Makeup,WOW Skin Science,1,1330,20,266,1064,5
ITEM009441,ORD02377,PROD0100,Men's Grooming,Minimalist,1,156,15,23.4,132.6,4
ITEM009442,ORD04526,PROD0026,Makeup,Biotique,2,267,30,160.2,373.8,5
ITEM009443,ORD04526,PROD0109,Wellness,L'Oreal Paris,1,625,30,187.5,437.5,5
ITEM009444,ORD03570,PROD0053,Haircare,Forest Essentials,1,1102,15,165.3,936.7,
ITEM009445,ORD03570,PROD0042,Makeup,Sugar Cosmetics,1,647,20,129.4,517.6,
ITEM009446,ORD04060,PROD0065,Haircare,Forest Essentials,1,334,20,66.8,267.2,
ITEM009447,ORD02859,PROD0017,Skincare,WOW Skin Science,1,1699,5,84.95,1614.05,3
ITEM009448,ORD02859,PROD0006,Skincare,Nykaa Cosmetics,1,1639,5,81.95,1557.05,4
ITEM009449,ORD04625,PROD0099,Men's Grooming,Forest Essentials,1,554,0,0,554,4
ITEM009450,ORD04625,PROD0072,Fragrance,The Ordinary,3,1765,5,264.75,5030.25,3
ITEM009451,ORD00777,PROD0074,Fragrance,NIVEA,1,752,0,0,752,
ITEM009452,ORD00777,PROD0050,Haircare,Nykaa Cosmetics,3,762,30,685.8,1600.2,
ITEM009453,ORD00777,PROD0083,Bath & Body,Minimalist,3,446,15,200.7,1137.3,
ITEM009454,ORD04745,PROD0108,Wellness,The Ordinary,1,945,0,0,945,5
ITEM009455,ORD04745,PROD0007,Skincare,Biotique,2,995,30,597,1393,4
ITEM009456,ORD03456,PROD0011,Skincare,Lakme,1,1528,10,152.8,1375.2,3
ITEM009457,ORD02356,PROD0075,Fragrance,Forest Essentials,3,1648,10,494.4,4449.6,4
ITEM009458,ORD03974,PROD0065,Haircare,Forest Essentials,1,334,10,33.4,300.6,2
ITEM009459,ORD04669,PROD0013,Skincare,Nykaa Cosmetics,1,716,15,107.4,608.6,5
ITEM009460,ORD04669,PROD0014,Skincare,Sugar Cosmetics,1,1200,15,180,1020,4
ITEM009461,ORD01264,PROD0081,Bath & Body,L'Oreal Paris,2,767,20,306.8,1227.2,5
ITEM009462,ORD03389,PROD0069,Fragrance,Plum,1,1765,0,0,1765,
ITEM009463,ORD03389,PROD0015,Skincare,Biotique,1,1295,20,259,1036,
ITEM009464,ORD03389,PROD0092,Men's Grooming,Lakme,1,463,5,23.15,439.85,
ITEM009465,ORD01217,PROD0104,Wellness,Nykaa Cosmetics,1,1259,20,251.8,1007.2,
ITEM009466,ORD01217,PROD0067,Fragrance,Biotique,1,1488,0,0,1488,
ITEM009467,ORD04059,PROD0080,Bath & Body,Lakme,1,152,0,0,152,3
ITEM009468,ORD01500,PROD0094,Men's Grooming,MAC,2,243,0,0,486,1
ITEM009469,ORD01500,PROD0016,Skincare,The Ordinary,1,1150,0,0,1150,4
ITEM009470,ORD01025,PROD0107,Wellness,Sugar Cosmetics,1,1156,0,0,1156,
ITEM009471,ORD01025,PROD0033,Makeup,Mamaearth,3,2384,5,357.6,6794.4,
ITEM009472,ORD01122,PROD0020,Skincare,Maybelline,1,1237,15,185.55,1051.45,5
ITEM009473,ORD01122,PROD0053,Haircare,Forest Essentials,3,1102,10,330.6,2975.4,4
ITEM009474,ORD01122,PROD0062,Haircare,WOW Skin Science,1,769,10,76.9,692.1,5
ITEM009475,ORD03196,PROD0016,Skincare,The Ordinary,1,1150,20,230,920,5
ITEM009476,ORD03196,PROD0076,Fragrance,Dot & Key,1,552,0,0,552,5
ITEM009477,ORD03196,PROD0075,Fragrance,Forest Essentials,3,1648,30,1483.2,3460.8,3
ITEM009478,ORD03196,PROD0106,Wellness,Forest Essentials,1,762,5,38.1,723.9,4
ITEM009479,ORD04337,PROD0084,Bath & Body,Mamaearth,3,750,0,0,2250,4
ITEM009480,ORD01469,PROD0079,Bath & Body,L'Oreal Paris,1,653,15,97.95,555.05,
ITEM009481,ORD01816,PROD0091,Men's Grooming,WOW Skin Science,1,530,10,53,477,5
ITEM009482,ORD01816,PROD0092,Men's Grooming,Lakme,1,463,0,0,463,3
ITEM009483,ORD01816,PROD0031,Makeup,WOW Skin Science,1,1892,10,189.2,1702.8,5
ITEM009484,ORD00549,PROD0020,Skincare,Maybelline,1,1237,15,185.55,1051.45,
ITEM009485,ORD03641,PROD0047,Haircare,Biotique,1,665,30,199.5,465.5,
ITEM009486,ORD01850,PROD0032,Makeup,Maybelline,1,2207,10,220.7,1986.3,5
ITEM009487,ORD02350,PROD0049,Haircare,Forest Essentials,1,718,10,71.8,646.2,3
ITEM009488,ORD00848,PROD0070,Fragrance,NIVEA,1,2241,15,336.15,1904.85,
ITEM009489,ORD01120,PROD0055,Haircare,Minimalist,1,967,0,0,967,3
ITEM009490,ORD03943,PROD0032,Makeup,Maybelline,3,2207,30,1986.3,4634.7,3
ITEM009491,ORD03483,PROD0024,Skincare,MAC,1,900,0,0,900,5
ITEM009492,ORD00668,PROD0098,Men's Grooming,The Ordinary,2,241,30,144.6,337.4,
ITEM009493,ORD00668,PROD0063,Haircare,Mamaearth,1,1105,5,55.25,1049.75,
ITEM009494,ORD00436,PROD0088,Bath & Body,Sugar Cosmetics,2,669,10,133.8,1204.2,5
ITEM009495,ORD00436,PROD0087,Bath & Body,Dot & Key,1,222,0,0,222,4
ITEM009496,ORD00436,PROD0012,Skincare,Minimalist,2,428,15,128.4,727.6,5
ITEM009497,ORD00742,PROD0009,Skincare,NIVEA,1,720,10,72,648,
ITEM009498,ORD03330,PROD0026,Makeup,Biotique,1,267,20,53.4,213.6,5
ITEM009499,ORD03330,PROD0096,Men's Grooming,The Ordinary,3,520,5,78,1482,4
ITEM009500,ORD03853,PROD0028,Makeup,L'Oreal Paris,1,844,0,0,844,5
ITEM009501,ORD03853,PROD0024,Skincare,MAC,2,900,20,360,1440,5
ITEM009502,ORD04246,PROD0033,Makeup,Mamaearth,1,2384,30,715.2,1668.8,
ITEM009503,ORD01571,PROD0019,Skincare,The Ordinary,1,1588,0,0,1588,
ITEM009504,ORD00361,PROD0110,Wellness,Nykaa Cosmetics,1,1400,30,420,980,2
ITEM009505,ORD00361,PROD0004,Skincare,Dot & Key,1,1072,0,0,1072,4
ITEM009506,ORD00361,PROD0082,Bath & Body,Sugar Cosmetics,2,621,30,372.6,869.4,5
ITEM009507,ORD02818,PROD0024,Skincare,MAC,1,900,10,90,810,5
ITEM009508,ORD03371,PROD0071,Fragrance,Maybelline,1,1416,0,0,1416,5
ITEM009509,ORD04955,PROD0004,Skincare,Dot & Key,3,1072,15,482.4,2733.6,3
ITEM009510,ORD04955,PROD0058,Haircare,Mamaearth,1,841,20,168.2,672.8,2
ITEM009511,ORD00760,PROD0054,Haircare,Dot & Key,1,181,15,27.15,153.85,3
ITEM009512,ORD04451,PROD0089,Bath & Body,Biotique,1,384,0,0,384,5
ITEM009513,ORD04451,PROD0079,Bath & Body,L'Oreal Paris,2,653,20,261.2,1044.8,2
ITEM009514,ORD03794,PROD0064,Haircare,The Ordinary,2,642,0,0,1284,
ITEM009515,ORD03794,PROD0008,Skincare,Forest Essentials,1,317,0,0,317,
ITEM009516,ORD03794,PROD0089,Bath & Body,Biotique,2,384,20,153.6,614.4,
ITEM009517,ORD03855,PROD0088,Bath & Body,Sugar Cosmetics,2,669,10,133.8,1204.2,5
ITEM009518,ORD03855,PROD0055,Haircare,Minimalist,2,967,20,386.8,1547.2,3
ITEM009519,ORD02380,PROD0055,Haircare,Minimalist,2,967,15,290.1,1643.9,5
ITEM009520,ORD02380,PROD0065,Haircare,Forest Essentials,1,334,10,33.4,300.6,4
ITEM009521,ORD02380,PROD0009,Skincare,NIVEA,1,720,10,72,648,5
ITEM009522,ORD02760,PROD0017,Skincare,WOW Skin Science,1,1699,0,0,1699,5
ITEM009523,ORD02760,PROD0011,Skincare,Lakme,1,1528,20,305.6,1222.4,5
ITEM009524,ORD04710,PROD0060,Haircare,Plum,1,512,5,25.6,486.4,5
ITEM009525,ORD03984,PROD0072,Fragrance,The Ordinary,1,1765,0,0,1765,
ITEM009526,ORD03984,PROD0074,Fragrance,NIVEA,2,752,5,75.2,1428.8,
ITEM009527,ORD03552,PROD0057,Haircare,The Ordinary,2,735,0,0,1470,5
ITEM009528,ORD00268,PROD0077,Fragrance,Lakme,3,2406,0,0,7218,5
ITEM009529,ORD00268,PROD0041,Makeup,Mamaearth,1,1516,5,75.8,1440.2,3
ITEM009530,ORD00268,PROD0110,Wellness,Nykaa Cosmetics,3,1400,0,0,4200,4
